<?xml version="1.0" encoding="utf-8"?>
<COLLADA xmlns="http://www.collada.org/2005/11/COLLADASchema" version="1.4.1" xmlns:xsi="http://www.w3.org/2001/XMLSchema-instance">
  <asset>
    <contributor>
      <author>Blender User</author>
      <authoring_tool>Blender 4.5.3 LTS commit date:2025-09-08, commit time:12:46, hash:67807e1800cc</authoring_tool>
    </contributor>
    <created>2026-07-26T12:20:11</created>
    <modified>2026-07-26T12:20:11</modified>
    <unit name="meter" meter="1"/>
    <up_axis>Z_UP</up_axis>
  </asset>
  <library_effects>
    <effect id="fuselage-effect">
      <profile_COMMON>
        <newparam sid="dsminer_diff_dds-surface">
          <surface type="2D">
            <init_from>dsminer_diff_dds</init_from>
          </surface>
        </newparam>
        <newparam sid="dsminer_diff_dds-sampler">
          <sampler2D>
            <source>dsminer_diff_dds-surface</source>
          </sampler2D>
        </newparam>
        <technique sid="common">
          <lambert>
            <emission>
              <color sid="emission">0 0 0 1</color>
            </emission>
            <diffuse>
              <texture texture="dsminer_diff_dds-sampler" texcoord="gear_front_hi_002-mesh-map-0"/>
            </diffuse>
            <index_of_refraction>
              <float sid="ior">1</float>
            </index_of_refraction>
          </lambert>
        </technique>
      </profile_COMMON>
    </effect>
  </library_effects>
  <library_images>
    <image id="dsminer_diff_dds" name="dsminer_diff_dds">
      <init_from>dsminer_diff.dds</init_from>
    </image>
  </library_images>
  <library_materials>
    <material id="fuselage-material" name="fuselage">
      <instance_effect url="#fuselage-effect"/>
    </material>
  </library_materials>
  <library_geometries>
    <geometry id="gear_front_hi_002-mesh" name="gear_front.hi.002">
      <mesh>
        <source id="gear_front_hi_002-mesh-positions">
          <float_array id="gear_front_hi_002-mesh-positions-array" count="150">-0.305094 -0.5341427 0.2615764 0.2820463 -0.5341427 0.2615764 -0.305094 0.5265665 0.2615765 0.2820462 0.5265665 0.2615765 -0.305788 -0.5344663 1.313694 -0.305788 -1.160853 1.313694 0.2832931 -1.160853 1.313694 0.2832931 -0.5344663 1.313694 -0.3099707 1.167687 1.313694 -0.3099707 0.52764 1.313694 0.2871695 0.52764 1.313694 0.2871695 1.167687 1.313694 -0.202654 -0.6441311 1.313694 -0.202654 -1.051189 1.313694 0.1801584 -1.051189 1.313694 0.1801584 -0.6441311 1.313694 -0.2054256 1.05563 1.313694 -0.2054256 0.6396971 1.313694 0.1826245 0.6396971 1.313694 0.1826245 1.05563 1.313694 -0.202654 -0.6441317 4.259521 -0.202654 -1.051189 4.259521 0.1801584 -1.051189 4.259521 0.1801584 -0.6441317 4.259521 -0.2054256 1.055629 4.259521 -0.2054256 0.6396966 4.259521 0.1826245 0.6396966 4.259521 0.1826245 1.055629 4.259521 1.183304 -1.409114 -2.29574e-7 1.183304 1.409114 2.29574e-7 -1.183304 1.409114 0.2615769 -0.305094 0 0 -0.305094 1.164375 1.89701e-7 -0.305094 1.164375 0.2615768 -0.305094 0.5265654 0 -1.183304 1.409114 2.29574e-7 1.183304 1.409114 0.2615769 -0.305094 -0.5341436 0 -1.183304 -1.409114 -2.29574e-7 -1.183304 -1.409114 0.2615764 -0.305094 -1.161503 -1.89233e-7 -0.305094 -1.161503 0.2615765 1.183304 -1.409114 0.2615764 0.2820462 0 0 0.2820462 1.164375 1.89701e-7 0.2820463 1.164375 0.2615768 0.2820462 0.5265654 0 0.2820462 -0.5341436 0 0.2820462 -1.161503 -1.89233e-7 0.2820463 -1.161503 0.2615765</float_array>
          <technique_common>
            <accessor source="#gear_front_hi_002-mesh-positions-array" count="50" stride="3">
              <param name="X" type="float"/>
              <param name="Y" type="float"/>
              <param name="Z" type="float"/>
            </accessor>
          </technique_common>
        </source>
        <source id="gear_front_hi_002-mesh-normals">
          <float_array id="gear_front_hi_002-mesh-normals-array" count="189">0 -0.9999995 0.001020252 0 0 1 0 1 3.07552e-4 0 1 3.1285e-7 -1 0 0 -4.61324e-7 0 1 0 1 1.84993e-7 1 0 0 0 -1 -2.08567e-7 0 -1 0 0 1 0 0 -3.65316e-7 1 0 1.62921e-7 -1 0 0 -1 1 0 0 0 2.97426e-7 -1 0 3.01634e-7 -1 -1 0 0 0 3.01634e-7 -1 2.54726e-7 0 -1 1.44496e-7 -1.69198e-7 1 -3.42924e-7 0 1 0 2.97426e-7 -1 -2.61411e-7 0 -1 2.54726e-7 0 -1 1.58127e-7 1.42513e-7 1 3.83916e-7 0 1 0 -4.67261e-7 1 0 0 1 -2.61411e-7 0 -1 0 -4.67261e-7 1 0 -0.9999998 6.17751e-4 0.9999882 -2.66466e-7 -0.004869461 0 3.01634e-7 -1 0 2.97426e-7 -1 0.9999993 0 -0.001184999 0 0.9999951 -0.003147602 -0.9999893 0 -0.004635035 -0.9999998 0 -6.59628e-4 0 1.62921e-7 -1 0 -3.61078e-7 1 0 -0.9999995 0.001020252 0 1 3.07571e-4 0 1 3.64992e-7 4.61321e-7 0 1 0 1 2.1142e-7 0 -1 -1.56425e-7 0 -3.65315e-7 1 0 1.6292e-7 -1 1 0 0 0 3.01634e-7 -1 0 1.62921e-7 -1 -1.62277e-7 1.42513e-7 1 -1.40801e-7 -1.69198e-7 1 0 0 1 0 -0.9999998 6.17798e-4 0.9999881 0 -0.004869341 0 1.62921e-7 -1 0 0.9999951 -0.00314784 -0.9999893 0 -0.004635035 -0.9999998 0 -6.59628e-4 0 1.62921e-7 -1 0 -3.61078e-7 1</float_array>
          <technique_common>
            <accessor source="#gear_front_hi_002-mesh-normals-array" count="63" stride="3">
              <param name="X" type="float"/>
              <param name="Y" type="float"/>
              <param name="Z" type="float"/>
            </accessor>
          </technique_common>
        </source>
        <source id="gear_front_hi_002-mesh-map-0">
          <float_array id="gear_front_hi_002-mesh-map-0-array" count="576">0.4336344 0.4043391 0.4401077 0.3949071 0.4401077 0.4043391 0.4257629 0.3949071 0.4336344 0.3924179 0.4336344 0.3949071 0.4181734 0.3949071 0.4257629 0.3924179 0.4257629 0.3949071 0.4257629 0.4043391 0.4181734 0.3949071 0.4257629 0.3949071 0.4181734 0.3924179 0.4257629 0.3665981 0.4257629 0.3924179 0.4401077 0.3924179 0.4453824 0.366598 0.4453824 0.3924179 0.4336344 0.3949071 0.4257629 0.3924179 0.4336344 0.3924179 0.4336344 0.3949071 0.4401077 0.3924179 0.4401077 0.3949071 0.4401077 0.3949071 0.4336344 0.3924179 0.4401077 0.3924179 0.4453824 0.3949071 0.4401077 0.3924179 0.4453824 0.3924179 0.4257629 0.3949071 0.4181734 0.3924179 0.4257629 0.3924179 0.4401077 0.3949071 0.4453824 0.3924179 0.4453824 0.3949071 0.4181735 0.3585279 0.4257629 0.3665981 0.4181734 0.366598 0.4181735 0.3585279 0.4257629 0.3665981 0.4181734 0.366598 0.4401077 0.3924179 0.4453824 0.366598 0.4453824 0.3924179 0.4181734 0.3924179 0.4257629 0.3665981 0.4257629 0.3924179 0.4336344 0.3924179 0.4257629 0.3665981 0.4336344 0.366598 0.4336344 0.3924179 0.4257629 0.3665981 0.4336344 0.366598 0.4336344 0.3924179 0.4401077 0.366598 0.4401077 0.3924179 0.4336344 0.3924179 0.4401077 0.366598 0.4401077 0.3924179 0.6295085 0.3174144 0.6654356 0.3174142 0.6295085 0.3174144 0.6517538 0.3211296 0.6295085 0.3174144 0.6428405 0.3211297 0.6295085 0.3174144 0.6517538 0.3211296 0.6428405 0.3211297 0.6428406 0.3388059 0.6517538 0.3469145 0.6428406 0.3469146 0.6654356 0.3174142 0.6654356 0.3601973 0.6654356 0.3601973 0.6428405 0.3211297 0.6517538 0.3308121 0.6428405 0.3308121 0.6428405 0.3308121 0.6517538 0.3388058 0.6428406 0.3388059 0.6428406 0.3469146 0.6517539 0.3564384 0.6428406 0.3564384 0.6295087 0.3601974 0.6295085 0.3174144 0.6295087 0.3601974 0.6517538 0.3469145 0.6654356 0.3601973 0.6517539 0.3564384 0.6517538 0.3388058 0.6517538 0.3308121 0.6654356 0.3174142 0.6295087 0.3601974 0.6428406 0.3469146 0.6295085 0.3174144 0.6517538 0.3469145 0.6654356 0.3174142 0.6517538 0.3308121 0.6517538 0.3308121 0.6517538 0.3211296 0.6654356 0.3174142 0.6654356 0.3601973 0.6295087 0.3601974 0.6654356 0.3601973 0.6295085 0.3174144 0.6428406 0.3388059 0.6428406 0.3469146 0.6517538 0.3469145 0.6517538 0.3388058 0.6654356 0.3174142 0.6654356 0.3601973 0.6517538 0.3469145 0.6517539 0.3564384 0.6295085 0.3174144 0.6428406 0.3469146 0.6428405 0.3308121 0.6517538 0.3308121 0.6654356 0.3174142 0.6517538 0.3211296 0.6428406 0.3469146 0.6517538 0.3308121 0.6428405 0.3308121 0.6295085 0.3174144 0.6428405 0.3308121 0.6428406 0.3388059 0.6295085 0.3174144 0.6428405 0.3308121 0.6428405 0.3211297 0.4336344 0.4043391 0.4401077 0.3949071 0.4401077 0.4043391 0.4257629 0.4043391 0.4336344 0.3949071 0.4336344 0.4043391 0.6295087 0.3601974 0.6428406 0.3469146 0.6428406 0.3564384 0.6295085 0.3174144 0.6428405 0.3211297 0.6428405 0.3308121 0.4257629 0.4043391 0.4336344 0.3949071 0.4336344 0.4043391 0.4257629 0.4043391 0.4181734 0.3949071 0.4257629 0.3949071 0.4453824 0.4043392 0.4401077 0.3949071 0.4453824 0.3949071 0.4453824 0.4043392 0.4401077 0.3949071 0.4453824 0.3949071 0.6295087 0.3601974 0.6517539 0.3564384 0.6654356 0.3601973 0.6295087 0.3601974 0.6517539 0.3564384 0.6428406 0.3564384 0.4336344 0.4043391 0.4336344 0.3949071 0.4401077 0.3949071 0.4257629 0.3949071 0.4257629 0.3924179 0.4336344 0.3924179 0.4181734 0.3949071 0.4181734 0.3924179 0.4257629 0.3924179 0.4257629 0.4043391 0.4181734 0.4043392 0.4181734 0.3949071 0.4181734 0.3924179 0.4181734 0.366598 0.4257629 0.3665981 0.4401077 0.3924179 0.4401077 0.366598 0.4453824 0.366598 0.4336344 0.3949071 0.4257629 0.3949071 0.4257629 0.3924179 0.4336344 0.3949071 0.4336344 0.3924179 0.4401077 0.3924179 0.4401077 0.3949071 0.4336344 0.3949071 0.4336344 0.3924179 0.4453824 0.3949071 0.4401077 0.3949071 0.4401077 0.3924179 0.4257629 0.3949071 0.4181734 0.3949071 0.4181734 0.3924179 0.4401077 0.3949071 0.4401077 0.3924179 0.4453824 0.3924179 0.4181735 0.3585279 0.425763 0.358528 0.4257629 0.3665981 0.4181735 0.3585279 0.425763 0.358528 0.4257629 0.3665981 0.4401077 0.3924179 0.4401077 0.366598 0.4453824 0.366598 0.4181734 0.3924179 0.4181734 0.366598 0.4257629 0.3665981 0.4336344 0.3924179 0.4257629 0.3924179 0.4257629 0.3665981 0.4336344 0.3924179 0.4257629 0.3924179 0.4257629 0.3665981 0.4336344 0.3924179 0.4336344 0.366598 0.4401077 0.366598 0.4336344 0.3924179 0.4336344 0.366598 0.4401077 0.366598 0.6295085 0.3174144 0.6654356 0.3174142 0.6654356 0.3174142 0.6517538 0.3211296 0.6654356 0.3174142 0.6295085 0.3174144 0.6295085 0.3174144 0.6654356 0.3174142 0.6517538 0.3211296 0.6428406 0.3388059 0.6517538 0.3388058 0.6517538 0.3469145 0.6654356 0.3174142 0.6654356 0.3174142 0.6654356 0.3601973 0.6428405 0.3211297 0.6517538 0.3211296 0.6517538 0.3308121 0.6428405 0.3308121 0.6517538 0.3308121 0.6517538 0.3388058 0.6428406 0.3469146 0.6517538 0.3469145 0.6517539 0.3564384 0.6295087 0.3601974 0.6295085 0.3174144 0.6295085 0.3174144 0.6517538 0.3469145 0.6654356 0.3174142 0.6654356 0.3601973 0.6295087 0.3601974 0.6428406 0.3564384 0.6428406 0.3469146 0.6654356 0.3601973 0.6295087 0.3601974 0.6295087 0.3601974 0.6654356 0.3601973 0.6654356 0.3174142 0.6517538 0.3469145 0.6428406 0.3469146 0.6517538 0.3469145 0.6517538 0.3308121 0.4336344 0.4043391 0.4336344 0.3949071 0.4401077 0.3949071 0.4257629 0.4043391 0.4257629 0.3949071 0.4336344 0.3949071 0.6295087 0.3601974 0.6295085 0.3174144 0.6428406 0.3469146 0.4257629 0.4043391 0.4257629 0.3949071 0.4336344 0.3949071 0.4257629 0.4043391 0.4181734 0.4043392 0.4181734 0.3949071 0.4453824 0.4043392 0.4401077 0.4043391 0.4401077 0.3949071 0.4453824 0.4043392 0.4401077 0.4043391 0.4401077 0.3949071 0.6295087 0.3601974 0.6428406 0.3564384 0.6517539 0.3564384 0.6295087 0.3601974 0.6654356 0.3601973 0.6517539 0.3564384</float_array>
          <technique_common>
            <accessor source="#gear_front_hi_002-mesh-map-0-array" count="288" stride="2">
              <param name="S" type="float"/>
              <param name="T" type="float"/>
            </accessor>
          </technique_common>
        </source>
        <vertices id="gear_front_hi_002-mesh-vertices">
          <input semantic="POSITION" source="#gear_front_hi_002-mesh-positions"/>
        </vertices>
        <triangles material="fuselage-material" count="96">
          <input semantic="VERTEX" source="#gear_front_hi_002-mesh-vertices" offset="0"/>
          <input semantic="NORMAL" source="#gear_front_hi_002-mesh-normals" offset="1"/>
          <input semantic="TEXCOORD" source="#gear_front_hi_002-mesh-map-0" offset="2" set="0"/>
          <p>3 0 0 9 0 1 2 0 2 11 1 3 18 1 4 10 1 5 4 1 6 15 1 7 7 1 8 1 2 9 4 2 10 7 2 11 16 3 12 27 3 13 19 3 14 17 4 15 24 4 16 16 4 17 6 1 18 15 1 19 14 1 20 10 1 21 17 1 22 9 1 23 5 1 24 14 1 25 13 1 26 8 1 27 17 1 28 16 1 29 11 1 30 16 1 31 19 1 32 5 5 33 12 5 34 4 5 35 21 1 36 23 1 37 20 1 38 25 1 39 27 1 40 24 1 41 13 4 42 20 4 43 12 4 44 12 6 45 23 6 46 15 6 47 18 7 48 27 7 49 26 7 50 14 7 51 23 7 52 22 7 53 18 8 54 25 8 55 17 8 56 14 9 57 21 9 58 13 9 59 30 10 60 29 10 61 35 10 62 45 11 63 30 11 64 33 11 65 35 12 66 44 12 67 32 12 68 31 13 69 47 13 70 37 13 71 29 14 72 42 14 73 28 14 74 32 15 75 46 15 76 34 15 77 34 13 78 43 13 79 31 13 80 37 16 81 48 16 82 40 16 83 39 17 84 35 17 85 38 17 86 47 18 87 28 18 88 48 18 89 43 19 90 46 19 91 29 19 92 39 20 93 0 20 94 30 20 95 1 21 96 36 21 97 3 21 98 46 22 99 44 22 100 29 22 101 42 9 102 38 9 103 28 9 104 35 23 105 31 23 106 37 23 107 47 24 108 43 24 109 29 24 110 42 25 111 1 25 112 49 25 113 30 26 114 0 26 115 2 26 116 3 27 117 36 27 118 45 27 119 0 28 120 3 28 121 2 28 122 35 29 123 34 29 124 31 29 125 30 30 126 2 30 127 33 30 128 49 31 129 5 31 130 41 31 131 45 32 132 10 32 133 3 32 134 38 33 135 37 33 136 40 33 137 35 34 138 32 34 139 34 34 140 1 35 141 6 35 142 49 35 143 45 36 144 8 36 145 11 36 146 33 37 147 9 37 148 8 37 149 0 38 150 5 38 151 4 38 152 38 39 153 48 39 154 28 39 155 39 40 156 49 40 157 41 40 158 3 41 159 10 41 160 9 41 161 11 1 162 19 1 163 18 1 164 4 1 165 12 1 166 15 1 167 1 42 168 0 42 169 4 42 170 16 43 171 24 43 172 27 43 173 17 4 174 25 4 175 24 4 176 6 44 177 7 44 178 15 44 179 10 1 180 18 1 181 17 1 182 5 1 183 6 1 184 14 1 185 8 1 186 9 1 187 17 1 188 11 1 189 8 1 190 16 1 191 5 1 192 13 1 193 12 1 194 21 1 195 22 1 196 23 1 197 25 1 198 26 1 199 27 1 200 13 4 201 21 4 202 20 4 203 12 45 204 20 45 205 23 45 206 18 7 207 19 7 208 27 7 209 14 7 210 15 7 211 23 7 212 18 46 213 26 46 214 25 46 215 14 9 216 22 9 217 21 9 218 30 10 219 36 10 220 29 10 221 45 47 222 36 47 223 30 47 224 35 48 225 29 48 226 44 48 227 31 13 228 43 13 229 47 13 230 29 49 231 36 49 232 42 49 233 32 15 234 44 15 235 46 15 236 34 13 237 46 13 238 43 13 239 37 50 240 47 50 241 48 50 242 39 4 243 30 4 244 35 4 245 47 51 246 29 51 247 28 51 248 39 52 249 41 52 250 0 52 251 42 9 252 39 9 253 38 9 254 42 53 255 36 53 256 1 53 257 0 54 258 1 54 259 3 54 260 49 55 261 6 55 262 5 55 263 45 56 264 11 56 265 10 56 266 38 57 267 35 57 268 37 57 269 1 35 270 7 35 271 6 35 272 45 58 273 33 58 274 8 58 275 33 59 276 2 59 277 9 59 278 0 60 279 41 60 280 5 60 281 38 61 282 40 61 283 48 61 284 39 62 285 42 62 286 49 62 287</p>
        </triangles>
      </mesh>
    </geometry>
    <geometry id="gear_back_hi_000-mesh" name="gear_back.hi.000">
      <mesh>
        <source id="gear_back_hi_000-mesh-positions">
          <float_array id="gear_back_hi_000-mesh-positions-array" count="264">4.574262 -20.54326 -4.89308 4.574262 -17.15229 -4.893079 6.641985 -17.15229 -4.893079 6.641985 -20.54326 -4.89308 -4.639668 -18.84778 -4.89308 -4.639668 -17.15229 -4.893079 4.574262 -17.15229 -4.631476 6.641985 -17.15229 -4.631476 6.641985 -20.54326 -4.631477 4.574262 -18.84778 -4.89308 6.641985 -18.84778 -4.89308 4.574262 -20.54326 -4.631477 6.641985 -18.84778 -4.631477 4.574262 -18.84778 -4.631477 5.302306 -19.3823 -4.631477 5.302306 -20.00875 -4.631477 5.891444 -20.00875 -4.631477 5.891444 -19.3823 -4.631477 5.298123 -17.67998 -4.631477 5.298123 -18.32009 -4.631477 5.89532 -18.32009 -4.631477 5.89532 -17.67998 -4.631477 5.302306 -19.3823 -3.579258 5.302306 -20.00875 -3.579258 5.891444 -20.00875 -3.579258 5.891444 -19.3823 -3.579258 5.298123 -17.67998 -3.579258 5.298123 -18.32009 -3.579258 5.89532 -18.32009 -3.579258 5.89532 -17.67998 -3.579258 5.405449 -19.49197 -3.579258 5.405449 -19.89907 -3.579258 5.7883 -19.89907 -3.579258 5.7883 -19.49197 -3.579258 5.402678 -17.79205 -3.579258 5.402678 -18.20802 -3.579258 5.790766 -18.20802 -3.579258 5.790766 -17.79205 -3.579258 5.405449 -19.49197 -0.6331498 5.405449 -19.89907 -0.6331499 5.7883 -19.89907 -0.6331499 5.7883 -19.49197 -0.6331498 5.402678 -17.79205 -0.6331496 5.402678 -18.20802 -0.6331496 5.790766 -18.20802 -0.6331496 5.790766 -17.79205 -0.6331496 -6.707453 -20.54326 -4.89308 -6.707453 -17.15229 -4.893079 -4.639667 -20.54326 -4.89308 -6.707453 -17.15229 -4.631476 -4.63973 -17.15229 -4.631476 -4.63973 -20.54326 -4.631477 -6.707453 -18.84778 -4.89308 -6.707453 -20.54326 -4.631477 -4.63973 -18.84778 -4.631477 -6.707453 -18.84778 -4.631477 -5.979409 -19.3823 -4.631477 -5.979409 -20.00875 -4.631477 -5.390271 -20.00875 -4.631477 -5.390271 -19.3823 -4.631477 -5.983592 -17.67998 -4.631477 -5.983592 -18.32009 -4.631477 -5.386394 -18.32009 -4.631477 -5.386394 -17.67998 -4.631477 -5.979409 -19.3823 -3.579258 -5.979409 -20.00875 -3.579258 -5.390271 -20.00875 -3.579258 -5.390271 -19.3823 -3.579258 -5.983592 -17.67998 -3.579258 -5.983592 -18.32009 -3.579258 -5.386394 -18.32009 -3.579258 -5.386394 -17.67998 -3.579258 -5.876265 -19.49197 -3.579258 -5.876265 -19.89907 -3.579258 -5.493416 -19.89907 -3.579258 -5.493416 -19.49197 -3.579258 -5.879038 -17.79205 -3.579258 -5.879038 -18.20802 -3.579258 -5.49095 -18.20802 -3.579258 -5.49095 -17.79205 -3.579258 -5.876265 -19.49197 -0.6331498 -5.876265 -19.89907 -0.6331499 -5.493416 -19.89907 -0.6331499 -5.493416 -19.49197 -0.6331498 -5.879038 -17.79205 -0.6331496 -5.879038 -18.20802 -0.6331496 -5.49095 -18.20802 -0.6331496 -5.49095 -17.79205 -0.6331496</float_array>
          <technique_common>
            <accessor source="#gear_back_hi_000-mesh-positions-array" count="88" stride="3">
              <param name="X" type="float"/>
              <param name="Y" type="float"/>
              <param name="Z" type="float"/>
            </accessor>
          </technique_common>
        </source>
        <source id="gear_back_hi_000-mesh-normals">
          <float_array id="gear_back_hi_000-mesh-normals-array" count="144">0 0 -1 1 5.37535e-7 2.36958e-4 0 1 0 0 5.62478e-7 -1 -1 0 0 0 -1 0 -1 -2.18184e-7 0 1 0 0 -1.0455e-6 0 1 0 0 1 -7.49433e-7 0 1 7.77053e-7 -5.62478e-7 1 0 -1.80726e-6 1 -8.90608e-7 0 1 1.84492e-6 0 1 8.90599e-7 0 1 0 -2.92826e-7 1 -1 1.82963e-7 0 0 -1.80726e-6 1 -8.90596e-7 0 1 8.90608e-7 0 1 0 -2.92828e-7 1 0 1 1.02216e-5 0 5.62477e-7 -1 1 0 2.36958e-4 1 0 2.40603e-4 0 5.62477e-7 -1 1 0 0 7.72591e-7 0 1 1.01417e-6 0 1 -7.53321e-7 -5.62478e-7 1 0 -1.80727e-6 1 5.48197e-6 0 1 -5.48191e-6 0 1 -1.84496e-6 0 1 0 -2.92825e-7 1 -1 -1.07454e-6 0 1 1.15065e-6 0 1.01417e-6 0 1 -7.53322e-7 -5.62478e-7 1 5.48188e-6 0 1 -5.48197e-6 0 1 -1.84492e-6 0 1 0 -2.92825e-7 1 -1 1.16814e-6 0 1 -1.09203e-6 0 0 5.62477e-7 -1 1 0 2.36958e-4</float_array>
          <technique_common>
            <accessor source="#gear_back_hi_000-mesh-normals-array" count="48" stride="3">
              <param name="X" type="float"/>
              <param name="Y" type="float"/>
              <param name="Z" type="float"/>
            </accessor>
          </technique_common>
        </source>
        <source id="gear_back_hi_000-mesh-map-0">
          <float_array id="gear_back_hi_000-mesh-map-0-array" count="1008">0.4163223 0.3814716 0.4472713 0.4067977 0.4472713 0.3814716 0.4163223 0.3814716 0.4163223 0.4067977 0.4163223 0.3814716 0.4472713 0.3561456 0.4163223 0.3561456 0.4472713 0.3561456 0.4163223 0.3561456 0.4472713 0.3814716 0.4472713 0.3561456 0.4401077 0.4043391 0.4453824 0.3949071 0.4453824 0.4043392 0.4336344 0.4043391 0.4401077 0.3949071 0.4401077 0.4043391 0.4472713 0.3814716 0.4472713 0.3561456 0.4472713 0.3814716 0.4163223 0.3814716 0.4163223 0.4067977 0.4163223 0.3814716 0.4163223 0.4067977 0.4472713 0.4067977 0.4163223 0.4067977 0.4472713 0.4067977 0.4472713 0.3814716 0.4472713 0.4067977 0.4163223 0.3561456 0.4163223 0.3814716 0.4163223 0.3814716 0.4363742 0.3894559 0.4472713 0.4067977 0.4363742 0.3988134 0.4275562 0.3988134 0.4472713 0.4067977 0.4163223 0.4067977 0.4275562 0.389456 0.4163223 0.4067977 0.4163223 0.3814716 0.4275562 0.389456 0.4472713 0.3814716 0.4363742 0.3894559 0.4364368 0.3735893 0.4472713 0.3561456 0.4472713 0.3814716 0.4274982 0.3735893 0.4472713 0.3814716 0.4163223 0.3814716 0.4274982 0.3735893 0.4163223 0.3561456 0.4274982 0.3640278 0.4274982 0.3640278 0.4472713 0.3561456 0.4364368 0.3640278 0.4257629 0.3949071 0.4336344 0.3924179 0.4336344 0.3949071 0.4181734 0.3949071 0.4257629 0.3924179 0.4257629 0.3949071 0.4181734 0.4043392 0.4257629 0.3949071 0.4257629 0.4043391 0.4401077 0.4043391 0.4453824 0.3949071 0.4453824 0.4043392 0.4181734 0.4043392 0.4257629 0.3949071 0.4257629 0.4043391 0.4257629 0.4043391 0.4336344 0.3949071 0.4336344 0.4043391 0.4257629 0.4043391 0.4336344 0.3949071 0.4336344 0.4043391 0.4336344 0.4043391 0.4401077 0.3949071 0.4401077 0.4043391 0.4181734 0.3924179 0.4257629 0.3665981 0.4257629 0.3924179 0.4401077 0.3924179 0.4453824 0.366598 0.4453824 0.3924179 0.4257629 0.3949071 0.4336344 0.3924179 0.4336344 0.3949071 0.4336344 0.3949071 0.4401077 0.3924179 0.4401077 0.3949071 0.4401077 0.3949071 0.4336344 0.3924179 0.4401077 0.3924179 0.4401077 0.3949071 0.4453824 0.3924179 0.4453824 0.3949071 0.4257629 0.3949071 0.4181734 0.3924179 0.4257629 0.3924179 0.4453824 0.3949071 0.4401077 0.3924179 0.4453824 0.3924179 0.4181735 0.3585279 0.4257629 0.3665981 0.4181734 0.366598 0.4181735 0.3585279 0.4257629 0.3665981 0.4181734 0.366598 0.4401077 0.3924179 0.4453824 0.366598 0.4453824 0.3924179 0.4181734 0.3924179 0.4257629 0.3665981 0.4257629 0.3924179 0.4257629 0.3924179 0.4336344 0.366598 0.4336344 0.3924179 0.4257629 0.3924179 0.4336344 0.366598 0.4336344 0.3924179 0.4336344 0.3924179 0.4401077 0.366598 0.4401077 0.3924179 0.4336344 0.3924179 0.4401077 0.366598 0.4401077 0.3924179 0.4401077 0.4043391 0.4453824 0.3949071 0.4453824 0.4043392 0.4336344 0.4043391 0.4401077 0.3949071 0.4401077 0.4043391 0.4472713 0.3814716 0.4472713 0.3561456 0.4472713 0.3814716 0.4163223 0.4067977 0.4472713 0.4067977 0.4163223 0.4067977 0.4472713 0.4067977 0.4472713 0.3814716 0.4472713 0.4067977 0.4363742 0.3894559 0.4472713 0.4067977 0.4363742 0.3988134 0.4275562 0.3988134 0.4472713 0.4067977 0.4163223 0.4067977 0.4275562 0.389456 0.4163223 0.4067977 0.4163223 0.3814716 0.4275562 0.389456 0.4472713 0.3814716 0.4363742 0.3894559 0.4364368 0.3735893 0.4472713 0.3561456 0.4472713 0.3814716 0.4274982 0.3735893 0.4472713 0.3814716 0.4163223 0.3814716 0.4274982 0.3735893 0.4163223 0.3561456 0.4274982 0.3640278 0.4274982 0.3640278 0.4472713 0.3561456 0.4364368 0.3640278 0.4257629 0.3949071 0.4336344 0.3924179 0.4336344 0.3949071 0.4181734 0.3949071 0.4257629 0.3924179 0.4257629 0.3949071 0.4181734 0.4043392 0.4257629 0.3949071 0.4257629 0.4043391 0.4401077 0.4043391 0.4453824 0.3949071 0.4453824 0.4043392 0.4181734 0.4043392 0.4257629 0.3949071 0.4257629 0.4043391 0.4257629 0.4043391 0.4336344 0.3949071 0.4336344 0.4043391 0.4257629 0.4043391 0.4336344 0.3949071 0.4336344 0.4043391 0.4336344 0.4043391 0.4401077 0.3949071 0.4401077 0.4043391 0.4181734 0.3924179 0.4257629 0.3665981 0.4257629 0.3924179 0.4401077 0.3924179 0.4453824 0.366598 0.4453824 0.3924179 0.4257629 0.3949071 0.4336344 0.3924179 0.4336344 0.3949071 0.4401077 0.3949071 0.4336344 0.3924179 0.4401077 0.3924179 0.4401077 0.3949071 0.4336344 0.3924179 0.4401077 0.3924179 0.4401077 0.3949071 0.4453824 0.3924179 0.4453824 0.3949071 0.4181734 0.3949071 0.4257629 0.3924179 0.4257629 0.3949071 0.4453824 0.3949071 0.4401077 0.3924179 0.4453824 0.3924179 0.4181735 0.3585279 0.4257629 0.3665981 0.4181734 0.366598 0.4181735 0.3585279 0.4257629 0.3665981 0.4181734 0.366598 0.4401077 0.3924179 0.4453824 0.366598 0.4453824 0.3924179 0.4181734 0.3924179 0.4257629 0.3665981 0.4257629 0.3924179 0.4257629 0.3924179 0.4336344 0.366598 0.4336344 0.3924179 0.4257629 0.3924179 0.4336344 0.366598 0.4336344 0.3924179 0.4336344 0.3924179 0.4401077 0.366598 0.4401077 0.3924179 0.4336344 0.3924179 0.4401077 0.366598 0.4401077 0.3924179 0.4472713 0.3561456 0.4163223 0.3561456 0.4163223 0.3561456 0.4116084 0.3561452 0.3806588 0.3814716 0.4116084 0.3814716 0.4163223 0.3561456 0.4163223 0.3814716 0.4163223 0.3814716 0.4116084 0.4067981 0.3806588 0.3814716 0.3806588 0.4067981 0.4163223 0.3814716 0.4163223 0.4067977 0.4472713 0.4067977 0.4163223 0.3814716 0.4163223 0.4067977 0.4163223 0.4067977 0.4472713 0.3561456 0.4163223 0.3561456 0.4163223 0.3561456 0.4163223 0.3561456 0.4163223 0.3814716 0.4472713 0.3814716 0.4401077 0.4043391 0.4401077 0.3949071 0.4453824 0.3949071 0.4336344 0.4043391 0.4336344 0.3949071 0.4401077 0.3949071 0.4472713 0.3814716 0.4472713 0.3561456 0.4472713 0.3561456 0.4163223 0.3814716 0.4163223 0.4067977 0.4163223 0.4067977 0.4163223 0.4067977 0.4472713 0.4067977 0.4472713 0.4067977 0.4472713 0.4067977 0.4472713 0.3814716 0.4472713 0.3814716 0.4163223 0.3561456 0.4163223 0.3561456 0.4163223 0.3814716 0.4363742 0.3894559 0.4472713 0.3814716 0.4472713 0.4067977 0.4275562 0.3988134 0.4363742 0.3988134 0.4472713 0.4067977 0.4275562 0.389456 0.4275562 0.3988134 0.4163223 0.4067977 0.4275562 0.389456 0.4163223 0.3814716 0.4472713 0.3814716 0.4364368 0.3735893 0.4364368 0.3640278 0.4472713 0.3561456 0.4274982 0.3735893 0.4364368 0.3735893 0.4472713 0.3814716 0.4274982 0.3735893 0.4163223 0.3814716 0.4163223 0.3561456 0.4274982 0.3640278 0.4163223 0.3561456 0.4472713 0.3561456 0.4257629 0.3949071 0.4257629 0.3924179 0.4336344 0.3924179 0.4181734 0.3949071 0.4181734 0.3924179 0.4257629 0.3924179 0.4181734 0.4043392 0.4181734 0.3949071 0.4257629 0.3949071 0.4401077 0.4043391 0.4401077 0.3949071 0.4453824 0.3949071 0.4181734 0.4043392 0.4181734 0.3949071 0.4257629 0.3949071 0.4257629 0.4043391 0.4257629 0.3949071 0.4336344 0.3949071 0.4257629 0.4043391 0.4257629 0.3949071 0.4336344 0.3949071 0.4336344 0.4043391 0.4336344 0.3949071 0.4401077 0.3949071 0.4181734 0.3924179 0.4181734 0.366598 0.4257629 0.3665981 0.4401077 0.3924179 0.4401077 0.366598 0.4453824 0.366598 0.4257629 0.3949071 0.4257629 0.3924179 0.4336344 0.3924179 0.4336344 0.3949071 0.4336344 0.3924179 0.4401077 0.3924179 0.4401077 0.3949071 0.4336344 0.3949071 0.4336344 0.3924179 0.4401077 0.3949071 0.4401077 0.3924179 0.4453824 0.3924179 0.4257629 0.3949071 0.4181734 0.3949071 0.4181734 0.3924179 0.4453824 0.3949071 0.4401077 0.3949071 0.4401077 0.3924179 0.4181735 0.3585279 0.425763 0.358528 0.4257629 0.3665981 0.4181735 0.3585279 0.425763 0.358528 0.4257629 0.3665981 0.4401077 0.3924179 0.4401077 0.366598 0.4453824 0.366598 0.4181734 0.3924179 0.4181734 0.366598 0.4257629 0.3665981 0.4257629 0.3924179 0.4257629 0.3665981 0.4336344 0.366598 0.4257629 0.3924179 0.4257629 0.3665981 0.4336344 0.366598 0.4336344 0.3924179 0.4336344 0.366598 0.4401077 0.366598 0.4336344 0.3924179 0.4336344 0.366598 0.4401077 0.366598 0.4401077 0.4043391 0.4401077 0.3949071 0.4453824 0.3949071 0.4336344 0.4043391 0.4336344 0.3949071 0.4401077 0.3949071 0.4472713 0.3814716 0.4472713 0.3561456 0.4472713 0.3561456 0.4163223 0.4067977 0.4472713 0.4067977 0.4472713 0.4067977 0.4472713 0.4067977 0.4472713 0.3814716 0.4472713 0.3814716 0.4363742 0.3894559 0.4472713 0.3814716 0.4472713 0.4067977 0.4275562 0.3988134 0.4363742 0.3988134 0.4472713 0.4067977 0.4275562 0.389456 0.4275562 0.3988134 0.4163223 0.4067977 0.4275562 0.389456 0.4163223 0.3814716 0.4472713 0.3814716 0.4364368 0.3735893 0.4364368 0.3640278 0.4472713 0.3561456 0.4274982 0.3735893 0.4364368 0.3735893 0.4472713 0.3814716 0.4274982 0.3735893 0.4163223 0.3814716 0.4163223 0.3561456 0.4274982 0.3640278 0.4163223 0.3561456 0.4472713 0.3561456 0.4257629 0.3949071 0.4257629 0.3924179 0.4336344 0.3924179 0.4181734 0.3949071 0.4181734 0.3924179 0.4257629 0.3924179 0.4181734 0.4043392 0.4181734 0.3949071 0.4257629 0.3949071 0.4401077 0.4043391 0.4401077 0.3949071 0.4453824 0.3949071 0.4181734 0.4043392 0.4181734 0.3949071 0.4257629 0.3949071 0.4257629 0.4043391 0.4257629 0.3949071 0.4336344 0.3949071 0.4257629 0.4043391 0.4257629 0.3949071 0.4336344 0.3949071 0.4336344 0.4043391 0.4336344 0.3949071 0.4401077 0.3949071 0.4181734 0.3924179 0.4181734 0.366598 0.4257629 0.3665981 0.4401077 0.3924179 0.4401077 0.366598 0.4453824 0.366598 0.4257629 0.3949071 0.4257629 0.3924179 0.4336344 0.3924179 0.4401077 0.3949071 0.4336344 0.3949071 0.4336344 0.3924179 0.4401077 0.3949071 0.4336344 0.3949071 0.4336344 0.3924179 0.4401077 0.3949071 0.4401077 0.3924179 0.4453824 0.3924179 0.4181734 0.3949071 0.4181734 0.3924179 0.4257629 0.3924179 0.4453824 0.3949071 0.4401077 0.3949071 0.4401077 0.3924179 0.4181735 0.3585279 0.425763 0.358528 0.4257629 0.3665981 0.4181735 0.3585279 0.425763 0.358528 0.4257629 0.3665981 0.4401077 0.3924179 0.4401077 0.366598 0.4453824 0.366598 0.4181734 0.3924179 0.4181734 0.366598 0.4257629 0.3665981 0.4257629 0.3924179 0.4257629 0.3665981 0.4336344 0.366598 0.4257629 0.3924179 0.4257629 0.3665981 0.4336344 0.366598 0.4336344 0.3924179 0.4336344 0.366598 0.4401077 0.366598 0.4336344 0.3924179 0.4336344 0.366598 0.4401077 0.366598 0.4472713 0.3561456 0.4472713 0.3561456 0.4163223 0.3561456 0.4116084 0.3561452 0.3806588 0.3561452 0.3806588 0.3814716 0.4163223 0.3561456 0.4163223 0.3561456 0.4163223 0.3814716 0.4116084 0.4067981 0.4116084 0.3814716 0.3806588 0.3814716</float_array>
          <technique_common>
            <accessor source="#gear_back_hi_000-mesh-map-0-array" count="504" stride="2">
              <param name="S" type="float"/>
              <param name="T" type="float"/>
            </accessor>
          </technique_common>
        </source>
        <vertices id="gear_back_hi_000-mesh-vertices">
          <input semantic="POSITION" source="#gear_back_hi_000-mesh-positions"/>
        </vertices>
        <triangles material="fuselage-material" count="168">
          <input semantic="VERTEX" source="#gear_back_hi_000-mesh-vertices" offset="0"/>
          <input semantic="NORMAL" source="#gear_back_hi_000-mesh-normals" offset="1"/>
          <input semantic="TEXCOORD" source="#gear_back_hi_000-mesh-map-0" offset="2" set="0"/>
          <p>10 0 0 0 0 1 9 0 2 54 1 3 48 1 4 4 1 5 6 2 6 2 2 7 1 2 8 2 3 9 9 3 10 1 3 11 15 4 12 22 4 13 14 4 14 20 5 15 27 5 16 19 5 17 13 6 18 1 6 19 9 6 20 12 7 21 3 7 22 10 7 23 8 5 24 0 5 25 3 5 26 11 4 27 9 4 28 0 4 29 2 7 30 12 7 31 10 7 32 14 8 33 11 8 34 15 8 35 16 9 36 11 9 37 8 9 38 17 10 39 8 10 40 12 10 41 17 9 42 13 9 43 14 9 44 19 11 45 6 11 46 13 11 47 20 9 48 13 9 49 12 9 50 20 9 51 7 9 52 21 9 53 21 12 54 6 12 55 18 12 56 29 13 57 36 13 58 28 13 59 22 9 60 33 9 61 25 9 62 14 2 63 25 2 64 17 2 65 19 4 66 26 4 67 18 4 68 18 2 69 29 2 70 21 2 71 17 7 72 24 7 73 16 7 74 21 7 75 28 7 76 20 7 77 16 5 78 23 5 79 15 5 80 34 2 81 45 2 82 37 2 83 35 4 84 42 4 85 34 4 86 25 14 87 32 14 88 24 14 89 28 9 90 35 9 91 27 9 92 23 9 93 32 9 94 31 9 95 27 15 96 34 15 97 26 15 98 29 9 99 34 9 100 37 9 101 22 9 102 31 9 103 30 9 104 39 16 105 41 16 106 38 16 107 43 9 108 45 9 109 42 9 110 31 4 111 38 4 112 30 4 113 30 2 114 41 2 115 33 2 116 37 7 117 44 7 118 36 7 119 33 7 120 40 7 121 32 7 122 36 5 123 43 5 124 35 5 125 32 5 126 39 5 127 31 5 128 57 4 129 64 4 130 56 4 131 62 5 132 69 5 133 61 5 134 55 17 135 47 17 136 52 17 137 51 5 138 46 5 139 48 5 140 53 4 141 52 4 142 46 4 143 56 8 144 53 8 145 57 8 146 58 9 147 53 9 148 51 9 149 59 10 150 51 10 151 54 10 152 59 9 153 55 9 154 56 9 155 61 11 156 49 11 157 55 11 158 62 9 159 55 9 160 54 9 161 62 9 162 50 9 163 63 9 164 63 18 165 49 18 166 60 18 167 71 19 168 78 19 169 70 19 170 64 9 171 75 9 172 67 9 173 56 2 174 67 2 175 59 2 176 61 4 177 68 4 178 60 4 179 60 2 180 71 2 181 63 2 182 59 7 183 66 7 184 58 7 185 63 7 186 70 7 187 62 7 188 58 5 189 65 5 190 57 5 191 76 2 192 87 2 193 79 2 194 77 4 195 84 4 196 76 4 197 67 14 198 74 14 199 66 14 200 69 9 201 78 9 202 77 9 203 65 9 204 74 9 205 73 9 206 69 20 207 76 20 208 68 20 209 68 9 210 79 9 211 71 9 212 64 9 213 73 9 214 72 9 215 81 21 216 83 21 217 80 21 218 85 9 219 87 9 220 84 9 221 73 4 222 80 4 223 72 4 224 72 2 225 83 2 226 75 2 227 79 7 228 86 7 229 78 7 230 75 7 231 82 7 232 74 7 233 78 5 234 85 5 235 77 5 236 74 5 237 81 5 238 73 5 239 47 22 240 50 22 241 5 22 242 47 23 243 4 23 244 52 23 245 5 24 246 54 24 247 4 24 248 46 0 249 4 0 250 48 0 251 10 0 252 3 0 253 0 0 254 54 25 255 51 25 256 48 25 257 6 2 258 7 2 259 2 2 260 2 26 261 10 26 262 9 26 263 15 4 264 23 4 265 22 4 266 20 5 267 28 5 268 27 5 269 13 4 270 6 4 271 1 4 272 12 7 273 8 7 274 3 7 275 8 5 276 11 5 277 0 5 278 11 4 279 13 4 280 9 4 281 2 27 282 7 27 283 12 27 284 14 28 285 13 28 286 11 28 287 16 9 288 15 9 289 11 9 290 17 29 291 16 29 292 8 29 293 17 9 294 12 9 295 13 9 296 19 9 297 18 9 298 6 9 299 20 9 300 19 9 301 13 9 302 20 30 303 12 30 304 7 30 305 21 31 306 7 31 307 6 31 308 29 32 309 37 32 310 36 32 311 22 9 312 30 9 313 33 9 314 14 2 315 22 2 316 25 2 317 19 4 318 27 4 319 26 4 320 18 2 321 26 2 322 29 2 323 17 7 324 25 7 325 24 7 326 21 7 327 29 7 328 28 7 329 16 5 330 24 5 331 23 5 332 34 2 333 42 2 334 45 2 335 35 4 336 43 4 337 42 4 338 25 9 339 33 9 340 32 9 341 28 9 342 36 9 343 35 9 344 23 9 345 24 9 346 32 9 347 27 33 348 35 33 349 34 33 350 29 9 351 26 9 352 34 9 353 22 34 354 23 34 355 31 34 356 39 35 357 40 35 358 41 35 359 43 9 360 44 9 361 45 9 362 31 36 363 39 36 364 38 36 365 30 2 366 38 2 367 41 2 368 37 7 369 45 7 370 44 7 371 33 37 372 41 37 373 40 37 374 36 5 375 44 5 376 43 5 377 32 5 378 40 5 379 39 5 380 57 4 381 65 4 382 64 4 383 62 5 384 70 5 385 69 5 386 55 4 387 49 4 388 47 4 389 51 5 390 53 5 391 46 5 392 53 4 393 55 4 394 52 4 395 56 28 396 55 28 397 53 28 398 58 9 399 57 9 400 53 9 401 59 38 402 58 38 403 51 38 404 59 9 405 54 9 406 55 9 407 61 9 408 60 9 409 49 9 410 62 9 411 61 9 412 55 9 413 62 39 414 54 39 415 50 39 416 63 31 417 50 31 418 49 31 419 71 40 420 79 40 421 78 40 422 64 9 423 72 9 424 75 9 425 56 2 426 64 2 427 67 2 428 61 4 429 69 4 430 68 4 431 60 2 432 68 2 433 71 2 434 59 7 435 67 7 436 66 7 437 63 7 438 71 7 439 70 7 440 58 5 441 66 5 442 65 5 443 76 2 444 84 2 445 87 2 446 77 4 447 85 4 448 84 4 449 67 9 450 75 9 451 74 9 452 69 9 453 70 9 454 78 9 455 65 9 456 66 9 457 74 9 458 69 41 459 77 41 460 76 41 461 68 9 462 76 9 463 79 9 464 64 42 465 65 42 466 73 42 467 81 43 468 82 43 469 83 43 470 85 9 471 86 9 472 87 9 473 73 44 474 81 44 475 80 44 476 72 2 477 80 2 478 83 2 479 79 7 480 87 7 481 86 7 482 75 45 483 83 45 484 82 45 485 78 5 486 86 5 487 85 5 488 74 5 489 82 5 490 81 5 491 47 2 492 49 2 493 50 2 494 47 46 495 5 46 496 4 46 497 5 47 498 50 47 499 54 47 500 46 0 501 52 0 502 4 0 503</p>
        </triangles>
      </mesh>
    </geometry>
    <geometry id="fuselage_med-mesh" name="fuselage_med">
      <mesh>
        <source id="fuselage_med-mesh-positions">
          <float_array id="fuselage_med-mesh-positions-array" count="1608">-2.524579 -5.977225 -32.55169 -2.524579 -2.290339 -32.49229 2.459118 -2.290339 -32.49229 2.459118 -5.977225 -32.55169 2.459118 -1.857307 -32.32881 -2.524579 -1.857307 -32.32881 -2.524579 3.866533 -27.44899 2.459118 3.866533 -27.44899 -2.524579 4.151598 -22.27558 2.459118 4.151598 -22.27558 2.459118 4.058471 -27.04356 -2.524579 4.058471 -27.04356 2.705029 3.051479 -3.383108 2.463153 6.542103 18.67236 -1.749919 10.77467 19.356 -2.514594 6.542103 18.67236 1.698477 10.77467 19.356 -0.2544175 7.306778 19.356 0.2029764 8.521613 19.356 -0.8553451 6.542103 18.67236 -0.8553451 11.53935 18.83641 0.8039041 11.53935 18.83641 0.8039041 11.53935 18.67236 0.8039041 6.542103 18.83641 1.698477 8.521613 19.356 1.698477 7.306778 19.356 0.8039041 6.542103 18.67236 -2.514594 11.53935 18.67236 2.463153 6.542103 18.83641 -2.514594 11.53935 18.83641 -0.2544175 9.559781 19.356 0.2029764 10.77467 19.356 -0.2544175 10.77467 19.356 2.463153 9.040725 18.67236 1.241084 10.77467 19.356 -1.749919 8.521613 19.356 0.4764081 7.033346 18.83641 0.9676521 8.795104 18.83641 -0.7734711 9.040725 18.83641 0.7220301 9.040725 18.83641 -2.514594 6.542103 18.83641 0.9676521 7.033346 18.83641 -1.019093 11.0481 18.83641 -2.02335 9.286348 18.83641 0.9676521 11.0481 18.83641 -2.02335 7.033346 18.83641 -1.019093 7.033346 18.83641 0.2029764 7.306778 19.356 0.4764081 8.795104 18.83641 1.241084 8.521613 19.356 -1.749919 9.559781 19.356 -1.019093 9.286348 18.83641 -0.5278492 9.286348 18.83641 0.2029764 9.559781 19.356 0.4764081 9.286348 18.83641 1.971909 11.0481 18.83641 1.241084 9.559781 19.356 -1.292584 8.521613 19.356 -0.8553451 11.53935 18.67236 -0.8553451 6.542103 18.83641 -2.514594 9.040725 18.83641 1.241084 7.306778 19.356 -1.292584 9.559781 19.356 -1.292584 10.77467 19.356 2.463153 11.53935 18.67236 2.463153 11.53935 18.83641 -2.514594 9.040725 18.67236 -0.5278491 7.033346 18.83641 -2.02335 11.0481 18.83641 1.971909 9.286348 18.83641 0.9676521 9.286348 18.83641 2.463153 9.040725 18.83641 1.971909 7.033346 18.83641 -0.5278492 8.795103 18.83641 1.971909 8.795103 18.83641 0.4764081 11.0481 18.83641 -1.019093 8.795103 18.83641 -2.02335 8.795103 18.83641 -0.2544175 8.521613 19.356 -0.5278492 11.0481 18.83641 1.698477 9.559781 19.356 -1.292584 7.306778 19.356 -1.749919 7.306778 19.356 -10.91209 0.03075808 24.18358 5.128274 -4.280874 24.18358 8.409276 -2.337607 23.57242 11.34053 0.587968 26.37587 -11.39197 0.587968 26.37587 7.762117 -1.457327 24.18358 -7.813558 -1.457327 24.18358 -5.159022 1.669494 24.18358 -5.292747 2.743185 23.57242 5.595057 -5.354625 23.57242 5.167327 2.149375 26.37587 -11.98584 -0.6447472 23.57242 11.08372 0.3880375 26.37587 5.135331 1.89257 26.37587 -8.102839 -1.850729 26.37587 5.107582 1.669494 24.18358 -5.186832 1.89257 26.37587 10.86065 0.03075808 24.18358 11.93434 -0.6447472 23.57242 11.93434 1.050325 23.57242 5.241247 2.743185 23.57242 -11.98584 1.050325 23.57242 -8.460777 -2.337607 23.57242 -5.646498 -5.354625 23.57242 11.34053 -0.2712005 26.37587 -5.218768 2.149375 26.37587 -5.388378 -4.760754 26.37587 11.08372 -0.1096056 26.37587 8.051398 -1.850788 26.37587 -11.39197 -0.2711408 26.37587 7.89656 -1.640212 26.37587 5.225279 -4.503948 26.37587 5.336936 -4.760754 26.37587 10.86065 0.2143616 24.18358 -11.13517 0.3880375 26.37587 -10.91209 0.2143616 24.18358 -11.13517 -0.1096056 26.37587 -7.948001 -1.640212 26.37587 -5.27672 -4.503948 26.37587 -5.179716 -4.280874 24.18358 2.705029 -2.424102 5.940232 2.705029 3.051479 5.940232 -2.77049 3.051479 5.940232 2.705029 -2.424102 -12.70645 -2.770491 -2.424102 5.940233 -2.770491 3.05148 -3.383109 -2.770491 3.05148 -12.70645 -2.770491 -2.424102 -12.70645 -2.770491 -2.424102 -3.383109 2.70503 -2.424102 -3.383109 2.70503 3.05148 -12.70645 2.70503 11.79358 12.33672 -2.770491 11.79358 12.33672 -2.770491 11.79358 14.92608 2.70503 11.79358 14.92608 9.057669 -2.424102 5.940234 9.057669 3.05148 5.940234 -9.123069 3.05148 5.940234 -9.123069 -2.424102 5.940234 -8.57548 -6.223075 14.09769 -8.57548 -6.223075 5.940234 2.70503 3.05148 7.00824 -2.770491 3.05148 7.00824 -8.055064 3.05148 7.00824 -9.123069 3.05148 14.09769 -8.055064 3.05148 14.09769 9.057669 3.05148 23.59426 9.057669 3.05148 14.09769 7.989602 3.05148 14.09769 7.989602 3.05148 7.00824 -2.770491 4.271529 7.00824 2.70503 4.271529 7.00824 -8.055064 4.271529 7.00824 -8.055064 3.05148 19.78009 -8.072233 4.27153 19.76627 7.989601 3.05148 19.78009 7.988591 4.272278 7.009294 2.70503 6.298418 14.09769 2.70503 6.298418 18.68837 2.70503 7.745234 10.07627 2.70503 6.298418 10.07627 -2.770491 6.298418 10.07627 -2.770491 7.745234 10.07627 -2.770491 6.298418 14.09769 2.70503 9.608161 14.3352 -2.770491 9.608161 11.15484 2.70503 9.608161 11.15484 -2.770491 9.608161 14.3352 2.70503 -6.223075 -25.52345 2.70503 -2.424102 -22.02973 -2.770491 -2.424102 -22.02973 -2.770491 -6.223075 -25.52345 2.70503 -5.675486 5.940234 2.70503 -6.223075 5.940234 -2.770491 -5.675486 5.940234 9.057669 -5.675486 5.940234 8.51008 -6.223075 5.940234 9.057669 -2.424102 14.09769 9.057669 -5.675486 14.09775 8.51008 -6.223075 23.59426 9.057669 -5.675486 23.59426 -9.123069 -5.675486 23.59426 -8.57548 -6.223075 23.59426 -9.123069 -2.424102 23.59426 -9.123069 -2.424102 14.09769 -9.123069 -5.675486 14.09769 -9.123069 -5.675486 5.940234 12.39922 3.05148 5.940234 12.39922 -2.424102 5.940234 -12.46468 -2.424102 5.940234 -12.46468 3.05148 5.940234 2.70503 10.7 14.60155 2.70503 10.7 11.6876 -2.770491 10.7 11.6876 2.217467 9.608161 14.3352 2.217467 9.608161 11.60658 2.012685 10.7 12.14145 2.012685 10.7 14.60155 -2.282373 9.608161 11.60658 -2.07864 10.7 12.14145 -2.153612 12.53298 15.54302 -2.153612 12.53298 18.07143 2.088212 12.53298 18.07143 2.088212 12.53298 15.54302 2.70503 -6.223075 14.09775 8.51008 -6.223075 14.09775 -9.123069 3.05148 23.59426 -2.770491 6.298418 18.68837 9.057669 -2.424102 23.59426 -2.770491 10.7 14.60155 -2.282373 9.608161 14.3352 -2.07864 10.7 14.60155 2.414469 11.79358 18.39769 2.70503 11.79358 18.68837 2.414469 11.79358 15.21677 -2.479868 11.79358 15.21677 -2.770491 11.79358 18.68837 -2.479868 11.79358 18.39769 12.85658 -0.8675463 7.496851 12.85658 -1.966739 5.940234 12.85658 2.594116 5.940234 12.85658 1.494862 7.496851 12.85658 2.594116 14.09769 12.85658 1.494862 14.09769 12.85658 1.494862 22.0377 12.85658 2.594116 23.59426 12.85658 -1.966739 23.59426 12.85658 -0.8675463 22.0377 12.85658 -1.966739 14.09769 12.85658 -0.8675463 14.09769 -12.92204 1.494862 7.496851 -12.92204 2.594116 5.940234 -12.92204 -1.966739 5.940234 -12.92204 -0.8675463 7.496851 -12.92204 -1.966739 14.09769 -12.92204 -0.8675463 14.09769 -12.92204 -0.8675463 22.03764 -12.92204 -1.966739 23.59426 -12.92204 2.594116 23.59426 -12.92204 1.494862 22.03764 -12.92204 2.594116 14.09769 -12.92204 1.494862 14.09769 10.12185 3.05148 7.004411 10.12185 3.05148 14.09769 10.12185 3.05148 22.53008 12.39922 3.05148 23.59426 11.79234 3.05148 22.53008 12.39922 3.05148 14.09769 11.79234 3.05148 14.09769 11.79234 3.05148 7.004411 10.12185 -2.424102 22.53008 10.12185 -2.424102 14.09769 10.12185 -2.424102 7.004411 11.79234 -2.424102 7.004411 12.39922 -2.424102 14.09769 11.79234 -2.424102 14.09769 11.79234 -2.424102 22.53008 12.39922 -2.424102 23.59426 -10.18731 -2.424102 7.004411 -10.18731 -2.424102 14.09769 -10.18731 -2.424102 22.53008 -12.46474 -2.424102 23.59426 -11.8578 -2.424102 22.53008 -12.46474 -2.424102 14.09769 -11.8578 -2.424102 14.09769 -11.8578 -2.424102 7.004411 -10.18731 3.05148 22.53008 -10.18731 3.05148 14.09769 -10.18731 3.05148 7.004411 -11.8578 3.05148 7.004411 -12.46474 3.05148 14.09769 -11.8578 3.05148 14.09769 -11.8578 3.05148 22.53008 -12.46474 3.05148 23.59426 -4.597908 -2.424102 -22.02973 -2.770491 3.05148 -22.02973 -4.597908 3.05148 -22.02973 -4.597908 4.156416 -22.02973 -2.770491 4.156416 -22.02973 -2.770491 4.053716 -27.28948 -4.597908 4.053716 -27.28948 -2.770491 -2.044427 -32.48833 -4.597908 -2.044427 -32.48833 -2.770491 -6.223075 -32.55565 -4.597908 -6.223075 -32.55565 -4.597908 -6.223075 -25.52345 4.532509 3.05148 -22.02973 2.70503 3.05148 -22.02973 4.532509 -2.424102 -22.02973 4.532509 -6.223075 -25.52345 4.532509 -6.223075 -32.55565 2.705092 -6.223075 -32.55565 2.705092 -2.044427 -32.48833 4.532509 -2.044427 -32.48833 4.532509 4.053716 -27.28948 2.70503 4.053716 -27.28948 2.70503 4.156416 -22.02973 4.532509 4.156416 -22.02973 5.648993 3.584557 -22.59048 5.648993 3.497914 -27.02628 5.648993 -2.254953 -31.93093 5.648993 -5.662271 -31.98577 4.532509 -6.223075 -31.45071 2.705092 -6.223075 -31.17862 -2.770491 -6.223075 -31.17862 -4.597908 -6.223075 -31.45071 -5.714392 -5.662271 -31.98577 -5.714392 -5.662271 -31.45071 -5.714392 -2.424102 -31.45071 -5.714392 -2.254953 -31.93093 -5.714392 3.05148 -26.82415 -5.714392 3.497914 -27.02628 -5.714392 3.584557 -22.59048 -5.714392 3.05148 -22.59048 -2.770491 10.59656 18.33883 -2.770491 11.4231 18.03308 -2.770491 11.4231 15.187 -2.770491 10.59656 14.78021 2.70503 11.4231 18.03308 2.70503 11.4231 15.187 2.70503 10.59656 18.33883 2.70503 10.59656 14.78021 3.349143 6.298418 18.04432 3.349143 6.298418 14.09769 4.569624 6.298418 18.04432 5.213738 6.298418 14.09769 4.569624 6.298418 14.09769 4.569624 6.298418 10.72032 5.213738 6.298418 10.07627 3.349143 6.298418 10.72032 -3.414605 6.298418 10.72032 -3.414605 6.298418 14.09769 -4.635024 6.298418 10.72032 -4.635024 6.298418 14.09769 -4.635024 6.298418 18.04432 -3.414605 6.298418 18.04432 -5.714392 -2.205487 -22.59048 -5.714392 -5.662271 -25.76961 5.648993 -2.205487 -22.59048 5.648993 -5.662271 -25.76961 -6.102775 5.697533 19.01228 -7.248595 4.872909 19.44236 6.037314 5.697533 19.01228 7.165964 4.872908 19.45618 -6.102775 5.697286 14.09769 -7.231425 4.872908 14.09769 2.70503 5.697533 9.165989 2.70503 4.872908 7.918521 -2.770491 5.697533 9.165989 6.037314 5.697533 9.165989 -6.476521 10.83333 17.99868 -6.476521 11.18621 17.86813 -6.476521 11.18621 15.33441 -6.476521 10.83333 15.16075 6.41106 11.18621 15.33441 6.41106 11.18621 17.86813 6.41106 10.83333 17.99868 6.41106 10.83333 15.16075 -5.360038 11.3569 17.98701 -5.360038 11.3569 15.22813 -5.360038 10.66264 14.88643 -5.360038 10.66264 18.24385 5.294638 11.3569 17.98701 5.294638 10.66264 18.24385 5.294638 10.66264 14.88649 5.294638 11.3569 15.22813 1.150573 -6.223075 -28.18117 -1.216035 -6.223075 -28.18117 -1.216035 -6.223075 -30.9994 1.150573 -6.223075 -30.9994 1.150573 -4.984315 -28.18117 -1.216035 -4.984315 -28.18117 -1.216035 -4.984315 -30.9994 1.150573 -4.984315 -30.9994 -2.770491 -6.223075 14.09769 -2.770491 -6.223074 5.940234 4.573823 -6.223075 20.54129 4.573823 -6.223075 17.15065 6.641348 -6.223075 17.15065 6.641348 -6.223075 20.54129 -4.639223 -6.223075 20.54129 -6.706809 -6.223075 20.54129 -6.706809 -6.223075 17.15065 -4.639223 -6.223075 17.15065 2.459118 6.544392 18.68837 2.459118 11.5476 18.68837 -2.524579 11.5476 18.68837 -2.524579 6.544392 18.68837 4.573823 -4.892607 20.54129 4.573823 -4.892607 17.15065 6.641348 -4.892607 17.15065 6.641348 -4.892607 20.54129 -4.639223 -4.892607 20.54129 -6.706809 -4.892607 20.54129 -6.706809 -4.892607 17.15065 -4.639223 -4.892607 17.15065 -6.102775 5.697533 9.165989 -0.02572047 5.697533 9.165989 7.988591 4.272279 19.77973 -0.02572047 6.298418 10.07627 -0.02946585 4.872908 7.918521 -8.055064 4.271529 14.09769 6.037314 5.697533 14.09769 -5.279137 6.298418 10.07627 7.165964 4.872908 14.09769 5.213738 6.298418 18.68837 -0.02946585 4.271529 7.00824 -2.770491 4.872908 7.918521 -5.279137 6.298418 18.68837 -5.279137 6.298418 14.09769 7.165964 4.872908 7.918521 -7.232435 4.872158 7.917467 7.989602 4.271529 14.09769 4.158226 4.428805 2.942745 4.158226 3.837387 3.372449 4.158226 4.428805 2.558434 -4.544339 4.20292 2.247504 -4.544339 4.428805 2.942745 -4.544339 3.837387 3.372449 -4.544339 3.471915 3.253675 4.158226 3.245969 2.942746 4.158226 3.471915 2.247504 4.158226 4.20292 2.247504 4.158226 3.837387 2.12879 -4.544339 3.837387 2.12879 -4.544339 4.428805 2.558434 4.158226 4.20292 3.253675 -4.544339 4.20292 3.253675 4.158226 3.471915 3.253675 -4.544339 3.246028 2.942746 4.158226 3.245969 2.558434 -4.544339 3.246028 2.558434 -4.544339 3.471915 2.247504 -4.544339 4.202919 -8.690538 -4.544339 3.837386 -7.565651 -4.544339 3.246027 -7.995295 4.158226 4.202919 -8.690538 -4.544339 4.428804 -7.995295 4.158226 4.428804 -8.379608 -4.544339 3.471913 -7.684426 4.158226 3.471913 -7.684365 4.158226 3.245967 -7.995295 -4.544339 3.246027 -8.379608 4.158226 3.245967 -8.379608 4.158226 3.471913 -8.690538 -4.544339 3.837386 -8.809311 4.158226 4.428804 -7.995295 -4.544339 4.428804 -8.379608 -4.544339 4.202919 -7.684426 4.158226 4.202919 -7.684365 4.158226 3.837386 -7.565651 -4.544339 3.471913 -8.690538 4.158226 3.837386 -8.809311 4.158226 3.837384 -19.74741 -4.544339 4.428803 -19.31771 4.158226 3.837385 -18.50369 -4.544339 3.471912 -18.62247 -4.544339 3.471912 -19.62864 -4.544339 3.837384 -19.74741 4.158226 4.202917 -19.62864 -4.544339 4.428803 -18.9334 -4.544339 3.837385 -18.50375 4.158226 4.202918 -18.62247 -4.544339 4.202918 -18.62247 4.158226 3.245966 -18.9334 -4.544339 3.246026 -18.9334 -4.544339 4.202917 -19.62864 4.158226 4.428803 -19.31771 4.158226 4.428803 -18.9334 4.158226 3.471912 -18.62247 -4.544339 3.246026 -19.31771 4.158226 3.245966 -19.31771 4.158226 3.471912 -19.62864 -4.544339 -2.708943 2.247505 4.158226 -3.074415 3.37245 4.158226 -3.439948 2.247505 -4.544339 -2.483056 2.558435 4.158226 -2.708943 2.247505 -4.544339 -2.708942 3.253676 4.158226 -2.483056 2.942746 -4.544339 -2.483056 2.942746 -4.544339 -3.074415 3.37245 4.158226 -2.708942 3.253676 -4.544339 -3.439948 3.253676 -4.544339 -3.665834 2.558435 -4.544339 -3.439948 2.247505 4.158226 -3.074415 2.128791 -4.544339 -3.074415 2.128791 4.158226 -2.483056 2.558435 4.158226 -3.439948 3.253676 4.158226 -3.665834 2.558435 4.158226 -3.665834 2.942746 -4.544339 -3.665834 2.942746 4.158226 -2.708945 -19.62864 4.158226 -3.665837 -19.31771 -4.544339 -2.708945 -19.62864 4.158226 -2.483059 -19.31771 -4.544339 -2.483059 -19.31771 4.158226 -2.483059 -18.9334 -4.544339 -2.708945 -18.62247 -4.544339 -3.43995 -18.62247 4.158226 -3.43995 -18.62247 4.158226 -3.074418 -18.50369 -4.544339 -3.665837 -18.9334 -4.544339 -3.665837 -19.31771 4.158226 -3.074418 -19.74741 -4.544339 -2.483059 -18.9334 4.158226 -2.708945 -18.62247 -4.544339 -3.074418 -18.50375 4.158226 -3.665837 -18.9334 -4.544339 -3.43995 -19.62864 4.158226 -3.43995 -19.62864 -4.544339 -3.074418 -19.74741 -4.544339 -2.483057 -8.379608 -4.544339 -3.074416 -7.565649 4.158226 -3.665835 -8.379607 -4.544339 -2.708944 -8.690536 -4.544339 -2.483057 -7.995295 -4.544339 -2.708944 -7.684425 4.158226 -3.074416 -7.565649 -4.544339 -3.439949 -7.684424 4.158226 -3.665835 -7.995294 -4.544339 -3.665835 -8.379607 4.158226 -3.439949 -8.690536 4.158226 -3.074416 -8.809309 4.158226 -2.483057 -8.379608 4.158226 -2.708944 -8.690536 4.158226 -2.483057 -7.995295 4.158226 -2.708944 -7.684365 -4.544339 -3.665835 -7.995294 4.158226 -3.439949 -7.684364 -4.544339 -3.439949 -8.690536 -4.544339 -3.074416 -8.809309</float_array>
          <technique_common>
            <accessor source="#fuselage_med-mesh-positions-array" count="536" stride="3">
              <param name="X" type="float"/>
              <param name="Y" type="float"/>
              <param name="Z" type="float"/>
            </accessor>
          </technique_common>
        </source>
        <source id="fuselage_med-mesh-normals">
          <float_array id="fuselage_med-mesh-normals-array" count="1626">0 0.01610869 -0.9998703 0 0.6487711 -0.7609837 0 0.6487603 -0.7609928 5.15464e-6 0.6487709 -0.7609838 0 0.6486027 -0.7611272 0 0.648771 -0.7609838 1.68277e-5 0.01610869 -0.9998703 0 0.01610386 -0.9998704 -2.52351e-5 0.01610863 -0.9998703 0 0.01609981 -0.9998704 0 0.9998094 -0.01952809 0 1 0 0.8849036 0 0.4657742 0 0.8849033 0.465775 0 -0.8849452 0.4656953 0 0.8849048 0.4657719 0 0 1 0 0.8849459 0.4656941 0.8849037 0 0.4657742 -0.8849458 0 0.465694 0 -0.8849453 0.4656952 0 0.8849453 0.4656952 0.8849452 0 0.4656952 1.10194e-6 0 1 -4.24455e-6 0 1 -1.10194e-6 0 1 0 0.8849462 0.4656934 0 -0.8849444 0.4656966 -0.8849449 0 0.4656959 -0.8849456 0 0.4656944 5.2915e-7 0.8849039 0.4657737 0.8849451 0 0.4656955 0.8849448 0 0.4656959 -0.8849455 0 0.4656948 0 -0.8849452 0.4656952 0.8849455 0 0.4656948 -0.8849462 0 0.4656934 -2.45139e-6 0 1 -1 0 0 0 -1 0 1 0 0 4.24454e-6 0 1 2.45139e-6 0 1 -0.9948632 0 0.1012289 0.7274887 0.6786116 0.1012246 -4.32272e-6 0 1 4.84218e-6 0 1 0 0.994863 0.1012309 -0.4235051 -0.8818708 0.2072374 0.4306827 0.8968067 0.1012438 1.74965e-6 0 1 -0.7274937 0.678604 0.1012408 0.9948627 0 0.1012341 6.53197e-6 0 1 1.51713e-5 0 1 -9.69997e-7 0 1 9.69997e-7 0 1 -0.2439491 -0.9644902 0.1012303 0 -0.9948629 0.1012318 -0.4306947 0.896803 0.1012254 0.2439497 -0.9644895 0.1012359 0 0 -1 0 8.63604e-4 -0.9999997 0 0.5010475 -0.8654198 -1 0 0 0 -0.6769163 0.73606 -0.5845975 0.8113214 -0.001878082 -0.9999955 0 -0.00302875 0 1 -1.24669e-7 0 0.510426 -0.8599218 0.982862 0.1843428 0 0 0.4399278 -0.8980332 1 -3.31526e-7 0 -1 -2.24455e-7 0 -0.9830328 0.18343 0 0 1 3.75322e-6 0 0.2369971 -0.9715104 0 0.2369971 -0.9715105 0 1 5.36249e-6 0 1 -5.36267e-6 0.9148947 0.4036925 0 0 0.4036862 -0.9148975 -0.9148949 0.4036922 0 0 0.4036966 0.914893 1 -1.70173e-6 0 0 1 2.68232e-7 0 1 5.36375e-7 0 -1 -1.34117e-7 0 -1 -5.36373e-7 0 -1 -2.68232e-7 0 -1 0 0 1 -2.68233e-7 0 0.9998095 -0.01952177 0 0.6487656 -0.7609884 0 0.01610785 -0.9998704 0 -0.6769164 0.7360599 0 -0.6769165 0.7360599 0 0.01610785 -0.9998703 0 0.9998095 -0.01952201 -1 -1.01751e-6 0 -1 -3.14128e-7 0 1 1.3684e-6 0 0 1 1.21325e-6 -0.4488189 0 0.8936228 -0.4488197 0 0.8936223 -0.4488732 0.8934251 -0.01745098 -0.4488261 0.5797603 -0.6800244 -0.4488319 0.01439422 -0.8935003 -0.4488528 -0.8936057 0 -0.4488534 -0.8936055 0 -0.4488034 -0.6049241 0.6577557 0.4488555 -0.6048955 0.6577463 0.448853 -0.8936057 0 0.7071057 -0.707108 0 -0.7071071 -0.7071065 0 0.7071059 -0.7071077 0 -0.7071077 -0.7071059 0 -0.5896819 0.8076357 0 -1 -1.19037e-6 0 -0.02550965 -0.9996746 0 0.02552932 0.4413845 -0.8969549 0.02550911 -0.9996746 0 0.02554708 0.3468527 0.9375717 0.02555543 0.9996735 0 -0.02553153 0.441447 -0.8969241 -0.02554744 0.3468527 0.9375717 -0.02555602 0.9996734 0 -0.1511257 0.9885146 0 -0.1511765 0.4365153 -0.8869047 -0.1511265 -0.9885145 0 -0.1511461 0.3429859 0.9271006 0.1511563 0.3429795 0.9271013 0.1511346 -0.9885132 0 0.1511644 0.4364747 -0.8869268 0.1511337 0.9885133 0 0 0.6487656 -0.7609884 0 -1 6.06491e-7 0 -1 -8.99387e-6 0 -1 0 1 0 0 -0.5896891 0.8076282 -0.001894354 0 0.4739931 0.8805286 -8.44158e-4 0.4733571 0.8808702 -8.38645e-4 0.0113154 0.9999357 0.7071096 0.707104 0 -0.7071557 0.7070579 0 0.7071108 0.7071029 0 -0.7071558 0.7070578 0 0.7071104 -0.7071032 0 -0.7071105 -0.7071031 -5.24167e-6 0.7071089 -0.7071046 0 -0.7071549 -0.7070587 0 1.52325e-6 0 -1 -3.0465e-6 0 -1 5.33138e-6 0 1 1 -2.24172e-7 0 0 1 1.21331e-6 0.58969 0.8076297 0 0 -1 0 -1 0 0 4.13709e-7 0 -1 -4.38672e-7 0 -1 0 1 -6.52319e-7 0 1 0 0 1 -1.03123e-6 0 -7.33283e-7 -1 0.4488154 0 0.8936245 0.4488536 -0.8936054 0 0.4487949 0.01438105 -0.8935191 0.4488981 0.5797257 -0.6800064 0.4488529 0.8934354 -0.01744478 0.4488197 0 0.8936223 1.64285e-7 -1 -1.61114e-7 -1.74171e-7 -1 -1.70809e-7 1 0 -1.42613e-4 0 0.8342107 -0.5514459 -8.11487e-6 0.8343777 -0.5511932 0 0.834359 -0.5512215 0 0.8342108 -0.5514459 0 0.8343595 -0.5512207 0 0.8343822 -0.5511864 -0.5895327 0.8077445 0 0 0.8345673 -0.5509061 0.5899429 0.8074451 0 0 0.8345678 -0.5509052 0 0.8345675 -0.5509058 0 0.8345675 -0.5509059 -0.589828 0.8075289 4.04004e-5 -9.85509e-6 0.8341984 -0.5514645 0.5894031 0.8078391 0 -0.589403 0.8078392 4.0399e-5 -2.80435e-6 -0.5877751 0.8090244 0 -2.69913e-5 1 0 -0.5878238 0.8089891 0 0.5877441 -0.809047 0 -2.17536e-5 -1 0 0.5877493 -0.8090432 -6.44312e-6 -0.9510438 -0.3090565 -3.6386e-6 -0.9510611 0.3090029 -3.63857e-6 -0.9510605 -0.3090049 0 -2.71695e-5 -1 0 -0.5877625 -0.8090337 0 0.5878092 0.8089996 0 0.9510618 0.309001 0 0.5878039 0.8090035 0 -2.16948e-5 1 0 0.9510637 0.308995 0 0.9510637 -0.308995 0 0.9510618 -0.309001 -2.80443e-6 -0.5877177 -0.8090662 0 0.9510619 -0.3090009 0 0.5878089 -0.8089998 0 0.9510638 -0.3089948 -6.77505e-6 -2.40984e-5 1 -2.27265e-6 0.5877447 0.8090465 -3.58357e-6 0.5877743 0.809025 -6.57802e-6 -0.9510438 -0.3090563 -6.55322e-6 -0.9510486 0.3090413 -3.71235e-6 -0.951061 -0.3090034 -2.27028e-6 -0.5877131 0.8090695 -6.35052e-6 -0.5877906 0.8090131 -2.1126e-6 0.9510622 0.3089995 0 0.9510484 0.3090417 0 -2.71409e-5 -1 0 -0.587823 -0.8089895 0 -2.13257e-5 -1 -2.86547e-6 -0.5877771 -0.8090229 -5.82419e-6 -0.9510425 0.3090605 0 0.5878033 -0.8090039 -6.26481e-6 -0.5877801 0.8090208 -1.93682e-7 -2.44265e-5 1 0 -0.5877702 0.809028 -3.3508e-6 0.5878115 0.8089979 0 0.9510619 0.3090009 0 0.5877513 0.8090417 -2.90908e-6 -0.5877748 -0.8090246 -3.71363e-6 -0.9510608 -0.3090037 0 -0.5878199 -0.8089919 -6.62283e-6 -0.951044 -0.3090558 -3.71379e-6 -0.9510617 0.3090012 0 0.9510619 -0.3090009 0 0.5878043 -0.8090032 0 0.9510632 -0.3089966 0 -2.71508e-5 -1 0 -2.18643e-5 -1 0 0.5878007 -0.8090059 0 0.9510638 0.3089948 0 2.19131e-5 -1 0 -0.5877435 -0.8090474 0 2.73291e-5 -1 0 0.9510633 0.3089963 0 0.951063 -0.3089972 0 0.9510616 0.3090014 0 -0.9510633 -0.3089963 0 -0.9510633 0.3089963 0 -0.9510616 -0.3090014 0 -0.5877476 -0.8090443 0 2.65923e-5 1 0 0.5878232 0.8089894 0 2.15052e-5 1 0 0.9510612 -0.3090028 0 0.5877669 -0.8090304 0 -0.9510616 0.3090014 0 -0.5878078 0.8090007 0 -0.5878036 0.8090037 0 0.5878273 0.8089864 0 0.5877621 -0.8090339 -1.97893e-7 2.36984e-5 1 -3.35128e-6 0.5878297 0.8089849 0 0.5877704 0.8090279 0 0.9510617 0.3090013 0 0.9510617 -0.3090013 0 0.5878237 -0.8089891 0 2.12758e-5 -1 0 -0.5877996 -0.8090066 0 2.59439e-5 -1 0 0.9510632 0.3089966 0 -0.9510631 -0.308997 0 -0.951063 0.3089969 0 -0.9510613 -0.3090025 0 -0.9510613 0.3090026 0 -0.5877526 0.8090407 0 -0.5878041 -0.8090034 0 0.5878201 -0.8089917 -3.49652e-6 -0.5878075 0.8090008 -2.23515e-6 0.5877656 0.8090313 -6.77506e-6 2.5834e-5 1 0 2.60227e-5 1 0 -0.9510492 0.3090398 0 -0.9510632 -0.3089968 -2.07619e-6 -0.9510613 0.3090025 0 -0.5878025 -0.8090046 0 2.18843e-5 -1 0 -0.5878071 -0.8090012 -2.23306e-6 -0.5877455 0.809046 -3.50757e-6 -0.5877736 0.8090256 0 0.5878248 -0.8089883 0 0.9510609 -0.3090035 0 0.5878214 -0.8089908 -2.07617e-6 0.9510618 0.3090008 -3.58301e-6 0.5877929 0.8090115 0 -0.9510615 -0.309002 0 2.73404e-5 -1 0 0.9510623 -0.3089993 1.30628e-7 1 0 1.30628e-7 1 0 1 2.24171e-7 0 1 2.24171e-7 0 0 0.9782952 0.2072167 0.9782952 0 0.2072161 -0.9782909 0 0.207237 -0.2398885 0.9484268 0.2072204 -0.7153778 -0.6673014 0.2072286 0 -0.9782909 0.2072365 0.2398821 0.9484266 0.2072289 0.7153828 -0.6672971 0.2072247 0.4235156 -0.8818742 0.2072017 0.9999998 8.27083e-4 1.67816e-7 0.5896837 0.8076344 -1.56531e-6 0.5899431 0.8074449 0 0.589403 0.8078392 0 0 -1 1.35623e-7 -1 -5.42272e-7 0 1.55025e-6 0 1 0 1 -1.21331e-6 0 0.4745043 0.8802532 1 -1.82027e-7 0 1 3.14128e-7 0 0 1 -1.21325e-6 0 0.474504 0.8802533 0 0.999808 -0.01959526 -6.54634e-5 0.9998093 -0.01952779 0 0.9998131 -0.0193333 6.55271e-5 0.9998093 -0.01952785 0 0.01610869 -0.9998703 0 0.6487711 -0.7609837 0 0.648759 -0.760994 -2.01322e-4 0.6487652 -0.7609886 0 0.6485987 -0.7611306 2.03743e-4 0.6487655 -0.7609884 -2.69108e-5 0.01610785 -0.9998703 0 0.01610392 -0.9998704 2.96872e-5 0.01610785 -0.9998704 0 0.01609981 -0.9998705 0 0.9998094 -0.01952779 0.8849027 0 0.4657762 0 0.8849035 0.4657745 0 -0.8849439 0.4656978 0 0.8849036 0.4657742 0 -0.8849446 0.4656963 0 0.8849464 0.465693 -2.20388e-6 0 1 0.884903 0 0.4657754 -0.8849452 0 0.4656953 0 -0.884943 0.4656994 0 0.8849474 0.4656912 -0.8849445 0 0.4656965 0.884944 0 0.4656976 1.26497e-6 0 1 -1.26497e-6 0 1 0 0.8849454 0.465695 0 -0.8849427 0.4657 0 -0.8849453 0.4656951 -0.8849446 0 0.4656966 0 0.8849031 0.4657754 0.8849443 0 0.4656968 -0.8849449 0 0.465696 0 -0.8849449 0.465696 -0.8849451 0 0.4656955 1.55393e-6 0 1 2.20388e-6 0 1 -6.61162e-6 0 1 2.20388e-6 0 1 -1.55393e-6 0 1 -1.29667e-5 0 1 -0.9948633 0 0.1012287 0.7274937 0.678604 0.1012405 1.49251e-5 0 1 -1.74967e-6 0 1 0 0.9948629 0.1012316 -0.4235134 -0.8818691 0.2072282 0.4306949 0.8968029 0.1012254 2.03524e-6 0 1 -4.84186e-6 0 1 -0.7274886 0.6786118 0.1012246 0.9948627 0 0.1012338 -1.5169e-5 0 1 -6.5319e-6 0 1 -0.2439498 -0.9644902 0.1012292 0 -0.9948629 0.1012319 -3.35269e-6 0 1 -0.4306837 0.8968065 0.1012416 0.2439509 -0.9644895 0.1012318 1.99463e-4 0 -1 0 0.5010477 -0.8654196 -1 0 0 0 -0.6769163 0.73606 -0.589828 0.807529 -4.0541e-5 -0.999901 -0.01407104 0 0 1 2.40673e-7 1 -2.24455e-7 0 0.9828621 0.1843425 0 0 0.4399287 -0.8980327 -0.9830327 0.1834304 0 0 1 2.31333e-6 0 0.2369966 -0.9715105 0 -1 -1.91881e-6 0 0.2369969 -0.9715104 0 1 1.79749e-6 0.9148942 0.4036939 0 0 0.4036845 -0.9148983 -0.9148948 0.4036924 0 0 0.4036947 0.9148938 1 1.70164e-6 0 0 1 -5.36373e-7 0 1 -2.68233e-7 0 -1 5.36375e-7 0 -1 1.34116e-7 0 -1 -1.34116e-7 0 1 0 0 0.9998095 -0.01952195 0 0.01610785 -0.9998703 0 -0.6769164 0.73606 0 0.01610785 -0.9998704 0 0.9998095 -0.01952171 1 -5.65285e-7 0 -0.4488154 0 0.8936245 -0.4488169 0 0.8936238 -0.4488531 0.8934353 -0.01744478 -0.4488982 0.5797254 -0.6800065 -0.4487949 0.01438105 -0.8935191 -0.4488536 -0.8936054 0 -0.4488528 -0.8936057 0 -0.4488556 -0.6048953 0.6577464 0.4488034 -0.6049241 0.6577557 0.4488534 -0.8936055 0 0.7071079 -0.7071057 0 -0.707106 -0.7071076 0 0.707107 -0.7071067 0 -0.7071055 -0.7071082 0 -0.58969 0.8076297 -1.73639e-6 1 -1.73328e-6 0 -0.02550971 -0.9996746 0 0.02554768 0.4414339 -0.89693 0.02550905 -0.9996747 0 0.02553838 0.3468259 0.9375818 0.02555543 0.9996734 0 -0.02552652 0.4414339 -0.8969307 -0.02553898 0.3468257 0.9375819 -0.02555602 0.9996735 0 -0.1511256 0.9885147 0 -0.1511564 0.4364759 -0.8869276 -0.1511262 -0.9885146 0 -0.151148 0.3429794 0.9271027 0.151154 0.3429851 0.9270997 0.1511344 -0.9885132 0 0.1511536 0.4364556 -0.8869382 0.1511337 0.9885134 0 0 -1 1.94363e-6 0 -1 -4.30498e-7 1 0 0 -0.5901479 0.8072931 -0.001787543 -8.49703e-4 0.4633593 0.8861702 -7.59738e-4 0.475008 0.8799812 0 2.95289e-4 1 0.7071095 0.7071041 0 -0.7071567 0.7070569 0 0.7071085 0.7071051 0 -0.7071111 0.7071025 -5.19648e-6 0.7071077 -0.7071059 0 -0.7071552 -0.7070584 0 0.707109 -0.7071046 0 -0.7071563 -0.7070572 0 -4.57189e-7 0 -1 -9.14497e-7 0 1 -1.84689e-7 -4.3997e-7 -1 0.5896845 0.8076338 1.05654e-6 0 -1 0 -1 1.2066e-7 0 4.38668e-7 0 -1 -4.38672e-7 -1.74169e-7 -1 0 1 -3.09369e-7 0 1 -1.03123e-6 0 1 0 0 -4.3997e-7 -1 1.84688e-7 -7.33283e-7 -1 0.4488194 0 0.8936226 0.4488319 0.01439428 -0.8935003 0.4488263 0.57976 -0.6800246 0.4488734 0.893425 -0.01745098 0 -1 0 0 0 -1 0 -1 2.15247e-7 0.9999998 8.27762e-4 0 0 0.8342109 -0.5514456 0 0.8343597 -0.5512206 0 0.8343596 -0.5512205 0 0.8342108 -0.5514458 0 0.8343592 -0.5512213 -1.01873e-5 0.8343598 -0.5512204 -0.5893843 0.8078529 -4.05404e-5 0 0.8345676 -0.5509057 0.589943 0.8074449 0 0 0.8345673 -0.5509063 0 0.8345677 -0.5509055 0 0.834568 -0.550905 -0.5899478 0.8074414 -1.65743e-6 0 0.8342106 -0.5514461 0.5894033 0.8078391 0 -0.5895327 0.8077446 0 -6.44313e-6 -0.9510427 0.3090598 0 -2.46462e-5 1 -6.89588e-6 -2.41489e-5 1 -6.62751e-6 -0.9510431 0.3090584 -7.04579e-6 2.37798e-5 1 0 0.9510477 0.3090442 1 -1.49447e-7 0 0 0.9782952 0.2072167 0.9782951 0 0.2072169 -0.978291 0 0.2072362 -0.2398818 0.9484255 0.2072339 -0.7153756 -0.6673046 0.2072252 0 -0.9782908 0.2072371 0.2398888 0.9484277 0.2072157 0.715375 -0.6673129 0.2072007 0.4235076 -0.8818759 0.2072108 1 0 1.77911e-4 0.58969 0.8076298 0 0.5899433 0.8074448 0 0.5894033 0.8078389 0 0 -1 -2.92529e-7 -1 -1.81201e-7 0 0 1 5.90256e-7 1 0 0 7.05732e-7 0 1 0 1 5.90242e-7 0 0.4745038 0.8802536 1 0 0 0 0.999808 -0.01959478 -1.90169e-4 0.9998095 -0.01952201 0 0.9998133 -0.01932847 1.90192e-4 0.9998095 -0.01952183</float_array>
          <technique_common>
            <accessor source="#fuselage_med-mesh-normals-array" count="542" stride="3">
              <param name="X" type="float"/>
              <param name="Y" type="float"/>
              <param name="Z" type="float"/>
            </accessor>
          </technique_common>
        </source>
        <source id="fuselage_med-mesh-map-0">
          <float_array id="fuselage_med-mesh-map-0-array" count="5316">0.8152309 0.3142389 0.7407282 0.2590807 0.8152309 0.2590807 0.8152309 0.3162492 0.7407218 0.4287536 0.7407218 0.3162492 0.6077209 0.07316982 0.6905975 0.06928932 0.6867167 0.07316982 0.6077209 0.1923568 0.6038403 0.06928932 0.6077209 0.07316982 0.6905975 0.1962373 0.6077209 0.1923568 0.6867167 0.1923568 0.6905975 0.06928932 0.6867167 0.1923568 0.6867167 0.07316982 0.6905975 0.002951145 0.6867167 0.06531643 0.6867167 0.006923913 0.6077209 0.006923913 0.6905975 0.002951145 0.6867167 0.006923913 0.6077209 0.06531643 0.6038403 0.002951145 0.6077209 0.006923913 0.6905975 0.06928932 0.6077209 0.06531643 0.6867167 0.06531643 0.8152309 0.5027412 0.7406983 0.431434 0.8152309 0.431434 0.605955 0.6293827 0.605955 0.6055988 0.605955 0.6055988 0.6059554 0.6293827 0.605955 0.6531666 0.6059554 0.6531665 0.5992205 0.6862213 0.5787954 0.6946135 0.5756786 0.6862213 0.6043635 0.7041854 0.5960245 0.6946135 0.6043632 0.6915171 0.5787954 0.6946135 0.5704553 0.7041862 0.5704553 0.6915163 0.6043644 0.7041862 0.5960245 0.6946135 0.6043644 0.6915162 0.5787954 0.6946135 0.5961046 0.7010887 0.5787959 0.7010887 0.5960245 0.7010887 0.5787158 0.6945512 0.5960245 0.6945512 0.5787158 0.6946135 0.5703759 0.7041862 0.5703759 0.6915162 0.6045234 0.7042147 0.5961046 0.6945512 0.6045234 0.6914245 0.5960245 0.7010887 0.5787158 0.6946135 0.5960245 0.6946135 0.5960245 0.6946135 0.5787158 0.7010887 0.5787158 0.6946135 0.5787959 0.7010887 0.5961046 0.6945512 0.5961046 0.7010886 0.5787954 0.7010887 0.5961046 0.6946135 0.5961046 0.7010887 0.5414255 0.6484724 0.5701538 0.6519774 0.5343531 0.6531666 0.5960245 0.6946135 0.575599 0.6862208 0.5991418 0.6862209 0.575599 0.7094815 0.5960245 0.7010887 0.5991418 0.7094814 0.5787959 0.6946135 0.5704563 0.7041854 0.5704572 0.6915171 0.5961046 0.7010887 0.6044431 0.6915172 0.6044431 0.7041857 0.5787954 0.7010887 0.5992205 0.7094809 0.5756786 0.709481 0.5992205 0.6862216 0.5787959 0.6946135 0.5756791 0.6862216 0.573659 0.6126714 0.5701538 0.6305719 0.5701538 0.6055988 0.5414255 0.6698778 0.5343531 0.6531666 0.5414253 0.6554824 0.5414255 0.6126714 0.5701538 0.6055988 0.566649 0.6126714 0.5701538 0.6519774 0.5414253 0.6554824 0.5343531 0.6531666 0.5701538 0.6519774 0.573659 0.6698778 0.5701538 0.6768879 0.573659 0.6340768 0.5701538 0.6519774 0.5701538 0.6305719 0.5988823 0.6698778 0.5701538 0.6768879 0.573659 0.6698778 0.566649 0.6698778 0.5701538 0.6519774 0.5701538 0.6768879 0.5701538 0.6519774 0.566649 0.6340768 0.5701538 0.6305719 0.5701538 0.6305719 0.566649 0.6126714 0.5701538 0.6055988 0.604444 0.704186 0.5961046 0.6946135 0.604444 0.6915163 0.5787959 0.6945512 0.5703771 0.7042146 0.5703769 0.6914245 0.5787158 0.6945512 0.570297 0.7042146 0.570297 0.6914245 0.575599 0.7094811 0.5960245 0.7010887 0.5991418 0.7094809 0.5787959 0.7010887 0.5992205 0.7094807 0.5756791 0.7094807 0.5960245 0.7010887 0.6044436 0.6914246 0.6044436 0.7042147 0.5960245 0.6945512 0.575599 0.6861587 0.5991418 0.6861585 0.5992205 0.686159 0.5787959 0.6945512 0.5756791 0.686159 0.575599 0.7094814 0.5960245 0.7010887 0.5991418 0.7094814 0.5787158 0.6946135 0.5703769 0.7041857 0.5703769 0.6915172 0.5960245 0.6946135 0.575599 0.6862211 0.5991418 0.6862213 0.5787959 0.7010887 0.5992203 0.709481 0.5756791 0.7094809 0.5701538 0.6768879 0.5414255 0.6698778 0.566649 0.6698778 0.5701538 0.6305719 0.5414253 0.6340768 0.5343531 0.6293827 0.5988823 0.6126714 0.6059554 0.6293827 0.5988823 0.6270668 0.5701538 0.6768879 0.5343531 0.6768878 0.5343531 0.6768879 0.6059554 0.6531665 0.605955 0.6768878 0.605955 0.6768879 0.5343531 0.6531666 0.5343531 0.6768879 0.5343531 0.6768878 0.5343531 0.6531666 0.5343531 0.6293827 0.5343531 0.6293827 0.5701538 0.6055988 0.605955 0.6055988 0.605955 0.6055988 0.5343531 0.6293827 0.5343531 0.6055988 0.5343531 0.6055988 0.605955 0.6768879 0.5701543 0.6768878 0.5701538 0.6768879 0.5343531 0.6055988 0.5701543 0.6055988 0.5701538 0.6055988 0.5701538 0.6305719 0.5988823 0.6270668 0.6059554 0.6293827 0.6059554 0.6293827 0.5988823 0.6484724 0.5988823 0.6340768 0.5343531 0.6531666 0.5414253 0.6340768 0.5414255 0.6484724 0.5988823 0.6340768 0.5701538 0.6305719 0.6059554 0.6293827 0.5343531 0.6293827 0.5414255 0.6126714 0.5414255 0.6270668 0.5414255 0.6270668 0.5701538 0.6305719 0.5343531 0.6293827 0.5988823 0.6554824 0.5701538 0.6519774 0.6059554 0.6531665 0.5701538 0.6055988 0.5988823 0.6126714 0.573659 0.6126714 0.6059554 0.6531665 0.5988823 0.6698778 0.5988823 0.6554824 0.5701538 0.6519774 0.5988823 0.6484724 0.6059554 0.6531665 0.9012054 0.1752596 0.9110738 0.1791157 0.9036235 0.1791157 0.699005 0.8517242 0.6999639 0.8208484 0.706758 0.8220639 0.3971278 0.8184062 0.4525775 0.8441968 0.399232 0.8489015 0.9012053 0.5151685 0.9110738 0.5113781 0.9140148 0.5151685 0.9374116 0.4228878 0.9110738 0.5113781 0.9335558 0.4224306 0.5955395 0.8441968 0.4512323 0.8136347 0.5968847 0.8136347 0.3466722 0.9380846 0.391495 0.8967397 0.4006928 0.9320002 0.877547 0.4660222 0.9036234 0.5113781 0.9012053 0.5151685 0.3971278 0.8184062 0.3516184 0.8512758 0.3481525 0.8208484 0.877547 0.2244718 0.9036235 0.1791157 0.8807494 0.226759 0.9374117 0.2676057 0.9110738 0.1791157 0.9140148 0.1752596 0.6509891 0.8184062 0.5955395 0.8441968 0.5968847 0.8136347 0.8340209 0.2650569 0.8378767 0.4237377 0.8340207 0.4254367 0.908525 0.5080451 0.8834942 0.4617084 0.930288 0.4219729 0.3481525 0.8208484 0.3491116 0.8517243 0.3413583 0.8220639 0.8412751 0.2681941 0.930288 0.4219729 0.8412751 0.4222997 0.877547 0.2244718 0.8378767 0.2666907 0.8340209 0.2650569 0.877547 0.4660222 0.8378767 0.4237377 0.8807494 0.4636691 0.8412751 0.2681941 0.8834943 0.2287852 0.930288 0.2684552 0.930288 0.4219729 0.8834942 0.4617084 0.8412751 0.4222997 0.2305147 0.8522399 0.312406 0.8196035 0.3155839 0.8500952 0.08774143 0.821678 0.2305147 0.8522399 0.08735573 0.8522402 0.9374116 0.4228878 0.9335558 0.2680632 0.9374117 0.2676057 0.8834943 0.2287852 0.908525 0.1824487 0.930288 0.2684552 0.6509891 0.8184062 0.696498 0.8512757 0.6488848 0.8489013 0.08735573 0.8522402 0.00546509 0.8196038 0.08774143 0.821678 0.5293504 0.775825 0.6112453 0.7371429 0.6112453 0.775825 0.155722 0.2527608 0.1397649 0.1466411 0.155722 0.1466413 0.8152309 0.1722896 0.7978038 0.08661413 0.8152309 0.08661413 0.8152309 0.2550451 0.7978038 0.1722896 0.8152309 0.1722896 0.8152309 0.08661413 0.7978038 0.003858566 0.8152309 0.003858566 0.6168209 0.7332224 0.6276239 0.7419345 0.6112453 0.7371429 0.4775559 0.5341983 0.5610257 0.5543768 0.4775559 0.5543768 0.44741 0.8097193 0.4474099 0.7494433 0.4689874 0.8097193 0.5610257 0.5543768 0.4775559 0.587 0.4775559 0.5543768 0.44741 0.680862 0.4967666 0.7458618 0.4474099 0.7494433 0.6918027 0.4600768 0.6090725 0.3820163 0.6918027 0.3820163 0.1737486 0.6869767 0.0869612 0.6787859 0.1737486 0.6787859 0.05113756 0.5527867 0.09974831 0.674733 0.05114436 0.6747364 0.5343942 0.2856895 0.5172659 0.3816129 0.5172659 0.2770516 0.4465945 0.5252246 0.4647822 0.4399688 0.4647822 0.5252246 0.1397649 0.004557192 0.3957772 0.06162363 0.1557222 0.06162363 0.4268881 0.5528041 0.3783029 0.4108561 0.4269002 0.4108606 0.07877027 0.8175064 0.02884143 0.7355985 0.07877027 0.7355985 0.3505475 0.7355985 0.4005637 0.8175064 0.3505475 0.8175064 0.6276239 0.7419345 0.6112453 0.7758241 0.6112453 0.7371429 0.5291599 0.7758241 0.6112453 0.7947938 0.5291599 0.7947938 0.02830672 0.4083839 0.02292501 0.371972 0.04416102 0.4020321 0.004743576 0.3077791 0.02292501 0.371972 0.004743576 0.3750751 0.2190213 0.6356735 0.2577823 0.572246 0.2577823 0.6356735 0.198098 0.6747297 0.1113217 0.5527873 0.198099 0.552789 0.1557222 0.06162363 0.1397649 0.1466411 0.1397649 0.004557192 0.3957773 0.2527608 0.4117345 0.1466411 0.4117344 0.2685341 0.6933993 0.7495138 0.6933991 0.8096264 0.6717935 0.8096264 0.05115073 0.410811 0.09974461 0.552787 0.05113756 0.5527867 0.4268831 0.6747332 0.3782898 0.552801 0.4268881 0.5528041 0.5130147 0.7419307 0.5293504 0.775825 0.5130147 0.7856091 0.02825814 0.2744218 0.02292501 0.3107849 0.004743576 0.3077791 0.384971 0.2447443 0.392274 0.2040565 0.392274 0.2515257 0.392274 0.2515257 0.3178534 0.2447443 0.384971 0.2447443 0.3178534 0.2447443 0.3105505 0.2040565 0.3178534 0.2040565 0.5690406 0.5919366 0.561675 0.5752764 0.5721097 0.5752764 0.6607533 0.609896 0.6503921 0.5731536 0.6503921 0.6166872 0.6503921 0.6166872 0.7218743 0.609896 0.6607533 0.609896 0.7218743 0.609896 0.7322355 0.5731536 0.7218743 0.5731536 0.6361803 0.5919777 0.6434941 0.5752354 0.6434941 0.5919777 0.6112453 0.680862 0.6068893 0.7327867 0.6068893 0.6852179 0.6112453 0.7371429 0.5337066 0.7327867 0.6068893 0.7327867 0.5337066 0.7327867 0.5293504 0.680862 0.5337066 0.6852179 0.5337066 0.6852179 0.6112453 0.680862 0.6068893 0.6852179 0.2190213 0.572246 0.262881 0.5606824 0.2577823 0.572246 0.2577823 0.572246 0.2698808 0.6404846 0.2577823 0.63561 0.2627837 0.647399 0.2190213 0.63561 0.2577823 0.63561 0.2070026 0.6405227 0.2190213 0.572246 0.2190213 0.63561 0.539546 0.2685341 0.4877776 0.2454211 0.5231115 0.2454576 0.4877776 0.2454211 0.4713754 0.1466894 0.4878195 0.1467274 0.4878583 0.0278846 0.4713754 0.1466894 0.4713762 0.004557311 0.4878583 0.0278846 0.5396761 0.004557192 0.5232158 0.02792102 0.5232158 0.02792102 0.5395966 0.1466931 0.5231525 0.1466982 0.5231115 0.2454576 0.5395966 0.1466931 0.539546 0.2685341 0.06364828 0.2452856 0.01194751 0.2685899 0.02835613 0.2453212 0.02835613 0.2453212 0.01186299 0.1466624 0.02829873 0.146661 0.02820986 0.02789789 0.01186299 0.1466624 0.01174706 0.004619598 0.01174706 0.004619598 0.06356251 0.02785944 0.02820986 0.02789789 0.06356251 0.02785944 0.08004677 0.1466695 0.06361353 0.1466922 0.06364828 0.2452856 0.08004677 0.1466695 0.08004683 0.268503 0.4276916 0.2527608 0.4117345 0.1466411 0.4276916 0.1466413 0.4276916 0.0204662 0.4117345 0.1466411 0.4117345 0.004557192 0.4276916 0.0204662 0.4616988 0.004557192 0.4526304 0.0204662 0.4526304 0.0204662 0.4616988 0.1466411 0.4526303 0.1466413 0.4526304 0.2527609 0.4616988 0.1466411 0.4616988 0.2685341 0.4276916 0.2527608 0.4616988 0.2685341 0.4117344 0.2685341 0.03523874 0.4267172 0.05113756 0.5527867 0.03522783 0.5527865 0.03523486 0.6588305 0.05113756 0.5527867 0.05114436 0.6747364 0.03523486 0.6588305 0.001192688 0.6747457 0.01026219 0.6588339 0.01026219 0.6588339 0.001179397 0.5527865 0.01025295 0.5527864 0.01026362 0.4267127 0.001179397 0.5527865 0.001192688 0.4107992 0.03523874 0.4267172 0.001192688 0.4107992 0.05115073 0.410811 0.4427907 0.6588276 0.4268881 0.5528041 0.4427949 0.552805 0.4428048 0.4267678 0.4268881 0.5528041 0.4269002 0.4108606 0.4428048 0.4267678 0.4768458 0.4108647 0.467773 0.4267698 0.467773 0.4267698 0.4768351 0.5528067 0.4677634 0.5528063 0.4677595 0.6588284 0.4768351 0.5528067 0.4768299 0.6747349 0.4427907 0.6588276 0.4768299 0.6747349 0.4268831 0.6747332 0.1238076 0.0204662 0.1397649 0.1466411 0.1238076 0.1466413 0.1238076 0.2527608 0.1397649 0.1466411 0.1397649 0.2685341 0.1238076 0.2527608 0.08971327 0.2685341 0.09878182 0.2527609 0.09878182 0.2527609 0.08971321 0.1466413 0.09878176 0.1466413 0.09878182 0.0204662 0.08971321 0.1466413 0.08971327 0.004557311 0.1238076 0.0204662 0.08971327 0.004557311 0.1397649 0.004557192 0.6087782 0.3797165 0.580917 0.2963989 0.580917 0.3797165 0.6905975 0.2796683 0.7196088 0.1962373 0.7196088 0.2796683 0.6905975 0.1962373 0.7196088 0.06928932 0.7196088 0.1962373 0.6905975 0.06928932 0.7196088 0.002951145 0.7196088 0.06928932 0.6090725 0.3820163 0.5814078 0.4600768 0.5814078 0.3820163 0.6920961 0.2963989 0.7199574 0.3797165 0.7199574 0.2963989 0.6918027 0.4600768 0.7194672 0.3820163 0.7194672 0.4600768 0.6038403 0.002951145 0.5748291 0.06928932 0.5748291 0.002951145 0.6038403 0.1962373 0.5748291 0.2796683 0.5748291 0.1962373 0.6087782 0.2963989 0.6920961 0.2795403 0.6087782 0.2795403 0.6920961 0.2963989 0.7199574 0.2795403 0.6920961 0.2795403 0.6922662 0.570046 0.719919 0.5533483 0.6922662 0.5491961 0.6092192 0.570046 0.5815663 0.5533483 0.5815663 0.570046 0.2990825 0.1130774 0.2910729 0.1614838 0.2982992 0.1640086 0.2982992 0.1640086 0.2220327 0.2433218 0.2249929 0.2499387 0.1587388 0.2512446 0.2220327 0.2433218 0.1587388 0.2433218 0.580917 0.2963989 0.6087782 0.2795403 0.580917 0.2795403 0.5238469 0.6904778 0.5293504 0.7370387 0.5238469 0.7331078 0.5238469 0.7331078 0.5130147 0.7419307 0.5115296 0.7392227 0.5130147 0.7419307 0.4967666 0.7458618 0.5115296 0.7392227 0.6168209 0.6906209 0.6112453 0.7371429 0.6112455 0.6808636 0.7212729 0.8000025 0.7309086 0.7495149 0.7309 0.8096316 0.7212729 0.8000025 0.6933991 0.8096264 0.703028 0.8000004 0.703028 0.8000004 0.6933993 0.7495138 0.7030299 0.749513 0.4377609 0.8000572 0.4474099 0.7494433 0.44741 0.8097193 0.5639696 0.3764335 0.580917 0.2963989 0.5639696 0.2963989 0.5639696 0.2882358 0.580917 0.2963989 0.580917 0.2795403 0.7373481 0.2706137 0.7196088 0.1962373 0.7373481 0.2003027 0.7373481 0.1922644 0.7196088 0.06928932 0.7373481 0.07243067 0.7373481 0.01200556 0.7196088 0.06928932 0.7196088 0.002951145 0.5646035 0.5613879 0.5815663 0.5533483 0.5646035 0.5533483 0.5646035 0.4672092 0.5815663 0.5533483 0.5815663 0.4634985 0.5645796 0.3857166 0.5814078 0.4600768 0.5645796 0.4567287 0.7363833 0.3857166 0.7194672 0.4600768 0.7194672 0.3820163 0.7368818 0.4672092 0.719919 0.5533483 0.7368818 0.5613879 0.8192977 0.6784723 0.7374458 0.8179433 0.8192977 0.8179433 0.1113235 0.6747312 0.09974461 0.552787 0.1113217 0.5527873 0.3667288 0.4108543 0.3782898 0.552801 0.366715 0.5528003 0.1113217 0.5527873 0.0997579 0.4108178 0.111334 0.4108209 0.366715 0.5528003 0.3782849 0.6747315 0.3667102 0.6747319 0.6443793 0.9449248 0.7550779 0.9332029 0.7714097 0.9449248 0.4666883 0.3609714 0.4719404 0.4009743 0.4666883 0.4036006 0.4531917 0.3998262 0.4584904 0.3601307 0.4584904 0.4024322 0.6812798 0.0745933 0.6426051 0.1263284 0.6812798 0.1279592 0.6220087 0.02529907 0.6098921 0.06403851 0.6103997 0.02529907 0.6819047 0.06332439 0.6432222 0.01156508 0.6432222 0.06188189 0.6439152 0.7459421 0.6291049 0.7393211 0.6291049 0.6860908 0.6215628 0.1895622 0.6096734 0.1507999 0.6207591 0.1507999 0.6813997 0.2049373 0.6427308 0.2469591 0.6427308 0.20561 0.6091926 0.07566183 0.6213551 0.1141118 0.6098189 0.1141118 0.6106384 0.2415692 0.6224572 0.2030345 0.621659 0.2415692 0.6426901 0.1330915 0.6813665 0.1751257 0.6426901 0.1744738 0.626015 0.1349248 0.6426901 0.1744738 0.626015 0.1729024 0.6173651 0.1307654 0.6098189 0.1141118 0.6213551 0.1141118 0.6258457 0.1222257 0.6426051 0.0760498 0.6258457 0.07971638 0.6141093 0.2581433 0.621659 0.2415692 0.6196632 0.2581433 0.6131648 0.1341285 0.6207591 0.1507999 0.6096734 0.1507999 0.6265375 0.01567077 0.6432222 0.06188189 0.6432222 0.01156508 0.6179935 0.00862807 0.6103997 0.02529907 0.6121455 0.00862807 0.6427308 0.20561 0.6259818 0.245127 0.6259818 0.2071802 0.5748291 0.1962373 0.6038403 0.06928932 0.6038403 0.1962373 0.05320537 0.3540247 0.1031676 0.2721797 0.1031564 0.3540311 0.4248901 0.2722301 0.3749247 0.3540705 0.3749383 0.2722216 0.6686773 0.5037852 0.6092192 0.4634985 0.6328079 0.5037852 0.6328079 0.5037852 0.609219 0.5491961 0.6328079 0.5464572 0.609219 0.5491961 0.6686773 0.5464572 0.6328079 0.5464572 0.6686773 0.5037852 0.6922662 0.5491961 0.6922662 0.4634985 0.6654355 0.3790026 0.6295087 0.3601974 0.6654356 0.3601973 0.6107033 0.3601974 0.6295085 0.3174144 0.6295087 0.3601974 0.6295085 0.2986088 0.6654356 0.3174142 0.6295085 0.3174144 0.6842411 0.317414 0.6654356 0.3601973 0.6654356 0.3174142 0.6295085 0.3174144 0.6654356 0.3601973 0.6295087 0.3601974 0.198099 0.552789 0.1701661 0.5071517 0.1701709 0.4564666 0.1701661 0.5071517 0.1113217 0.5527873 0.1392596 0.5071502 0.1113217 0.5527873 0.1392642 0.4564632 0.1392596 0.5071502 0.3387919 0.4564842 0.366715 0.5528003 0.3387872 0.5071653 0.2983025 0.1640076 0.2062733 0.1130739 0.2990862 0.1130739 0.2062733 0.1130739 0.2249925 0.2499421 0.1587352 0.1647912 0.1587388 0.1647921 0.1587388 0.2433218 0.2220327 0.2433218 0.6922662 0.5491961 0.6092192 0.570046 0.6922662 0.570046 0.2910729 0.1614838 0.2910729 0.1130774 0.2062745 0.1130774 0.6443793 0.9449248 0.5483658 0.9332029 0.6443793 0.9332029 0.7800059 0.2141454 0.7664095 0.01568979 0.7800059 0.03259831 0.7664093 0.2310535 0.7564736 0.003400683 0.7664095 0.01568979 0.738868 0.2433426 0.7564736 0.003400683 0.7564735 0.2433426 0.3957772 0.06162363 0.4117345 0.1466411 0.3957773 0.1466413 0.4616988 0.1466411 0.4713742 0.2685341 0.4616988 0.2685341 0.08971321 0.1466413 0.08003181 0.004532337 0.08971327 0.004557311 0.4616988 0.004557192 0.4713754 0.1466894 0.4616988 0.1466411 0.08971321 0.1466413 0.08004683 0.268503 0.08004677 0.1466695 0.5492828 0.1466976 0.5396761 0.004557192 0.5493513 0.004557192 0.002192497 0.1466694 0.01194751 0.2685899 0.002279818 0.2685968 0.549224 0.2685341 0.5395966 0.1466931 0.5492828 0.1466976 0.002073407 0.004628062 0.01186299 0.1466624 0.002192497 0.1466694 0.5177696 0.6134957 0.4978731 0.6641972 0.4978731 0.6134957 0.09761601 0.3848558 0.06677931 0.4048039 0.09761601 0.4048039 0.5177696 0.6641972 0.4978731 0.6134957 0.4978731 0.6641972 0.06677931 0.3848558 0.09761601 0.4048039 0.06677931 0.4048039 0.06673514 0.3590372 0.09761601 0.3789575 0.06673514 0.3789575 0.5177696 0.6134957 0.4978731 0.6641972 0.4978731 0.6134957 0.09761601 0.3590372 0.06673514 0.3789575 0.09761601 0.3789575 0.5177696 0.6641972 0.4978731 0.6134957 0.4978731 0.6641972 0.4163223 0.3561456 0.4472713 0.4067977 0.4472713 0.3561456 0.4116084 0.3561452 0.3806588 0.4067981 0.4116084 0.4067981 0.609219 0.5491961 0.5815663 0.4634985 0.5815663 0.5533483 0.4005637 0.7355985 0.4073603 0.8106228 0.4005637 0.8175064 0.02195769 0.8106228 0.02884143 0.7355985 0.02884143 0.8175064 0.05320537 0.3540247 0.04637855 0.2790089 0.05321633 0.2721729 0.4317248 0.2790679 0.4248761 0.3540789 0.4248901 0.2722301 0.8192977 0.6784717 0.7374458 0.8179433 0.8192977 0.8179433 0.7374458 0.6784723 0.8192977 0.8179433 0.7374458 0.8179433 0.3505475 0.7355985 0.2555694 0.6869767 0.3505475 0.6869767 0.4465945 0.5252246 0.4647822 0.6315541 0.4465945 0.6315541 0.4377609 0.8000572 0.4098186 0.8096854 0.4194772 0.8000441 0.6443793 0.9449245 0.7550779 0.9332033 0.6443793 0.9332033 0.3112703 0.06339967 0.3931452 0.20291 0.3112703 0.20291 0.3931308 0.06347382 0.311304 0.2029018 0.3931308 0.2029018 0.2466459 0.2811352 0.3131481 0.3944508 0.3131481 0.2811352 0.2354249 0.3953 0.1687442 0.2816798 0.2354249 0.2816798 0.7374458 0.6784717 0.8192977 0.8179433 0.8192977 0.6784717 0.07877027 0.7355985 0.1737486 0.8175064 0.07877027 0.8175064 0.2555694 0.8175064 0.3505475 0.7355985 0.3505475 0.8175064 0.3166889 0.2685341 0.2348103 0.2527609 0.3166889 0.2527608 0.155722 0.2527608 0.2348103 0.2685341 0.1397649 0.2685341 0.3957773 0.2527608 0.3166889 0.2685341 0.3166889 0.2527608 0.2555694 0.6869767 0.1737486 0.7355986 0.1737486 0.6869767 0.1737486 0.6869767 0.07877027 0.7355985 0.07877027 0.6869767 0.2062745 0.1130774 0.2220327 0.2433218 0.2910729 0.1614838 0.7369935 0.3764335 0.7199574 0.2963989 0.7199574 0.3797165 0.7368818 0.5613879 0.719919 0.5533483 0.719919 0.570046 0.5571818 0.01200556 0.5748291 0.06928932 0.5571818 0.06605553 0.5571818 0.1922644 0.5748291 0.06928932 0.5748291 0.1962373 0.5571818 0.2706137 0.5748291 0.1962373 0.5748291 0.2796683 0.7369935 0.2882358 0.7199574 0.2795403 0.7199574 0.2963989 0.1587352 0.2512481 0.1587352 0.1647912 0.2249925 0.2499421 0.719919 0.4634985 0.6922662 0.5491961 0.719919 0.5533483 0.2799458 0.5527958 0.3667102 0.6747319 0.2799412 0.6747295 0.1737486 0.6869767 0.2555694 0.6787859 0.2555694 0.6869767 0.3423569 0.6787859 0.2555694 0.6869767 0.2555694 0.6787859 0.8239486 0.6778168 0.8984383 0.7924697 0.8984383 0.6778168 0.366715 0.5528003 0.307882 0.5071629 0.3387872 0.5071653 0.5131534 0.1275367 0.4949219 0.2336117 0.4949219 0.1275367 0.721284 0.6904972 0.7309086 0.7495149 0.7212782 0.749514 0.51358 0.3485529 0.4930142 0.2943426 0.51358 0.2759566 0.7714097 0.8695891 0.7550779 0.9332033 0.7714097 0.9449248 0.7550779 0.8305385 0.7714097 0.8695891 0.7714097 0.8305385 0.51358 0.3485529 0.4930142 0.4375449 0.4930142 0.3485529 0.7714097 0.8305383 0.7550779 0.869589 0.7550779 0.8305383 0.7550779 0.9332029 0.7714097 0.869589 0.7714097 0.9449248 0.4194772 0.8000441 0.4098727 0.7494428 0.4195107 0.7494494 0.4195459 0.6904652 0.4098727 0.7494428 0.4099277 0.6808336 0.4778413 0.4398696 0.489609 0.3577598 0.489609 0.4398696 0.4896091 0.5117899 0.5253065 0.5280934 0.5253065 0.5117899 0.5504194 0.3816129 0.5343942 0.4777637 0.5343942 0.3816129 0.5642902 0.5280934 0.5253065 0.5117899 0.5253065 0.5280934 0.5253064 0.5280934 0.489609 0.5117899 0.5253064 0.5117899 0.5642907 0.5280934 0.5253064 0.5117899 0.5642907 0.5117899 0.5343942 0.4793187 0.5172659 0.3816129 0.5343942 0.3816129 0.4930142 0.4917552 0.51358 0.4375449 0.51358 0.5100467 0.4778413 0.4398696 0.4896091 0.5117899 0.4896091 0.4398696 0.4778413 0.4398696 0.489609 0.5117899 0.4778413 0.5280934 0.6302362 0.9576528 0.5121864 0.9524695 0.5121864 0.9576528 0.6302362 0.9837636 0.5121864 0.9785153 0.5121864 0.9837636 0.6302362 0.9680842 0.5121864 0.9629009 0.5121864 0.9680842 0.6302362 0.9785153 0.5121864 0.9733323 0.5121864 0.9785153 0.5121864 0.9629009 0.6302362 0.9576528 0.5121864 0.9576528 0.6302362 0.9993784 0.5121864 0.9941948 0.5121864 0.9993784 0.6302362 0.9524695 0.5121864 0.9472214 0.5121864 0.9524695 0.6302362 0.9941948 0.5121864 0.9889472 0.5121864 0.9941948 0.6302362 0.9889472 0.5121864 0.9837636 0.5121864 0.9889472 0.5121864 0.9680842 0.6302362 0.9733323 0.6302362 0.9680842 0.6302359 0.988947 0.5121868 0.9837635 0.5121868 0.988947 0.5121868 0.9524695 0.6302359 0.9472214 0.5121868 0.9472214 0.6302359 0.9680842 0.5121868 0.9629011 0.5121868 0.9680842 0.6302359 0.9576528 0.5121868 0.9524695 0.5121868 0.9576528 0.5121868 0.9993784 0.6302359 0.9941948 0.5121868 0.9941948 0.6302359 0.9785153 0.5121868 0.9733323 0.5121868 0.9785153 0.6302359 0.9733323 0.5121868 0.9680842 0.5121868 0.9733323 0.6302359 0.9629011 0.5121868 0.9576528 0.5121868 0.9629011 0.6302359 0.9837635 0.5121868 0.9785153 0.5121868 0.9837635 0.6302359 0.9941948 0.5121868 0.988947 0.5121868 0.9941948 0.6302364 0.9576528 0.5121864 0.9524692 0.5121864 0.9576528 0.6302364 0.9993786 0.5121864 0.9941951 0.5121864 0.9993786 0.6302364 0.9733323 0.5121864 0.9680842 0.5121864 0.9733323 0.6302364 0.9680842 0.5121864 0.9629009 0.5121864 0.9680842 0.6302364 0.9889472 0.5121864 0.9837636 0.5121864 0.9889472 0.5121864 0.9629009 0.6302364 0.9576528 0.5121864 0.9576528 0.6302364 0.9785156 0.5121864 0.9733323 0.5121864 0.9785156 0.6302364 0.9837636 0.5121864 0.9785156 0.5121864 0.9837636 0.6302364 0.9941951 0.5121864 0.9889472 0.5121864 0.9941951 0.5121864 0.9524692 0.6302364 0.9472214 0.5121864 0.9472214 0.6302359 0.9680846 0.5121869 0.9732677 0.5121869 0.9680846 0.6302359 0.9524053 0.5121869 0.957653 0.5121869 0.9524053 0.6302359 0.9785158 0.5121869 0.9836989 0.5121869 0.9785158 0.6302359 0.9732677 0.5121869 0.9785158 0.5121869 0.9732677 0.6302359 0.9941305 0.5121869 0.9993786 0.5121869 0.9941305 0.6302359 0.957653 0.5121869 0.9628365 0.5121869 0.957653 0.6302359 0.9836989 0.5121869 0.988947 0.5121869 0.9836989 0.6302359 0.988947 0.5121869 0.9941305 0.5121869 0.988947 0.6302359 0.9472216 0.5121869 0.9524053 0.5121869 0.9472216 0.6302359 0.9628365 0.5121869 0.9680846 0.5121869 0.9628365 0.5121867 0.9941305 0.6302359 0.9993786 0.5121867 0.9993786 0.6302359 0.9472216 0.5121867 0.9524052 0.5121867 0.9472216 0.6302359 0.957653 0.5121867 0.9628363 0.5121867 0.957653 0.6302359 0.9680846 0.5121867 0.9732677 0.5121867 0.9680846 0.6302359 0.9524052 0.5121867 0.957653 0.5121867 0.9524052 0.6302359 0.9785158 0.5121867 0.9836991 0.5121867 0.9785158 0.6302359 0.9836991 0.5121867 0.9889472 0.5121867 0.9836991 0.6302359 0.9732677 0.5121867 0.9785158 0.5121867 0.9732677 0.6302359 0.9628363 0.5121867 0.9680846 0.5121867 0.9628363 0.6302359 0.9889472 0.5121867 0.9941305 0.5121867 0.9889472 0.6302357 0.9993784 0.512187 0.9941305 0.6302357 0.9941305 0.512187 0.9836989 0.6302357 0.9785158 0.6302357 0.9836989 0.512187 0.9732677 0.6302357 0.9680846 0.6302357 0.9732677 0.512187 0.9941305 0.6302357 0.988947 0.6302357 0.9941305 0.512187 0.988947 0.6302357 0.9836989 0.6302357 0.988947 0.512187 0.9628365 0.6302357 0.957653 0.6302357 0.9628365 0.6302357 0.9524053 0.512187 0.9472218 0.6302357 0.9472218 0.512187 0.9785158 0.6302357 0.9732677 0.6302357 0.9785158 0.512187 0.9680846 0.6302357 0.9628365 0.6302357 0.9680846 0.512187 0.957653 0.6302357 0.9524053 0.6302357 0.957653 0.3131481 0.3944508 0.2466459 0.2811352 0.3131481 0.2811352 0.2354593 0.3953506 0.1689006 0.2819385 0.2354593 0.2819385 0.7374458 0.8179433 0.8192977 0.6784717 0.8192977 0.8179433 0.8192977 0.6784717 0.7374458 0.8179433 0.7374458 0.6784717 0.2873398 0.8910902 0.1409928 0.8547902 0.288375 0.8547902 0.02391177 0.9319998 0.02210009 0.8921086 0.0331099 0.8967396 0.4006928 0.9320002 0.4025034 0.8921088 0.4224137 0.9228632 0.288375 0.8547902 0.376285 0.8961634 0.2873398 0.8910902 0.3466722 0.9380846 0.2868523 0.9133183 0.3410897 0.9024169 0.1377519 0.9133183 0.2904404 0.9493868 0.1341637 0.9493868 0.1409928 0.8547902 0.05308187 0.8961634 0.04455727 0.8602904 0.07793271 0.9380847 0.1377519 0.9133183 0.1341637 0.9493868 0.07793271 0.9380847 0.0331099 0.8967396 0.08351534 0.9024174 0.307882 0.5071629 0.2799458 0.5527958 0.3078871 0.4564806 0.1701709 0.4564666 0.1392642 0.4564632 0.111334 0.4108209 0.5131534 0.1275367 0.4949219 0.04248476 0.5131534 0.04248476 0.6443793 0.9449245 0.5483658 0.9332033 0.5425708 0.9449248 0.5504194 0.3816129 0.5343942 0.2856895 0.5504194 0.2770516 0.4778413 0.4398696 0.4896091 0.3577598 0.4778413 0.3519746 0.198099 0.552789 0.3078871 0.4564806 0.2799458 0.5527958 0.3667288 0.4108543 0.1031495 0.4026342 0.3749166 0.402671 0.1701709 0.4564666 0.3667288 0.4108543 0.3078871 0.4564806 0.3387919 0.4564842 0.3078871 0.4564806 0.3667288 0.4108543 0.3749247 0.3540705 0.1031564 0.3540311 0.3749383 0.2722216 0.4474099 0.7494433 0.4967666 0.7935584 0.4689874 0.8097193 0.5115294 0.6858481 0.5293507 0.680862 0.5238469 0.6904778 0.5115296 0.7392227 0.4967666 0.7458618 0.5115294 0.6858481 0.4377831 0.6904763 0.4474099 0.7494433 0.4377722 0.7494522 0.533066 0.6772884 0.5294052 0.6013751 0.533066 0.6049484 0.4099277 0.6808336 0.4377831 0.6904763 0.4195459 0.6904652 0.7899417 0.2018561 0.7800059 0.2141454 0.7899417 0.1642916 0.44741 0.680862 0.5293507 0.680862 0.5115294 0.6858481 0.6112455 0.6808636 0.6291049 0.6860908 0.6168209 0.6906209 0.6291049 0.6860908 0.6112455 0.6808636 0.6933991 0.6808636 0.6168209 0.7332224 0.6291049 0.7393211 0.6276239 0.7419345 0.6291049 0.7393211 0.6439152 0.7459421 0.6276239 0.7419345 0.6439152 0.7935095 0.6933993 0.7495138 0.6717935 0.8096264 0.7030327 0.6904959 0.6933993 0.7495138 0.6933991 0.6808636 0.6112453 0.6013751 0.6075845 0.6772884 0.6075845 0.6049484 0.6933991 0.6808636 0.721284 0.6904972 0.7030327 0.6904959 0.7800059 0.03259831 0.7899417 0.04488706 0.7899417 0.08245164 0.5294052 0.6013751 0.6075845 0.6049484 0.533066 0.6049484 0.6075845 0.6772884 0.5294052 0.680862 0.533066 0.6772884 0.7899417 0.08245164 0.7800059 0.2141454 0.7800059 0.03259831 0.6439152 0.7459421 0.6933991 0.6808636 0.6933993 0.7495138 0.6905975 0.2796683 0.6077209 0.2757878 0.6867167 0.2757878 0.6038403 0.2796683 0.6077209 0.2002102 0.6077209 0.2757878 0.6077209 0.2002102 0.6905975 0.1962373 0.6867167 0.2002102 0.6867167 0.2002102 0.6905975 0.2796683 0.6867167 0.2757878 0.8152309 0.3142389 0.7407282 0.3142389 0.7407282 0.2590807 0.8152309 0.3162492 0.8152309 0.4287536 0.7407218 0.4287536 0.6077209 0.07316982 0.6038403 0.06928932 0.6905975 0.06928932 0.6077209 0.1923568 0.6038403 0.1962373 0.6038403 0.06928932 0.6905975 0.1962373 0.6038403 0.1962373 0.6077209 0.1923568 0.6905975 0.06928932 0.6905975 0.1962373 0.6867167 0.1923568 0.6905975 0.002951145 0.6905975 0.06928932 0.6867167 0.06531643 0.6077209 0.006923913 0.6038403 0.002951145 0.6905975 0.002951145 0.6077209 0.06531643 0.6038403 0.06928932 0.6038403 0.002951145 0.6905975 0.06928932 0.6038403 0.06928932 0.6077209 0.06531643 0.8152309 0.5027412 0.7406983 0.5027412 0.7406983 0.431434 0.605955 0.6293827 0.6059554 0.6293827 0.605955 0.6055988 0.6059554 0.6293827 0.605955 0.6293827 0.605955 0.6531666 0.5992205 0.6862213 0.5961046 0.6946135 0.5787954 0.6946135 0.6043635 0.7041854 0.5960245 0.7010887 0.5960245 0.6946135 0.5787954 0.6946135 0.5787959 0.7010887 0.5704553 0.7041862 0.6043644 0.7041862 0.5960245 0.7010887 0.5960245 0.6946135 0.5787954 0.6946135 0.5961046 0.6946135 0.5961046 0.7010887 0.5960245 0.7010887 0.5787158 0.7010887 0.5787158 0.6945512 0.5787158 0.6946135 0.5787158 0.7010887 0.5703759 0.7041862 0.6045234 0.7042147 0.5961046 0.7010886 0.5961046 0.6945512 0.5960245 0.7010887 0.5787158 0.7010887 0.5787158 0.6946135 0.5960245 0.6946135 0.5960245 0.7010887 0.5787158 0.7010887 0.5787959 0.7010887 0.5787959 0.6945512 0.5961046 0.6945512 0.5787954 0.7010887 0.5787959 0.6946135 0.5961046 0.6946135 0.5414255 0.6484724 0.566649 0.6484724 0.5701538 0.6519774 0.5960245 0.6946135 0.5787158 0.6946135 0.575599 0.6862208 0.575599 0.7094815 0.5787158 0.7010887 0.5960245 0.7010887 0.5787959 0.6946135 0.5787954 0.7010887 0.5704563 0.7041854 0.5961046 0.7010887 0.5961046 0.6946135 0.6044431 0.6915172 0.5787954 0.7010887 0.5961046 0.7010887 0.5992205 0.7094809 0.5992205 0.6862216 0.5961046 0.6946135 0.5787959 0.6946135 0.573659 0.6126714 0.573659 0.6270668 0.5701538 0.6305719 0.5414255 0.6698778 0.5343531 0.6768879 0.5343531 0.6531666 0.5414255 0.6126714 0.5343531 0.6055988 0.5701538 0.6055988 0.5701538 0.6519774 0.566649 0.6554824 0.5414253 0.6554824 0.5701538 0.6519774 0.573659 0.6554824 0.573659 0.6698778 0.573659 0.6340768 0.573659 0.6484724 0.5701538 0.6519774 0.5988823 0.6698778 0.605955 0.6768879 0.5701538 0.6768879 0.566649 0.6698778 0.566649 0.6554824 0.5701538 0.6519774 0.5701538 0.6519774 0.566649 0.6484724 0.566649 0.6340768 0.5701538 0.6305719 0.566649 0.6270668 0.566649 0.6126714 0.604444 0.704186 0.5961046 0.7010887 0.5961046 0.6946135 0.5787959 0.6945512 0.5787959 0.7010887 0.5703771 0.7042146 0.5787158 0.6945512 0.5787158 0.7010887 0.570297 0.7042146 0.575599 0.7094811 0.5787158 0.7010887 0.5960245 0.7010887 0.5787959 0.7010887 0.5961046 0.7010886 0.5992205 0.7094807 0.5960245 0.7010887 0.5960245 0.6945512 0.6044436 0.6914246 0.5960245 0.6945512 0.5787158 0.6945512 0.575599 0.6861587 0.5992205 0.686159 0.5961046 0.6945512 0.5787959 0.6945512 0.575599 0.7094814 0.5787158 0.7010887 0.5960245 0.7010887 0.5787158 0.6946135 0.5787158 0.7010887 0.5703769 0.7041857 0.5960245 0.6946135 0.5787158 0.6946135 0.575599 0.6862211 0.5787959 0.7010887 0.5961046 0.7010887 0.5992203 0.709481 0.5701538 0.6768879 0.5343531 0.6768879 0.5414255 0.6698778 0.5701538 0.6305719 0.566649 0.6340768 0.5414253 0.6340768 0.5988823 0.6126714 0.605955 0.6055988 0.6059554 0.6293827 0.5701538 0.6768879 0.5701543 0.6768878 0.5343531 0.6768878 0.6059554 0.6531665 0.605955 0.6531666 0.605955 0.6768878 0.5343531 0.6531666 0.5343531 0.6531666 0.5343531 0.6768879 0.5343531 0.6531666 0.5343531 0.6531666 0.5343531 0.6293827 0.5701538 0.6055988 0.5701543 0.6055988 0.605955 0.6055988 0.5343531 0.6293827 0.5343531 0.6293827 0.5343531 0.6055988 0.605955 0.6768879 0.605955 0.6768878 0.5701543 0.6768878 0.5343531 0.6055988 0.5343531 0.6055988 0.5701543 0.6055988 0.5701538 0.6305719 0.573659 0.6270668 0.5988823 0.6270668 0.6059554 0.6293827 0.6059554 0.6531665 0.5988823 0.6484724 0.5343531 0.6531666 0.5343531 0.6293827 0.5414253 0.6340768 0.5988823 0.6340768 0.573659 0.6340768 0.5701538 0.6305719 0.5343531 0.6293827 0.5343531 0.6055988 0.5414255 0.6126714 0.5414255 0.6270668 0.566649 0.6270668 0.5701538 0.6305719 0.5988823 0.6554824 0.573659 0.6554824 0.5701538 0.6519774 0.5701538 0.6055988 0.605955 0.6055988 0.5988823 0.6126714 0.6059554 0.6531665 0.605955 0.6768879 0.5988823 0.6698778 0.5701538 0.6519774 0.573659 0.6484724 0.5988823 0.6484724 0.9012054 0.1752596 0.9140148 0.1752596 0.9110738 0.1791157 0.699005 0.8517242 0.696498 0.8512757 0.6999639 0.8208484 0.3971278 0.8184062 0.4512323 0.8136347 0.4525775 0.8441968 0.9012053 0.5151685 0.9036234 0.5113781 0.9110738 0.5113781 0.9374116 0.4228878 0.9140148 0.5151685 0.9110738 0.5113781 0.5955395 0.8441968 0.4525775 0.8441968 0.4512323 0.8136347 0.3466722 0.9380846 0.3410897 0.9024169 0.391495 0.8967397 0.877547 0.4660222 0.8807494 0.4636691 0.9036234 0.5113781 0.3971278 0.8184062 0.399232 0.8489015 0.3516184 0.8512758 0.877547 0.2244718 0.9012054 0.1752596 0.9036235 0.1791157 0.9374117 0.2676057 0.9335558 0.2680632 0.9110738 0.1791157 0.6509891 0.8184062 0.6488848 0.8489013 0.5955395 0.8441968 0.8340209 0.2650569 0.8378767 0.2666907 0.8378767 0.4237377 0.908525 0.5080451 0.90578 0.5080451 0.8834942 0.4617084 0.3481525 0.8208484 0.3516184 0.8512758 0.3491116 0.8517243 0.8412751 0.2681941 0.930288 0.2684552 0.930288 0.4219729 0.877547 0.2244718 0.8807494 0.226759 0.8378767 0.2666907 0.877547 0.4660222 0.8340207 0.4254367 0.8378767 0.4237377 0.2305147 0.8522399 0.2301295 0.8216778 0.312406 0.8196035 0.08774143 0.821678 0.2301295 0.8216778 0.2305147 0.8522399 0.9374116 0.4228878 0.9335558 0.4224306 0.9335558 0.2680632 0.8834943 0.2287852 0.90578 0.1824487 0.908525 0.1824487 0.6509891 0.8184062 0.6999639 0.8208484 0.696498 0.8512757 0.08735573 0.8522402 0.002286732 0.8500955 0.00546509 0.8196038 0.5293504 0.775825 0.5293504 0.7371429 0.6112453 0.7371429 0.155722 0.2527608 0.1397649 0.2685341 0.1397649 0.1466411 0.8152309 0.1722896 0.7978038 0.1722896 0.7978038 0.08661413 0.8152309 0.2550451 0.7978038 0.2550451 0.7978038 0.1722896 0.8152309 0.08661413 0.7978038 0.08661413 0.7978038 0.003858566 0.4775559 0.5341983 0.5610257 0.5341983 0.5610257 0.5543768 0.5610257 0.5543768 0.5610257 0.587 0.4775559 0.587 0.44741 0.680862 0.5115294 0.6858481 0.4967666 0.7458618 0.6918027 0.4600768 0.6090725 0.4600768 0.6090725 0.3820163 0.1737486 0.6869767 0.07877027 0.6869767 0.0869612 0.6787859 0.05113756 0.5527867 0.09974461 0.552787 0.09974831 0.674733 0.5343942 0.2856895 0.5343942 0.3816129 0.5172659 0.3816129 0.4465945 0.5252246 0.4465945 0.4399688 0.4647822 0.4399688 0.1397649 0.004557192 0.4117345 0.004557192 0.3957772 0.06162363 0.4268881 0.5528041 0.3782898 0.552801 0.3783029 0.4108561 0.07877027 0.8175064 0.02884143 0.8175064 0.02884143 0.7355985 0.3505475 0.7355985 0.4005637 0.7355985 0.4005637 0.8175064 0.6276239 0.7419345 0.6276239 0.7854945 0.6112453 0.7758241 0.5291599 0.7758241 0.6112453 0.7758241 0.6112453 0.7947938 0.02830672 0.4083839 0.004743576 0.3750751 0.02292501 0.371972 0.004743576 0.3077791 0.02292501 0.3107849 0.02292501 0.371972 0.2190213 0.6356735 0.2190213 0.572246 0.2577823 0.572246 0.198098 0.6747297 0.1113235 0.6747312 0.1113217 0.5527873 0.1557222 0.06162363 0.155722 0.1466413 0.1397649 0.1466411 0.3957773 0.2527608 0.3957773 0.1466413 0.4117345 0.1466411 0.05115073 0.410811 0.0997579 0.4108178 0.09974461 0.552787 0.4268831 0.6747332 0.3782849 0.6747315 0.3782898 0.552801 0.5130147 0.7419307 0.5293504 0.7370387 0.5293504 0.775825 0.02825814 0.2744218 0.0441125 0.2807248 0.02292501 0.3107849 0.384971 0.2447443 0.384971 0.2040565 0.392274 0.2040565 0.392274 0.2515257 0.3105505 0.2515257 0.3178534 0.2447443 0.3178534 0.2447443 0.3105505 0.2515257 0.3105505 0.2040565 0.5690406 0.5919366 0.561675 0.5919366 0.561675 0.5752764 0.6607533 0.609896 0.6607533 0.5731536 0.6503921 0.5731536 0.6503921 0.6166872 0.7322355 0.6166872 0.7218743 0.609896 0.7218743 0.609896 0.7322355 0.6166872 0.7322355 0.5731536 0.6361803 0.5919777 0.6330962 0.5752354 0.6434941 0.5752354 0.6112453 0.680862 0.6112453 0.7371429 0.6068893 0.7327867 0.6112453 0.7371429 0.5293504 0.7371429 0.5337066 0.7327867 0.5337066 0.7327867 0.5293504 0.7371429 0.5293504 0.680862 0.5337066 0.6852179 0.5293504 0.680862 0.6112453 0.680862 0.2190213 0.572246 0.2139223 0.5606824 0.262881 0.5606824 0.2577823 0.572246 0.2698808 0.5673718 0.2698808 0.6404846 0.2627837 0.647399 0.2140199 0.647399 0.2190213 0.63561 0.2070026 0.6405227 0.2070026 0.5673329 0.2190213 0.572246 0.539546 0.2685341 0.4713742 0.2685341 0.4877776 0.2454211 0.4877776 0.2454211 0.4713742 0.2685341 0.4713754 0.1466894 0.4878583 0.0278846 0.4878195 0.1467274 0.4713754 0.1466894 0.4878583 0.0278846 0.4713762 0.004557311 0.5396761 0.004557192 0.5232158 0.02792102 0.5396761 0.004557192 0.5395966 0.1466931 0.5231115 0.2454576 0.5231525 0.1466982 0.5395966 0.1466931 0.06364828 0.2452856 0.08004683 0.268503 0.01194751 0.2685899 0.02835613 0.2453212 0.01194751 0.2685899 0.01186299 0.1466624 0.02820986 0.02789789 0.02829873 0.146661 0.01186299 0.1466624 0.01174706 0.004619598 0.08003181 0.004532337 0.06356251 0.02785944 0.06356251 0.02785944 0.08003181 0.004532337 0.08004677 0.1466695 0.06364828 0.2452856 0.06361353 0.1466922 0.08004677 0.1466695 0.4276916 0.2527608 0.4117344 0.2685341 0.4117345 0.1466411 0.4276916 0.0204662 0.4276916 0.1466413 0.4117345 0.1466411 0.4276916 0.0204662 0.4117345 0.004557192 0.4616988 0.004557192 0.4526304 0.0204662 0.4616988 0.004557192 0.4616988 0.1466411 0.4526304 0.2527609 0.4526303 0.1466413 0.4616988 0.1466411 0.4276916 0.2527608 0.4526304 0.2527609 0.4616988 0.2685341 0.03523874 0.4267172 0.05115073 0.410811 0.05113756 0.5527867 0.03523486 0.6588305 0.03522783 0.5527865 0.05113756 0.5527867 0.03523486 0.6588305 0.05114436 0.6747364 0.001192688 0.6747457 0.01026219 0.6588339 0.001192688 0.6747457 0.001179397 0.5527865 0.01026362 0.4267127 0.01025295 0.5527864 0.001179397 0.5527865 0.03523874 0.4267172 0.01026362 0.4267127 0.001192688 0.4107992 0.4427907 0.6588276 0.4268831 0.6747332 0.4268881 0.5528041 0.4428048 0.4267678 0.4427949 0.552805 0.4268881 0.5528041 0.4428048 0.4267678 0.4269002 0.4108606 0.4768458 0.4108647 0.467773 0.4267698 0.4768458 0.4108647 0.4768351 0.5528067 0.4677595 0.6588284 0.4677634 0.5528063 0.4768351 0.5528067 0.4427907 0.6588276 0.4677595 0.6588284 0.4768299 0.6747349 0.1238076 0.0204662 0.1397649 0.004557192 0.1397649 0.1466411 0.1238076 0.2527608 0.1238076 0.1466413 0.1397649 0.1466411 0.1238076 0.2527608 0.1397649 0.2685341 0.08971327 0.2685341 0.09878182 0.2527609 0.08971327 0.2685341 0.08971321 0.1466413 0.09878182 0.0204662 0.09878176 0.1466413 0.08971321 0.1466413 0.1238076 0.0204662 0.09878182 0.0204662 0.08971327 0.004557311 0.6087782 0.3797165 0.6087782 0.2963989 0.580917 0.2963989 0.6905975 0.2796683 0.6905975 0.1962373 0.7196088 0.1962373 0.6905975 0.1962373 0.6905975 0.06928932 0.7196088 0.06928932 0.6905975 0.06928932 0.6905975 0.002951145 0.7196088 0.002951145 0.6090725 0.3820163 0.6090725 0.4600768 0.5814078 0.4600768 0.6920961 0.2963989 0.6920961 0.3797165 0.7199574 0.3797165 0.6918027 0.4600768 0.6918027 0.3820163 0.7194672 0.3820163 0.6038403 0.002951145 0.6038403 0.06928932 0.5748291 0.06928932 0.6038403 0.1962373 0.6038403 0.2796683 0.5748291 0.2796683 0.6087782 0.2963989 0.6920961 0.2963989 0.6920961 0.2795403 0.6920961 0.2963989 0.7199574 0.2963989 0.7199574 0.2795403 0.6922662 0.570046 0.719919 0.570046 0.719919 0.5533483 0.6092192 0.570046 0.609219 0.5491961 0.5815663 0.5533483 0.2990825 0.1130774 0.2910729 0.1130774 0.2910729 0.1614838 0.2982992 0.1640086 0.2910729 0.1614838 0.2220327 0.2433218 0.1587388 0.2512446 0.2249929 0.2499387 0.2220327 0.2433218 0.580917 0.2963989 0.6087782 0.2963989 0.6087782 0.2795403 0.5238469 0.6904778 0.5293507 0.680862 0.5293504 0.7370387 0.5238469 0.7331078 0.5293504 0.7370387 0.5130147 0.7419307 0.6168209 0.6906209 0.6168209 0.7332224 0.6112453 0.7371429 0.7212729 0.8000025 0.7212782 0.749514 0.7309086 0.7495149 0.7212729 0.8000025 0.7309 0.8096316 0.6933991 0.8096264 0.703028 0.8000004 0.6933991 0.8096264 0.6933993 0.7495138 0.4377609 0.8000572 0.4377722 0.7494522 0.4474099 0.7494433 0.5639696 0.3764335 0.580917 0.3797165 0.580917 0.2963989 0.5639696 0.2882358 0.5639696 0.2963989 0.580917 0.2963989 0.7373481 0.2706137 0.7196088 0.2796683 0.7196088 0.1962373 0.7373481 0.1922644 0.7196088 0.1962373 0.7196088 0.06928932 0.7373481 0.01200556 0.7373481 0.06605553 0.7196088 0.06928932 0.5646035 0.5613879 0.5815663 0.570046 0.5815663 0.5533483 0.5646035 0.4672092 0.5646035 0.5533483 0.5815663 0.5533483 0.5645796 0.3857166 0.5814078 0.3820163 0.5814078 0.4600768 0.7363833 0.3857166 0.7363833 0.4567287 0.7194672 0.4600768 0.7368818 0.4672092 0.719919 0.4634985 0.719919 0.5533483 0.8192977 0.6784723 0.7374458 0.6784723 0.7374458 0.8179433 0.1113235 0.6747312 0.09974831 0.674733 0.09974461 0.552787 0.3667288 0.4108543 0.3783029 0.4108561 0.3782898 0.552801 0.1113217 0.5527873 0.09974461 0.552787 0.0997579 0.4108178 0.366715 0.5528003 0.3782898 0.552801 0.3782849 0.6747315 0.6443793 0.9449248 0.6443793 0.9332029 0.7550779 0.9332029 0.4666883 0.3609714 0.4719404 0.3628972 0.4719404 0.4009743 0.4531917 0.3998262 0.4531917 0.3621287 0.4584904 0.3601307 0.6812798 0.0745933 0.6426051 0.0760498 0.6426051 0.1263284 0.6220087 0.02529907 0.6234734 0.06403851 0.6098921 0.06403851 0.6819047 0.06332439 0.6819047 0.009948492 0.6432222 0.01156508 0.6215628 0.1895622 0.6083475 0.1895622 0.6096734 0.1507999 0.6813997 0.2049373 0.6813997 0.2476317 0.6427308 0.2469591 0.6091926 0.07566183 0.6229335 0.07566183 0.6213551 0.1141118 0.6106384 0.2415692 0.6093215 0.2030345 0.6224572 0.2030345 0.6426901 0.1330915 0.6813665 0.1324396 0.6813665 0.1751257 0.626015 0.1349248 0.6426901 0.1330915 0.6426901 0.1744738 0.6173651 0.1307654 0.611554 0.1307654 0.6098189 0.1141118 0.6258457 0.1222257 0.6426051 0.1263284 0.6426051 0.0760498 0.6141093 0.2581433 0.6106384 0.2415692 0.621659 0.2415692 0.6131648 0.1341285 0.6187515 0.1341285 0.6207591 0.1507999 0.6265375 0.01567077 0.6265375 0.05821281 0.6432222 0.06188189 0.6179935 0.00862807 0.6220087 0.02529907 0.6103997 0.02529907 0.6427308 0.20561 0.6427308 0.2469591 0.6259818 0.245127 0.5748291 0.1962373 0.5748291 0.06928932 0.6038403 0.06928932 0.05320537 0.3540247 0.05321633 0.2721729 0.1031676 0.2721797 0.4248901 0.2722301 0.4248761 0.3540789 0.3749247 0.3540705 0.6686773 0.5037852 0.6922662 0.4634985 0.6092192 0.4634985 0.6328079 0.5037852 0.6092192 0.4634985 0.609219 0.5491961 0.609219 0.5491961 0.6922662 0.5491961 0.6686773 0.5464572 0.6686773 0.5037852 0.6686773 0.5464572 0.6922662 0.5491961 0.6654355 0.3790026 0.6295087 0.3790024 0.6295087 0.3601974 0.6107033 0.3601974 0.6107032 0.3174144 0.6295085 0.3174144 0.6295085 0.2986088 0.6654356 0.2986088 0.6654356 0.3174142 0.6842411 0.317414 0.6842412 0.3601973 0.6654356 0.3601973 0.6295085 0.3174144 0.6654356 0.3174142 0.6654356 0.3601973 0.1701661 0.5071517 0.198099 0.552789 0.1113217 0.5527873 0.1113217 0.5527873 0.111334 0.4108209 0.1392642 0.4564632 0.3387919 0.4564842 0.3667288 0.4108543 0.366715 0.5528003 0.2062733 0.1130739 0.2983025 0.1640076 0.2249925 0.2499421 0.6922662 0.5491961 0.609219 0.5491961 0.6092192 0.570046 0.6443793 0.9449248 0.5425708 0.9449248 0.5483658 0.9332029 0.7800059 0.2141454 0.7664093 0.2310535 0.7664095 0.01568979 0.7664093 0.2310535 0.7564735 0.2433426 0.7564736 0.003400683 0.738868 0.2433426 0.7388681 0.003400743 0.7564736 0.003400683 0.3957772 0.06162363 0.4117345 0.004557192 0.4117345 0.1466411 0.4616988 0.1466411 0.4713754 0.1466894 0.4713742 0.2685341 0.08971321 0.1466413 0.08004677 0.1466695 0.08003181 0.004532337 0.4616988 0.004557192 0.4713762 0.004557311 0.4713754 0.1466894 0.08971321 0.1466413 0.08971327 0.2685341 0.08004683 0.268503 0.5492828 0.1466976 0.5395966 0.1466931 0.5396761 0.004557192 0.002192497 0.1466694 0.01186299 0.1466624 0.01194751 0.2685899 0.549224 0.2685341 0.539546 0.2685341 0.5395966 0.1466931 0.002073407 0.004628062 0.01174706 0.004619598 0.01186299 0.1466624 0.5177696 0.6134957 0.5177696 0.6641972 0.4978731 0.6641972 0.09761601 0.3848558 0.06677931 0.3848558 0.06677931 0.4048039 0.5177696 0.6641972 0.5177696 0.6134957 0.4978731 0.6134957 0.06677931 0.3848558 0.09761601 0.3848558 0.09761601 0.4048039 0.06673514 0.3590372 0.09761601 0.3590372 0.09761601 0.3789575 0.5177696 0.6134957 0.5177696 0.6641972 0.4978731 0.6641972 0.09761601 0.3590372 0.06673514 0.3590372 0.06673514 0.3789575 0.5177696 0.6641972 0.5177696 0.6134957 0.4978731 0.6134957 0.4163223 0.3561456 0.4163223 0.4067977 0.4472713 0.4067977 0.4116084 0.3561452 0.3806588 0.3561452 0.3806588 0.4067981 0.609219 0.5491961 0.6092192 0.4634985 0.5815663 0.4634985 0.4005637 0.7355985 0.4073603 0.7424823 0.4073603 0.8106228 0.02195769 0.8106228 0.02195769 0.7424823 0.02884143 0.7355985 0.05320537 0.3540247 0.04636907 0.347187 0.04637855 0.2790089 0.4317248 0.2790679 0.4317132 0.3472434 0.4248761 0.3540789 0.8192977 0.6784717 0.7374458 0.6784717 0.7374458 0.8179433 0.7374458 0.6784723 0.8192977 0.6784723 0.8192977 0.8179433 0.3505475 0.7355985 0.2555694 0.7355985 0.2555694 0.6869767 0.4465945 0.5252246 0.4647822 0.5252246 0.4647822 0.6315541 0.4377609 0.8000572 0.44741 0.8097193 0.4098186 0.8096854 0.6443793 0.9449245 0.7714097 0.9449248 0.7550779 0.9332033 0.3112703 0.06339967 0.3931452 0.06339967 0.3931452 0.20291 0.3931308 0.06347382 0.311304 0.06347382 0.311304 0.2029018 0.2466459 0.2811352 0.2466459 0.3944508 0.3131481 0.3944508 0.2354249 0.3953 0.1687442 0.3953 0.1687442 0.2816798 0.7374458 0.6784717 0.7374458 0.8179433 0.8192977 0.8179433 0.07877027 0.7355985 0.1737486 0.7355986 0.1737486 0.8175064 0.2555694 0.8175064 0.2555694 0.7355985 0.3505475 0.7355985 0.3166889 0.2685341 0.2348103 0.2685341 0.2348103 0.2527609 0.155722 0.2527608 0.2348103 0.2527609 0.2348103 0.2685341 0.3957773 0.2527608 0.4117344 0.2685341 0.3166889 0.2685341 0.2555694 0.6869767 0.2555694 0.7355985 0.1737486 0.7355986 0.1737486 0.6869767 0.1737486 0.7355986 0.07877027 0.7355985 0.2062745 0.1130774 0.1587388 0.1647921 0.2220327 0.2433218 0.7369935 0.3764335 0.7369935 0.2882358 0.7199574 0.2963989 0.5571818 0.01200556 0.5748291 0.002951145 0.5748291 0.06928932 0.5571818 0.1922644 0.5571818 0.07243067 0.5748291 0.06928932 0.5571818 0.2706137 0.5571818 0.2003027 0.5748291 0.1962373 0.719919 0.4634985 0.6922662 0.4634985 0.6922662 0.5491961 0.2799458 0.5527958 0.366715 0.5528003 0.3667102 0.6747319 0.1737486 0.6869767 0.1737486 0.6787859 0.2555694 0.6787859 0.3423569 0.6787859 0.3505475 0.6869767 0.2555694 0.6869767 0.8239486 0.6778168 0.8239486 0.7924697 0.8984383 0.7924697 0.366715 0.5528003 0.2799458 0.5527958 0.307882 0.5071629 0.5131534 0.1275367 0.5131534 0.2336117 0.4949219 0.2336117 0.721284 0.6904972 0.7309176 0.6808669 0.7309086 0.7495149 0.51358 0.3485529 0.4930142 0.3485529 0.4930142 0.2943426 0.7714097 0.8695891 0.7550779 0.8695891 0.7550779 0.9332033 0.7550779 0.8305385 0.7550779 0.8695891 0.7714097 0.8695891 0.51358 0.3485529 0.51358 0.4375449 0.4930142 0.4375449 0.7714097 0.8305383 0.7714097 0.869589 0.7550779 0.869589 0.7550779 0.9332029 0.7550779 0.869589 0.7714097 0.869589 0.4194772 0.8000441 0.4098186 0.8096854 0.4098727 0.7494428 0.4195459 0.6904652 0.4195107 0.7494494 0.4098727 0.7494428 0.4778413 0.4398696 0.4778413 0.3519746 0.489609 0.3577598 0.4896091 0.5117899 0.4778413 0.5280934 0.5253065 0.5280934 0.5504194 0.3816129 0.5504191 0.5020854 0.5343942 0.4777637 0.5642902 0.5280934 0.5642902 0.5117899 0.5253065 0.5117899 0.5253064 0.5280934 0.4778413 0.5280934 0.489609 0.5117899 0.5642907 0.5280934 0.5253064 0.5280934 0.5253064 0.5117899 0.5343942 0.4793187 0.5172659 0.5020854 0.5172659 0.3816129 0.4930142 0.4917552 0.4930142 0.4375449 0.51358 0.4375449 0.4778413 0.4398696 0.4778413 0.5280934 0.4896091 0.5117899 0.4778413 0.4398696 0.489609 0.4398696 0.489609 0.5117899 0.6302362 0.9576528 0.6302362 0.9524695 0.5121864 0.9524695 0.6302362 0.9837636 0.6302362 0.9785153 0.5121864 0.9785153 0.6302362 0.9680842 0.6302362 0.9629009 0.5121864 0.9629009 0.6302362 0.9785153 0.6302362 0.9733323 0.5121864 0.9733323 0.5121864 0.9629009 0.6302362 0.9629009 0.6302362 0.9576528 0.6302362 0.9993784 0.6302362 0.9941948 0.5121864 0.9941948 0.6302362 0.9524695 0.6302362 0.9472214 0.5121864 0.9472214 0.6302362 0.9941948 0.6302362 0.9889472 0.5121864 0.9889472 0.6302362 0.9889472 0.6302362 0.9837636 0.5121864 0.9837636 0.5121864 0.9680842 0.5121864 0.9733323 0.6302362 0.9733323 0.6302359 0.988947 0.6302359 0.9837635 0.5121868 0.9837635 0.5121868 0.9524695 0.6302359 0.9524695 0.6302359 0.9472214 0.6302359 0.9680842 0.6302359 0.9629011 0.5121868 0.9629011 0.6302359 0.9576528 0.6302359 0.9524695 0.5121868 0.9524695 0.5121868 0.9993784 0.6302359 0.9993784 0.6302359 0.9941948 0.6302359 0.9785153 0.6302359 0.9733323 0.5121868 0.9733323 0.6302359 0.9733323 0.6302359 0.9680842 0.5121868 0.9680842 0.6302359 0.9629011 0.6302359 0.9576528 0.5121868 0.9576528 0.6302359 0.9837635 0.6302359 0.9785153 0.5121868 0.9785153 0.6302359 0.9941948 0.6302359 0.988947 0.5121868 0.988947 0.6302364 0.9576528 0.6302364 0.9524692 0.5121864 0.9524692 0.6302364 0.9993786 0.6302364 0.9941951 0.5121864 0.9941951 0.6302364 0.9733323 0.6302364 0.9680842 0.5121864 0.9680842 0.6302364 0.9680842 0.6302364 0.9629009 0.5121864 0.9629009 0.6302364 0.9889472 0.6302364 0.9837636 0.5121864 0.9837636 0.5121864 0.9629009 0.6302364 0.9629009 0.6302364 0.9576528 0.6302364 0.9785156 0.6302364 0.9733323 0.5121864 0.9733323 0.6302364 0.9837636 0.6302364 0.9785156 0.5121864 0.9785156 0.6302364 0.9941951 0.6302364 0.9889472 0.5121864 0.9889472 0.5121864 0.9524692 0.6302364 0.9524692 0.6302364 0.9472214 0.6302359 0.9680846 0.6302359 0.9732677 0.5121869 0.9732677 0.6302359 0.9524053 0.6302359 0.957653 0.5121869 0.957653 0.6302359 0.9785158 0.6302359 0.9836989 0.5121869 0.9836989 0.6302359 0.9732677 0.6302359 0.9785158 0.5121869 0.9785158 0.6302359 0.9941305 0.6302359 0.9993786 0.5121869 0.9993786 0.6302359 0.957653 0.6302359 0.9628365 0.5121869 0.9628365 0.6302359 0.9836989 0.6302359 0.988947 0.5121869 0.988947 0.6302359 0.988947 0.6302359 0.9941305 0.5121869 0.9941305 0.6302359 0.9472216 0.6302359 0.9524053 0.5121869 0.9524053 0.6302359 0.9628365 0.6302359 0.9680846 0.5121869 0.9680846 0.5121867 0.9941305 0.6302359 0.9941305 0.6302359 0.9993786 0.6302359 0.9472216 0.6302359 0.9524052 0.5121867 0.9524052 0.6302359 0.957653 0.6302359 0.9628363 0.5121867 0.9628363 0.6302359 0.9680846 0.6302359 0.9732677 0.5121867 0.9732677 0.6302359 0.9524052 0.6302359 0.957653 0.5121867 0.957653 0.6302359 0.9785158 0.6302359 0.9836991 0.5121867 0.9836991 0.6302359 0.9836991 0.6302359 0.9889472 0.5121867 0.9889472 0.6302359 0.9732677 0.6302359 0.9785158 0.5121867 0.9785158 0.6302359 0.9628363 0.6302359 0.9680846 0.5121867 0.9680846 0.6302359 0.9889472 0.6302359 0.9941305 0.5121867 0.9941305 0.6302357 0.9993784 0.512187 0.9993784 0.512187 0.9941305 0.512187 0.9836989 0.512187 0.9785158 0.6302357 0.9785158 0.512187 0.9732677 0.512187 0.9680846 0.6302357 0.9680846 0.512187 0.9941305 0.512187 0.988947 0.6302357 0.988947 0.512187 0.988947 0.512187 0.9836989 0.6302357 0.9836989 0.512187 0.9628365 0.512187 0.957653 0.6302357 0.957653 0.6302357 0.9524053 0.512187 0.9524053 0.512187 0.9472218 0.512187 0.9785158 0.512187 0.9732677 0.6302357 0.9732677 0.512187 0.9680846 0.512187 0.9628365 0.6302357 0.9628365 0.512187 0.957653 0.512187 0.9524053 0.6302357 0.9524053 0.3131481 0.3944508 0.2466459 0.3944508 0.2466459 0.2811352 0.2354593 0.3953506 0.1689006 0.3953506 0.1689006 0.2819385 0.7374458 0.8179433 0.7374458 0.6784717 0.8192977 0.6784717 0.8192977 0.6784717 0.8192977 0.8179433 0.7374458 0.8179433 0.2873398 0.8910902 0.1420267 0.8910902 0.1409928 0.8547902 0.02391177 0.9319998 0.002190709 0.9228632 0.02210009 0.8921086 0.4006928 0.9320002 0.391495 0.8967397 0.4025034 0.8921088 0.288375 0.8547902 0.3848108 0.8602904 0.376285 0.8961634 0.3466722 0.9380846 0.2904404 0.9493868 0.2868523 0.9133183 0.1377519 0.9133183 0.2868523 0.9133183 0.2904404 0.9493868 0.1409928 0.8547902 0.1420267 0.8910902 0.05308187 0.8961634 0.07793271 0.9380847 0.08351534 0.9024174 0.1377519 0.9133183 0.07793271 0.9380847 0.02391177 0.9319998 0.0331099 0.8967396 0.5131534 0.1275367 0.4949219 0.1275367 0.4949219 0.04248476 0.6443793 0.9449245 0.6443793 0.9332033 0.5483658 0.9332033 0.5504194 0.3816129 0.5343942 0.3816129 0.5343942 0.2856895 0.4778413 0.4398696 0.4896091 0.4398696 0.4896091 0.3577598 0.198099 0.552789 0.1701709 0.4564666 0.3078871 0.4564806 0.3667288 0.4108543 0.111334 0.4108209 0.1031495 0.4026342 0.1701709 0.4564666 0.111334 0.4108209 0.3667288 0.4108543 0.3749247 0.3540705 0.3749166 0.402671 0.1031495 0.4026342 0.1031564 0.3540311 0.1031676 0.2721797 0.3749383 0.2722216 0.3749247 0.3540705 0.1031495 0.4026342 0.1031564 0.3540311 0.4474099 0.7494433 0.4967666 0.7458618 0.4967666 0.7935584 0.4377831 0.6904763 0.44741 0.680862 0.4474099 0.7494433 0.533066 0.6772884 0.5294052 0.680862 0.5294052 0.6013751 0.4099277 0.6808336 0.44741 0.680862 0.4377831 0.6904763 0.6439152 0.7935095 0.6439152 0.7459421 0.6933993 0.7495138 0.7030327 0.6904959 0.7030299 0.749513 0.6933993 0.7495138 0.6112453 0.6013751 0.6112453 0.680862 0.6075845 0.6772884 0.6933991 0.6808636 0.7309176 0.6808669 0.721284 0.6904972 0.5294052 0.6013751 0.6112453 0.6013751 0.6075845 0.6049484 0.6075845 0.6772884 0.6112453 0.680862 0.5294052 0.680862 0.7899417 0.08245164 0.7899417 0.1642916 0.7800059 0.2141454 0.6439152 0.7459421 0.6291049 0.6860908 0.6933991 0.6808636 0.6905975 0.2796683 0.6038403 0.2796683 0.6077209 0.2757878 0.6038403 0.2796683 0.6038403 0.1962373 0.6077209 0.2002102 0.6077209 0.2002102 0.6038403 0.1962373 0.6905975 0.1962373 0.6867167 0.2002102 0.6905975 0.1962373 0.6905975 0.2796683</float_array>
          <technique_common>
            <accessor source="#fuselage_med-mesh-map-0-array" count="2658" stride="2">
              <param name="S" type="float"/>
              <param name="T" type="float"/>
            </accessor>
          </technique_common>
        </source>
        <vertices id="fuselage_med-mesh-vertices">
          <input semantic="POSITION" source="#fuselage_med-mesh-positions"/>
        </vertices>
        <triangles material="fuselage-material" count="886">
          <input semantic="VERTEX" source="#fuselage_med-mesh-vertices" offset="0"/>
          <input semantic="NORMAL" source="#fuselage_med-mesh-normals" offset="1"/>
          <input semantic="TEXCOORD" source="#fuselage_med-mesh-map-0" offset="2" set="0"/>
          <p>1 0 0 3 0 1 0 0 2 5 1 3 7 1 4 4 1 5 4 2 6 284 2 7 5 2 8 7 3 9 295 3 10 4 3 11 282 4 12 7 4 13 6 4 14 284 5 15 6 5 16 5 5 17 286 6 18 1 6 19 0 6 20 3 7 21 286 7 22 0 7 23 2 8 24 294 8 25 3 8 26 284 9 27 2 9 28 1 9 29 8 10 30 10 10 31 11 10 32 22 11 33 65 11 34 64 11 35 21 11 36 58 11 37 20 11 38 42 12 39 62 12 40 51 12 41 73 13 42 18 13 43 48 13 44 62 14 45 43 14 46 51 14 47 77 15 48 57 15 49 76 15 50 62 16 51 14 16 52 50 16 53 49 16 54 25 16 55 24 16 56 81 14 57 45 14 58 46 14 59 44 17 60 16 17 61 55 17 62 78 16 63 47 16 64 18 16 65 57 16 66 82 16 67 81 16 68 56 16 69 16 16 70 34 16 71 30 16 72 31 16 73 32 16 74 67 16 75 38 16 76 59 16 77 57 18 78 46 18 79 76 18 80 45 19 81 35 19 82 77 19 83 53 20 84 52 20 85 54 20 86 32 21 87 75 21 88 79 21 89 30 19 90 79 19 91 52 19 92 75 22 93 53 22 94 54 22 95 69 16 96 39 16 97 71 16 98 45 16 99 59 16 100 46 16 101 72 23 102 71 23 103 74 23 104 38 24 105 46 24 106 59 24 107 38 16 108 43 16 109 60 16 110 54 16 111 38 16 112 39 16 113 68 25 114 60 25 115 43 25 116 77 16 117 38 16 118 60 16 119 38 16 120 48 16 121 39 16 122 39 16 123 74 16 124 71 16 125 68 26 126 63 26 127 42 26 128 80 14 129 70 14 130 69 14 131 25 27 132 41 27 133 72 27 134 41 28 135 49 28 136 37 28 137 56 29 138 44 29 139 70 29 140 49 30 141 74 30 142 37 30 143 24 31 144 72 31 145 74 31 146 55 32 147 80 32 148 69 32 149 67 33 150 78 33 151 73 33 152 47 34 153 67 34 154 36 34 155 18 35 156 36 35 157 48 35 158 50 36 159 68 36 160 43 36 161 60 16 162 45 16 163 77 16 164 39 37 165 36 37 166 23 37 167 55 16 168 21 16 169 44 16 170 60 38 171 15 38 172 40 38 173 20 11 174 27 11 175 29 11 176 19 39 177 40 39 178 15 39 179 59 39 180 26 39 181 23 39 182 71 40 183 64 40 184 65 40 185 23 39 186 13 39 187 28 39 188 29 38 189 66 38 190 60 38 191 28 40 192 33 40 193 71 40 194 39 41 195 44 41 196 21 41 197 21 16 198 79 16 199 75 16 200 59 16 201 36 16 202 67 16 203 75 16 204 39 16 205 21 16 206 23 16 207 72 16 208 41 16 209 41 16 210 39 16 211 23 16 212 42 16 213 38 16 214 20 16 215 71 16 216 55 16 217 69 16 218 20 16 219 68 16 220 42 16 221 38 42 222 79 42 223 20 42 224 107 16 225 95 16 226 110 16 227 116 43 228 110 43 229 95 43 230 120 44 231 122 44 232 89 44 233 112 45 234 117 45 235 87 45 236 108 46 237 117 46 238 99 46 239 84 47 240 121 47 241 114 47 242 105 48 243 112 48 244 94 48 245 97 16 246 119 16 247 112 16 248 120 49 249 83 49 250 119 49 251 111 16 252 110 16 253 113 16 254 93 50 255 95 50 256 86 50 257 113 51 258 84 51 259 114 51 260 115 16 261 121 16 262 109 16 263 118 16 264 89 16 265 90 16 266 119 52 267 118 52 268 117 52 269 84 16 270 90 16 271 122 16 272 111 53 273 114 53 274 115 53 275 97 54 276 121 54 277 120 54 278 84 55 279 88 55 280 98 55 281 90 56 282 89 56 283 122 56 284 96 57 285 116 57 286 95 57 287 90 58 288 96 58 289 99 58 290 108 16 291 96 16 292 93 16 293 88 16 294 116 16 295 98 16 296 113 59 297 100 59 298 88 59 299 99 60 300 118 60 301 90 60 302 135 11 303 137 11 304 134 11 305 146 11 306 147 11 307 148 11 308 145 61 309 154 61 310 144 61 311 146 61 312 153 61 313 145 61 314 144 62 315 159 62 316 152 62 317 322 40 318 194 40 319 137 40 320 163 61 321 165 61 322 162 61 323 164 38 324 166 38 325 165 38 326 165 63 327 169 63 328 162 63 329 210 64 330 170 64 331 166 64 332 172 65 333 174 65 334 171 65 335 175 61 336 179 61 337 176 61 338 180 40 339 178 40 340 138 40 341 343 66 342 348 66 343 344 66 344 148 67 345 157 67 346 404 67 347 209 68 348 158 68 349 156 68 350 187 38 351 184 38 352 186 38 353 139 61 354 191 61 355 138 61 356 141 61 357 193 61 358 140 61 359 194 40 360 134 40 361 137 40 362 135 69 363 195 69 364 196 69 365 197 70 366 199 70 367 200 70 368 201 71 369 199 71 370 198 71 371 204 11 372 206 11 373 203 11 374 176 39 375 208 39 376 207 39 377 156 11 378 147 11 379 209 11 380 152 11 381 150 11 382 139 11 383 160 40 384 163 40 385 162 40 386 211 72 387 181 72 388 180 72 389 141 38 390 188 38 391 187 38 392 212 73 393 135 73 394 196 73 395 213 74 396 202 74 397 201 74 398 198 11 399 167 11 400 169 11 401 169 75 402 201 75 403 198 75 404 201 11 405 170 11 406 213 11 407 213 76 408 212 76 409 214 76 410 202 39 411 212 39 412 196 39 413 196 39 414 199 39 415 202 39 416 199 39 417 194 39 418 200 39 419 197 77 420 194 77 421 167 77 422 216 11 423 217 11 424 215 11 425 137 78 426 218 78 427 217 78 428 218 11 429 219 11 430 220 11 431 220 79 432 216 79 433 215 79 434 205 80 435 217 80 436 206 80 437 206 81 438 218 81 439 203 81 440 218 82 441 204 82 442 203 82 443 220 83 444 205 83 445 204 83 446 222 40 447 224 40 448 221 40 449 224 40 450 225 40 451 226 40 452 227 40 453 225 40 454 228 40 455 227 40 456 229 40 457 230 40 458 230 40 459 231 40 460 232 40 461 221 84 462 231 84 463 222 84 464 233 38 465 235 38 466 236 38 467 236 38 468 237 38 469 238 38 470 239 38 471 237 38 472 240 38 473 240 38 474 242 38 475 239 38 476 242 38 477 243 38 478 244 38 479 233 38 480 243 38 481 234 38 482 245 11 483 150 11 484 246 11 485 247 11 486 150 11 487 149 11 488 247 85 489 248 85 490 249 85 491 249 11 492 250 11 493 251 11 494 252 11 495 250 11 496 190 11 497 245 86 498 190 86 499 139 86 500 253 39 501 180 39 502 254 39 503 255 39 504 180 39 505 138 39 506 255 87 507 191 87 508 256 87 509 256 39 510 257 39 511 258 39 512 259 39 513 257 39 514 260 39 515 253 88 516 260 88 517 211 88 518 261 39 519 187 39 520 262 39 521 263 39 522 187 39 523 186 39 524 263 89 525 264 89 526 265 89 527 265 39 528 266 39 529 267 39 530 268 90 531 266 90 532 192 90 533 261 39 534 192 39 535 141 39 536 269 11 537 147 11 538 270 11 539 271 11 540 147 11 541 140 11 542 271 91 543 193 91 544 272 91 545 272 11 546 273 11 547 274 11 548 275 11 549 273 11 550 276 11 551 269 11 552 276 11 553 209 11 554 173 16 555 279 16 556 277 16 557 281 92 558 283 92 559 280 92 560 282 93 561 285 93 562 283 93 563 284 94 564 287 94 565 285 94 566 174 95 567 277 95 568 288 95 569 290 16 570 291 16 571 289 16 572 172 96 573 292 96 574 291 96 575 294 97 576 296 97 577 293 97 578 298 98 579 300 98 580 297 98 581 278 16 582 299 16 583 281 16 584 290 16 585 300 16 586 299 16 587 294 39 588 305 39 589 306 39 590 286 39 591 308 39 592 287 39 593 309 38 594 311 38 595 312 38 596 312 38 597 313 38 598 314 38 599 315 38 600 313 38 601 316 38 602 279 16 603 281 16 604 280 16 605 318 99 606 136 99 607 319 99 608 319 100 609 212 100 610 320 100 611 212 38 612 170 38 613 320 38 614 321 101 615 137 101 616 216 101 617 330 11 618 328 11 619 331 11 620 330 102 621 163 102 622 332 102 623 332 11 624 160 11 625 326 11 626 333 11 627 166 11 628 164 11 629 339 103 630 279 103 631 316 103 632 315 104 633 279 104 634 280 104 635 315 105 636 283 105 637 314 105 638 314 106 639 285 106 640 312 106 641 309 107 642 285 107 643 287 107 644 309 108 645 308 108 646 310 108 647 340 109 648 308 109 649 288 109 650 340 110 651 277 110 652 339 110 653 342 111 654 291 111 655 292 111 656 342 112 657 305 112 658 304 112 659 278 38 660 130 38 661 129 38 662 179 113 663 181 113 664 208 113 665 185 114 666 188 114 667 142 114 668 208 115 669 183 115 670 182 115 671 142 116 672 189 116 673 143 116 674 404 117 675 414 117 676 155 117 677 353 118 678 355 118 679 356 118 680 357 40 681 359 40 682 360 40 683 317 119 684 363 119 685 320 119 686 367 120 687 322 120 688 368 120 689 323 121 690 367 121 691 366 121 692 167 40 693 324 40 694 323 40 695 321 122 696 366 122 697 365 122 698 322 123 699 365 123 700 368 123 701 319 124 702 363 124 703 362 124 704 364 125 705 318 125 706 361 125 707 361 126 708 319 126 709 362 126 710 354 127 711 362 127 712 355 127 713 356 128 714 362 128 715 363 128 716 356 129 717 364 129 718 353 129 719 353 130 720 361 130 721 354 130 722 359 131 723 365 131 724 366 131 725 360 132 726 366 132 727 367 132 728 360 133 729 368 133 730 357 133 731 368 134 732 358 134 733 357 134 734 297 135 735 295 135 736 298 135 737 260 16 738 149 16 739 211 16 740 276 16 741 186 16 742 209 16 743 369 136 744 174 136 745 370 136 746 370 39 747 307 39 748 371 39 749 307 137 750 372 137 751 371 137 752 369 138 753 306 138 754 171 138 755 369 61 756 374 61 757 373 61 758 370 40 759 375 40 760 374 40 761 371 16 762 376 16 763 375 16 764 372 38 765 373 38 766 376 38 767 375 39 768 373 39 769 374 39 770 207 39 771 380 39 772 379 39 773 380 39 774 208 39 775 381 39 776 208 39 777 382 39 778 381 39 779 384 39 780 142 39 781 385 39 782 303 40 783 342 40 784 304 40 785 342 139 786 302 139 787 341 139 788 339 38 789 316 38 790 313 38 791 306 39 792 286 39 793 294 39 794 311 38 795 310 38 796 340 38 797 404 140 798 344 140 799 348 140 800 343 141 801 346 141 802 345 141 803 344 142 804 401 142 805 346 142 806 156 143 807 401 143 808 157 143 809 158 11 810 150 11 811 151 11 812 250 144 813 223 144 814 190 144 815 273 145 816 241 145 817 276 145 818 248 146 819 225 146 820 250 146 821 273 147 822 234 147 823 243 147 824 257 148 825 229 148 826 260 148 827 266 149 828 235 149 829 192 149 830 191 150 831 231 150 832 257 150 833 264 151 834 237 151 835 266 151 836 379 40 837 392 40 838 391 40 839 380 16 840 393 16 841 392 16 842 381 38 843 394 38 844 393 38 845 382 61 846 391 61 847 394 61 848 383 61 849 396 61 850 395 61 851 384 40 852 397 40 853 396 40 854 385 16 855 398 16 856 397 16 857 386 38 858 395 38 859 398 38 860 393 39 861 391 39 862 392 39 863 397 39 864 395 39 865 396 39 866 307 39 867 288 39 868 308 39 869 192 152 870 234 152 871 193 152 872 223 153 873 191 153 874 190 153 875 260 154 876 228 154 877 248 154 878 241 16 879 264 16 880 276 16 881 129 38 882 131 38 883 128 38 884 172 155 885 133 155 886 126 155 887 141 61 888 177 61 889 189 61 890 148 38 891 155 38 892 146 38 893 333 156 894 406 156 895 335 156 896 415 157 897 413 157 898 407 157 899 290 11 900 129 11 901 133 11 902 173 39 903 126 39 904 130 39 905 131 158 906 126 158 907 132 158 908 123 39 909 131 39 910 132 39 911 131 159 912 125 159 913 128 159 914 138 160 915 124 160 916 139 160 917 125 161 918 141 161 919 140 161 920 124 162 921 145 162 922 144 162 923 146 163 924 125 163 925 140 163 926 152 164 927 124 164 928 144 164 929 177 165 930 123 165 931 175 165 932 175 61 933 138 61 934 178 61 935 340 38 936 313 38 937 311 38 938 341 166 939 289 166 940 291 166 941 304 167 942 305 167 943 293 167 944 304 168 945 296 168 946 303 168 947 302 169 948 296 169 949 297 169 950 301 170 951 297 170 952 300 170 953 301 171 954 300 171 955 289 171 956 301 40 957 341 40 958 302 40 959 292 39 960 306 39 961 305 39 962 377 172 963 143 172 964 378 172 965 175 61 966 378 61 967 177 61 968 143 61 969 177 61 970 378 61 971 176 173 972 377 173 973 378 173 974 142 39 975 386 39 976 385 39 977 151 174 978 159 174 979 415 174 980 327 11 981 328 11 982 329 11 983 350 175 984 352 175 985 413 175 986 154 176 987 413 176 988 159 176 989 403 177 990 154 177 991 409 177 992 350 178 993 351 178 994 349 178 995 409 179 996 410 179 997 403 179 998 414 180 999 153 180 1000 155 180 1001 335 11 1002 412 11 1003 336 11 1004 337 11 1005 412 11 1006 411 11 1007 347 181 1008 411 181 1009 412 181 1010 331 182 1011 349 182 1012 163 182 1013 407 183 1014 352 183 1015 405 183 1016 400 184 1017 163 184 1018 349 184 1019 351 185 1020 406 185 1021 164 185 1022 400 186 1023 164 186 1024 402 186 1025 399 187 1026 348 187 1027 347 187 1028 399 188 1029 410 188 1030 414 188 1031 405 189 1032 331 189 1033 328 189 1034 347 190 1035 406 190 1036 399 190 1037 431 191 1038 421 192 1039 422 193 1040 425 194 1041 427 195 1042 419 196 1043 433 197 1044 432 198 1045 434 199 1046 426 200 1047 435 201 1048 427 195 1049 432 198 1050 431 191 1051 422 193 1052 429 202 1053 420 203 1054 430 204 1055 417 205 1056 430 204 1057 421 192 1058 416 206 1059 428 207 1060 420 203 1061 418 208 1062 419 196 1063 428 207 1064 434 199 1065 424 209 1066 433 197 1067 441 210 1068 436 211 1069 450 212 1070 437 213 1071 452 214 1072 451 215 1073 446 216 1074 438 217 1075 445 218 1076 443 219 1077 437 213 1078 442 220 1079 451 215 1080 449 221 1081 440 222 1082 455 223 1083 454 224 1084 448 225 1085 447 226 1086 445 218 1087 454 224 1088 444 227 1089 442 220 1090 438 217 1091 439 228 1092 448 225 1093 436 211 1094 449 221 1095 450 212 1096 440 222 1097 472 229 1098 464 230 1099 459 231 1100 465 232 1101 463 233 1102 466 234 1103 475 235 1104 473 236 1105 460 237 1106 474 238 1107 468 239 1108 473 236 1109 470 240 1110 469 241 1111 457 242 1112 468 239 1113 472 229 1114 459 231 1115 456 243 1116 460 237 1117 461 244 1118 462 245 1119 461 244 1120 469 241 1121 471 246 1122 457 242 1123 463 233 1124 464 230 1125 465 232 1126 466 234 1127 489 247 1128 488 248 1129 490 249 1130 482 250 1131 479 251 1132 483 252 1133 493 253 1134 495 254 1135 487 255 1136 478 256 1137 487 255 1138 488 248 1139 477 257 1140 481 258 1141 484 259 1142 491 260 1143 476 261 1144 479 251 1145 494 262 1146 486 263 1147 495 254 1148 492 264 1149 484 259 1150 486 263 1151 485 265 1152 483 252 1153 481 258 1154 480 266 1155 490 249 1156 476 261 1157 511 267 1158 510 268 1159 502 269 1160 510 268 1161 509 270 1162 502 269 1163 499 271 1164 498 272 1165 500 242 1166 508 273 1167 513 274 1168 515 275 1169 501 276 1170 500 242 1171 509 270 1172 497 277 1173 506 278 1174 507 279 1175 512 280 1176 503 281 1177 506 278 1178 514 282 1179 507 279 1180 513 274 1181 496 283 1182 515 275 1183 498 272 1184 504 284 1185 511 267 1186 503 281 1187 531 285 1188 517 286 1189 522 287 1190 532 288 1191 518 289 1192 524 290 1193 534 291 1194 527 292 1195 526 293 1196 517 286 1197 533 294 1198 522 287 1199 523 295 1200 524 290 1201 533 294 1202 519 296 1203 528 297 1204 529 298 1205 530 299 1206 521 300 1207 531 285 1208 525 301 1209 526 293 1210 518 289 1211 535 302 1212 529 298 1213 527 292 1214 516 303 1215 530 299 1216 528 297 1217 133 304 1218 128 304 1219 12 304 1220 125 305 1221 12 305 1222 128 305 1223 132 306 1224 133 306 1225 12 306 1226 12 307 1227 123 307 1228 132 307 1229 108 308 1230 103 308 1231 91 308 1232 101 309 1233 86 309 1234 107 309 1235 94 310 1236 87 310 1237 104 310 1238 91 311 1239 87 311 1240 108 311 1241 105 312 1242 109 312 1243 97 312 1244 115 313 1245 106 313 1246 92 313 1247 103 314 1248 86 314 1249 102 314 1250 85 315 1251 115 315 1252 92 315 1253 85 316 1254 107 316 1255 111 316 1256 386 39 1257 377 39 1258 383 39 1259 379 39 1260 382 39 1261 182 39 1262 151 317 1263 401 317 1264 158 317 1265 415 318 1266 346 318 1267 401 318 1268 407 319 1269 345 319 1270 346 319 1271 405 320 1272 408 320 1273 345 320 1274 207 39 1275 383 39 1276 377 39 1277 185 16 1278 183 16 1279 184 16 1280 379 321 1281 185 321 1282 383 321 1283 384 39 1284 383 39 1285 185 39 1286 186 16 1287 211 16 1288 209 16 1289 166 38 1290 168 38 1291 165 38 1292 317 38 1293 219 38 1294 318 38 1295 320 322 1296 170 322 1297 317 322 1298 338 11 1299 166 11 1300 334 11 1301 389 323 1302 210 323 1303 390 323 1304 411 324 1305 338 324 1306 337 324 1307 411 325 1308 343 325 1309 210 325 1310 210 38 1311 219 38 1312 317 38 1313 216 326 1314 323 326 1315 321 326 1316 323 40 1317 216 40 1318 161 40 1319 322 327 1320 324 327 1321 194 327 1322 324 40 1323 167 40 1324 194 40 1325 169 40 1326 160 40 1327 162 40 1328 325 11 1329 160 11 1330 161 11 1331 161 16 1332 388 16 1333 387 16 1334 161 328 1335 327 328 1336 325 328 1337 345 329 1338 408 329 1339 161 329 1340 210 16 1341 387 16 1342 390 16 1343 388 16 1344 219 16 1345 389 16 1346 161 325 1347 343 325 1348 345 325 1349 167 40 1350 161 40 1351 160 40 1352 281 330 1353 9 330 1354 8 330 1355 299 331 1356 10 331 1357 9 331 1358 10 332 1359 282 332 1360 11 332 1361 11 333 1362 281 333 1363 8 333 1364 1 334 1365 2 334 1366 3 334 1367 5 335 1368 6 335 1369 7 335 1370 4 336 1371 295 336 1372 284 336 1373 7 337 1374 298 337 1375 295 337 1376 282 338 1377 298 338 1378 7 338 1379 284 339 1380 282 339 1381 6 339 1382 286 340 1383 284 340 1384 1 340 1385 3 341 1386 294 341 1387 286 341 1388 2 342 1389 295 342 1390 294 342 1391 284 343 1392 295 343 1393 2 343 1394 8 344 1395 9 344 1396 10 344 1397 22 11 1398 21 11 1399 65 11 1400 21 11 1401 22 11 1402 58 11 1403 42 345 1404 63 345 1405 62 345 1406 73 346 1407 78 346 1408 18 346 1409 62 347 1410 50 347 1411 43 347 1412 77 348 1413 35 348 1414 57 348 1415 62 16 1416 63 16 1417 14 16 1418 49 16 1419 61 16 1420 25 16 1421 81 349 1422 82 349 1423 45 349 1424 44 350 1425 34 350 1426 16 350 1427 78 16 1428 17 16 1429 47 16 1430 57 16 1431 35 16 1432 82 16 1433 56 16 1434 80 16 1435 16 16 1436 30 16 1437 53 16 1438 31 16 1439 67 351 1440 73 351 1441 38 351 1442 57 352 1443 81 352 1444 46 352 1445 45 353 1446 82 353 1447 35 353 1448 53 354 1449 30 354 1450 52 354 1451 32 355 1452 31 355 1453 75 355 1454 30 356 1455 32 356 1456 79 356 1457 75 357 1458 31 357 1459 53 357 1460 69 16 1461 70 16 1462 39 16 1463 45 16 1464 40 16 1465 59 16 1466 72 16 1467 28 16 1468 71 16 1469 38 16 1470 76 16 1471 46 16 1472 38 16 1473 51 16 1474 43 16 1475 54 16 1476 52 16 1477 38 16 1478 68 16 1479 29 16 1480 60 16 1481 77 16 1482 76 16 1483 38 16 1484 38 358 1485 73 358 1486 48 358 1487 39 359 1488 37 359 1489 74 359 1490 68 360 1491 14 360 1492 63 360 1493 80 361 1494 56 361 1495 70 361 1496 25 362 1497 61 362 1498 41 362 1499 41 363 1500 61 363 1501 49 363 1502 56 356 1503 34 356 1504 44 356 1505 49 364 1506 24 364 1507 74 364 1508 24 365 1509 25 365 1510 72 365 1511 55 357 1512 16 357 1513 80 357 1514 67 366 1515 17 366 1516 78 366 1517 47 367 1518 17 367 1519 67 367 1520 18 365 1521 47 365 1522 36 365 1523 50 368 1524 14 368 1525 68 368 1526 60 369 1527 40 369 1528 45 369 1529 39 16 1530 48 16 1531 36 16 1532 55 16 1533 65 16 1534 21 16 1535 60 38 1536 66 38 1537 15 38 1538 20 11 1539 58 11 1540 27 11 1541 19 39 1542 59 39 1543 40 39 1544 59 39 1545 19 39 1546 26 39 1547 71 40 1548 33 40 1549 64 40 1550 23 39 1551 26 39 1552 13 39 1553 29 38 1554 27 38 1555 66 38 1556 28 40 1557 13 40 1558 33 40 1559 39 16 1560 70 16 1561 44 16 1562 21 16 1563 20 16 1564 79 16 1565 59 16 1566 23 16 1567 36 16 1568 75 370 1569 54 370 1570 39 370 1571 23 16 1572 28 16 1573 72 16 1574 41 371 1575 37 371 1576 39 371 1577 42 372 1578 51 372 1579 38 372 1580 71 373 1581 65 373 1582 55 373 1583 20 16 1584 29 16 1585 68 16 1586 38 16 1587 52 16 1588 79 16 1589 107 374 1590 86 374 1591 95 374 1592 116 375 1593 100 375 1594 110 375 1595 120 376 1596 121 376 1597 122 376 1598 112 377 1599 119 377 1600 117 377 1601 108 378 1602 87 378 1603 117 378 1604 84 379 1605 122 379 1606 121 379 1607 105 380 1608 97 380 1609 112 380 1610 97 16 1611 120 16 1612 119 16 1613 120 381 1614 89 381 1615 83 381 1616 111 382 1617 107 382 1618 110 382 1619 93 383 1620 96 383 1621 95 383 1622 113 384 1623 88 384 1624 84 384 1625 115 16 1626 114 16 1627 121 16 1628 118 16 1629 83 16 1630 89 16 1631 119 385 1632 83 385 1633 118 385 1634 84 16 1635 98 16 1636 90 16 1637 111 386 1638 113 386 1639 114 386 1640 97 387 1641 109 387 1642 121 387 1643 96 388 1644 98 388 1645 116 388 1646 90 389 1647 98 389 1648 96 389 1649 108 16 1650 99 16 1651 96 16 1652 88 390 1653 100 390 1654 116 390 1655 113 391 1656 110 391 1657 100 391 1658 99 392 1659 117 392 1660 118 392 1661 135 11 1662 136 11 1663 137 11 1664 146 11 1665 140 11 1666 147 11 1667 145 61 1668 153 61 1669 154 61 1670 146 61 1671 155 61 1672 153 61 1673 144 393 1674 154 393 1675 159 393 1676 163 61 1677 164 61 1678 165 61 1679 165 394 1680 168 394 1681 169 394 1682 210 395 1683 317 395 1684 170 395 1685 172 396 1686 173 396 1687 174 396 1688 175 61 1689 178 61 1690 179 61 1691 180 40 1692 181 40 1693 178 40 1694 343 397 1695 347 397 1696 348 397 1697 148 398 1698 156 398 1699 157 398 1700 209 399 1701 149 399 1702 158 399 1703 187 38 1704 188 38 1705 184 38 1706 139 61 1707 190 61 1708 191 61 1709 141 61 1710 192 61 1711 193 61 1712 194 400 1713 195 400 1714 134 400 1715 135 69 1716 134 69 1717 195 69 1718 197 401 1719 198 401 1720 199 401 1721 201 402 1722 202 402 1723 199 402 1724 204 11 1725 205 11 1726 206 11 1727 176 39 1728 179 39 1729 208 39 1730 156 11 1731 148 11 1732 147 11 1733 152 11 1734 151 11 1735 150 11 1736 211 40 1737 183 40 1738 181 40 1739 141 38 1740 189 38 1741 188 38 1742 212 38 1743 136 38 1744 135 38 1745 213 403 1746 214 403 1747 202 403 1748 198 11 1749 197 11 1750 167 11 1751 169 404 1752 168 404 1753 201 404 1754 201 11 1755 168 11 1756 170 11 1757 213 405 1758 170 405 1759 212 405 1760 202 39 1761 214 39 1762 212 39 1763 196 406 1764 195 406 1765 199 406 1766 199 39 1767 195 39 1768 194 39 1769 197 407 1770 200 407 1771 194 407 1772 216 11 1773 137 11 1774 217 11 1775 137 408 1776 136 408 1777 218 408 1778 218 11 1779 136 11 1780 219 11 1781 220 11 1782 219 11 1783 216 11 1784 205 409 1785 215 409 1786 217 409 1787 206 410 1788 217 410 1789 218 410 1790 218 411 1791 220 411 1792 204 411 1793 220 412 1794 215 412 1795 205 412 1796 222 40 1797 223 40 1798 224 40 1799 224 413 1800 223 413 1801 225 413 1802 227 40 1803 226 40 1804 225 40 1805 227 40 1806 228 40 1807 229 40 1808 230 40 1809 229 40 1810 231 40 1811 221 40 1812 232 40 1813 231 40 1814 233 38 1815 234 38 1816 235 38 1817 236 38 1818 235 38 1819 237 38 1820 239 38 1821 238 38 1822 237 38 1823 240 38 1824 241 38 1825 242 38 1826 242 38 1827 241 38 1828 243 38 1829 233 38 1830 244 38 1831 243 38 1832 245 11 1833 139 11 1834 150 11 1835 247 11 1836 246 11 1837 150 11 1838 247 414 1839 149 414 1840 248 414 1841 249 11 1842 248 11 1843 250 11 1844 252 11 1845 251 11 1846 250 11 1847 245 415 1848 252 415 1849 190 415 1850 253 39 1851 211 39 1852 180 39 1853 255 39 1854 254 39 1855 180 39 1856 255 416 1857 138 416 1858 191 416 1859 256 39 1860 191 39 1861 257 39 1862 259 39 1863 258 39 1864 257 39 1865 253 417 1866 259 417 1867 260 417 1868 261 39 1869 141 39 1870 187 39 1871 263 39 1872 262 39 1873 187 39 1874 263 39 1875 186 39 1876 264 39 1877 265 39 1878 264 39 1879 266 39 1880 268 39 1881 267 39 1882 266 39 1883 261 418 1884 268 418 1885 192 418 1886 269 11 1887 209 11 1888 147 11 1889 271 11 1890 270 11 1891 147 11 1892 271 11 1893 140 11 1894 193 11 1895 272 419 1896 193 419 1897 273 419 1898 275 11 1899 274 11 1900 273 11 1901 269 11 1902 275 11 1903 276 11 1904 173 16 1905 278 16 1906 279 16 1907 281 420 1908 282 420 1909 283 420 1910 282 135 1911 284 135 1912 285 135 1913 284 421 1914 286 421 1915 287 421 1916 174 396 1917 173 396 1918 277 396 1919 290 16 1920 172 16 1921 291 16 1922 172 422 1923 171 422 1924 292 422 1925 294 423 1926 295 423 1927 296 423 1928 298 424 1929 299 424 1930 300 424 1931 278 16 1932 290 16 1933 299 16 1934 290 16 1935 289 16 1936 300 16 1937 294 39 1938 293 39 1939 305 39 1940 286 39 1941 307 39 1942 308 39 1943 309 38 1944 310 38 1945 311 38 1946 312 38 1947 311 38 1948 313 38 1949 315 38 1950 314 38 1951 313 38 1952 279 16 1953 278 16 1954 281 16 1955 318 38 1956 219 38 1957 136 38 1958 319 38 1959 136 38 1960 212 38 1961 321 425 1962 322 425 1963 137 425 1964 330 11 1965 329 11 1966 328 11 1967 330 11 1968 331 11 1969 163 11 1970 332 11 1971 163 11 1972 160 11 1973 333 11 1974 334 11 1975 166 11 1976 339 426 1977 277 426 1978 279 426 1979 315 427 1980 316 427 1981 279 427 1982 315 428 1983 280 428 1984 283 428 1985 314 429 1986 283 429 1987 285 429 1988 309 430 1989 312 430 1990 285 430 1991 309 431 1992 287 431 1993 308 431 1994 340 432 1995 310 432 1996 308 432 1997 340 433 1998 288 433 1999 277 433 2000 342 434 2001 341 434 2002 291 434 2003 342 435 2004 292 435 2005 305 435 2006 278 38 2007 173 38 2008 130 38 2009 179 436 2010 178 436 2011 181 436 2012 185 437 2013 184 437 2014 188 437 2015 208 438 2016 181 438 2017 183 438 2018 142 439 2019 188 439 2020 189 439 2021 404 440 2022 348 440 2023 414 440 2024 353 38 2025 354 38 2026 355 38 2027 357 441 2028 358 441 2029 359 441 2030 317 442 2031 364 442 2032 363 442 2033 367 443 2034 324 443 2035 322 443 2036 323 444 2037 324 444 2038 367 444 2039 321 445 2040 323 445 2041 366 445 2042 322 446 2043 321 446 2044 365 446 2045 319 447 2046 320 447 2047 363 447 2048 364 448 2049 317 448 2050 318 448 2051 361 449 2052 318 449 2053 319 449 2054 354 450 2055 361 450 2056 362 450 2057 356 451 2058 355 451 2059 362 451 2060 356 452 2061 363 452 2062 364 452 2063 353 453 2064 364 453 2065 361 453 2066 359 454 2067 358 454 2068 365 454 2069 360 455 2070 359 455 2071 366 455 2072 360 456 2073 367 456 2074 368 456 2075 368 457 2076 365 457 2077 358 457 2078 297 93 2079 296 93 2080 295 93 2081 260 16 2082 248 16 2083 149 16 2084 276 16 2085 264 16 2086 186 16 2087 369 39 2088 171 39 2089 174 39 2090 370 39 2091 174 39 2092 307 39 2093 307 458 2094 306 458 2095 372 458 2096 369 39 2097 372 39 2098 306 39 2099 369 61 2100 370 61 2101 374 61 2102 370 40 2103 371 40 2104 375 40 2105 371 16 2106 372 16 2107 376 16 2108 372 38 2109 369 38 2110 373 38 2111 375 39 2112 376 39 2113 373 39 2114 380 459 2115 207 459 2116 208 459 2117 208 39 2118 182 39 2119 382 39 2120 384 39 2121 185 39 2122 142 39 2123 342 460 2124 303 460 2125 302 460 2126 306 39 2127 307 39 2128 286 39 2129 404 461 2130 157 461 2131 344 461 2132 343 462 2133 344 462 2134 346 462 2135 344 463 2136 157 463 2137 401 463 2138 156 464 2139 158 464 2140 401 464 2141 158 11 2142 149 11 2143 150 11 2144 250 465 2145 225 465 2146 223 465 2147 273 466 2148 243 466 2149 241 466 2150 248 467 2151 228 467 2152 225 467 2153 273 468 2154 193 468 2155 234 468 2156 257 469 2157 231 469 2158 229 469 2159 266 470 2160 237 470 2161 235 470 2162 191 471 2163 222 471 2164 231 471 2165 264 472 2166 240 472 2167 237 472 2168 379 40 2169 380 40 2170 392 40 2171 380 16 2172 381 16 2173 393 16 2174 381 38 2175 382 38 2176 394 38 2177 382 61 2178 379 61 2179 391 61 2180 383 61 2181 384 61 2182 396 61 2183 384 40 2184 385 40 2185 397 40 2186 385 16 2187 386 16 2188 398 16 2189 386 38 2190 383 38 2191 395 38 2192 393 39 2193 394 39 2194 391 39 2195 397 39 2196 398 39 2197 395 39 2198 307 39 2199 174 39 2200 288 39 2201 192 61 2202 235 61 2203 234 61 2204 223 473 2205 222 473 2206 191 473 2207 260 16 2208 229 16 2209 228 16 2210 241 474 2211 240 474 2212 264 474 2213 129 38 2214 130 38 2215 131 38 2216 172 40 2217 290 40 2218 133 40 2219 141 475 2220 127 475 2221 177 475 2222 148 38 2223 404 38 2224 155 38 2225 333 11 2226 164 11 2227 406 11 2228 415 476 2229 159 476 2230 413 476 2231 290 11 2232 278 11 2233 129 11 2234 173 477 2235 172 477 2236 126 477 2237 131 39 2238 130 39 2239 126 39 2240 123 39 2241 127 39 2242 131 39 2243 131 478 2244 127 478 2245 125 478 2246 138 479 2247 123 479 2248 124 479 2249 125 480 2250 127 480 2251 141 480 2252 124 481 2253 125 481 2254 145 481 2255 146 482 2256 145 482 2257 125 482 2258 152 483 2259 139 483 2260 124 483 2261 177 484 2262 127 484 2263 123 484 2264 175 485 2265 123 485 2266 138 485 2267 340 38 2268 339 38 2269 313 38 2270 341 486 2271 301 486 2272 289 486 2273 304 487 2274 293 487 2275 296 487 2276 302 488 2277 303 488 2278 296 488 2279 301 489 2280 302 489 2281 297 489 2282 292 490 2283 171 490 2284 306 490 2285 377 39 2286 142 39 2287 143 39 2288 175 491 2289 176 491 2290 378 491 2291 143 61 2292 189 61 2293 177 61 2294 176 39 2295 207 39 2296 377 39 2297 142 492 2298 377 492 2299 386 492 2300 151 493 2301 152 493 2302 159 493 2303 327 11 2304 408 11 2305 328 11 2306 350 494 2307 349 494 2308 352 494 2309 154 495 2310 350 495 2311 413 495 2312 403 496 2313 350 496 2314 154 496 2315 350 497 2316 410 497 2317 351 497 2318 409 498 2319 153 498 2320 410 498 2321 414 499 2322 410 499 2323 153 499 2324 335 11 2325 406 11 2326 412 11 2327 337 11 2328 336 11 2329 412 11 2330 347 500 2331 343 500 2332 411 500 2333 331 501 2334 352 501 2335 349 501 2336 407 502 2337 413 502 2338 352 502 2339 400 503 2340 402 503 2341 163 503 2342 351 504 2343 399 504 2344 406 504 2345 400 505 2346 351 505 2347 164 505 2348 399 506 2349 414 506 2350 348 506 2351 399 507 2352 351 507 2353 410 507 2354 405 508 2355 352 508 2356 331 508 2357 347 509 2358 412 509 2359 406 509 2360 431 191 2361 417 205 2362 421 192 2363 425 194 2364 426 200 2365 427 195 2366 433 197 2367 423 510 2368 432 198 2369 426 200 2370 424 209 2371 435 201 2372 432 198 2373 423 510 2374 431 191 2375 429 202 2376 416 206 2377 420 203 2378 417 205 2379 429 202 2380 430 204 2381 416 206 2382 418 208 2383 428 207 2384 418 208 2385 425 194 2386 419 196 2387 434 199 2388 435 201 2389 424 209 2390 441 210 2391 439 228 2392 436 211 2393 437 213 2394 453 511 2395 452 214 2396 446 216 2397 444 227 2398 438 217 2399 443 219 2400 453 511 2401 437 213 2402 451 215 2403 452 214 2404 449 221 2405 455 223 2406 447 226 2407 454 224 2408 447 226 2409 446 216 2410 445 218 2411 444 227 2412 443 219 2413 442 220 2414 439 228 2415 455 223 2416 448 225 2417 449 221 2418 441 210 2419 450 212 2420 472 229 2421 458 512 2422 464 230 2423 465 232 2424 471 246 2425 463 233 2426 475 235 2427 474 238 2428 473 236 2429 474 238 2430 467 513 2431 468 239 2432 470 240 2433 462 245 2434 469 241 2435 468 239 2436 467 513 2437 472 229 2438 456 243 2439 475 235 2440 460 237 2441 462 245 2442 456 243 2443 461 244 2444 471 246 2445 470 240 2446 457 242 2447 464 230 2448 458 512 2449 465 232 2450 489 247 2451 478 256 2452 488 248 2453 482 250 2454 491 260 2455 479 251 2456 493 253 2457 494 262 2458 495 254 2459 478 256 2460 493 253 2461 487 255 2462 477 257 2463 485 265 2464 481 258 2465 491 260 2466 480 266 2467 476 261 2468 494 262 2469 492 264 2470 486 263 2471 492 264 2472 477 257 2473 484 259 2474 485 265 2475 482 250 2476 483 252 2477 480 266 2478 489 247 2479 490 249 2480 511 267 2481 505 514 2482 510 268 2483 510 268 2484 501 276 2485 509 270 2486 499 271 2487 496 283 2488 498 272 2489 508 273 2490 514 282 2491 513 274 2492 501 276 2493 499 271 2494 500 242 2495 497 277 2496 512 280 2497 506 278 2498 512 280 2499 504 284 2500 503 281 2501 514 282 2502 497 277 2503 507 279 2504 496 283 2505 508 273 2506 515 275 2507 504 284 2508 505 514 2509 511 267 2510 531 285 2511 521 300 2512 517 286 2513 532 288 2514 525 301 2515 518 289 2516 534 291 2517 535 302 2518 527 292 2519 517 286 2520 523 295 2521 533 294 2522 523 295 2523 532 288 2524 524 290 2525 519 296 2526 516 303 2527 528 297 2528 530 299 2529 520 515 2530 521 300 2531 525 301 2532 534 291 2533 526 293 2534 535 302 2535 519 296 2536 529 298 2537 516 303 2538 520 515 2539 530 299 2540 133 11 2541 129 11 2542 128 11 2543 125 11 2544 124 11 2545 12 11 2546 132 516 2547 126 516 2548 133 516 2549 12 40 2550 124 40 2551 123 40 2552 108 517 2553 93 517 2554 103 517 2555 101 518 2556 102 518 2557 86 518 2558 94 519 2559 112 519 2560 87 519 2561 91 520 2562 104 520 2563 87 520 2564 105 521 2565 106 521 2566 109 521 2567 115 522 2568 109 522 2569 106 522 2570 103 523 2571 93 523 2572 86 523 2573 85 524 2574 111 524 2575 115 524 2576 85 525 2577 101 525 2578 107 525 2579 151 526 2580 415 526 2581 401 526 2582 415 527 2583 407 527 2584 346 527 2585 407 528 2586 405 528 2587 345 528 2588 405 529 2589 328 529 2590 408 529 2591 207 39 2592 379 39 2593 383 39 2594 185 16 2595 182 16 2596 183 16 2597 379 530 2598 182 530 2599 185 530 2600 186 16 2601 184 16 2602 183 16 2603 211 16 2604 149 16 2605 209 16 2606 186 16 2607 183 16 2608 211 16 2609 166 531 2610 170 531 2611 168 531 2612 338 11 2613 210 11 2614 166 11 2615 389 16 2616 219 16 2617 210 16 2618 411 532 2619 210 532 2620 338 532 2621 169 533 2622 167 533 2623 160 533 2624 325 11 2625 326 11 2626 160 11 2627 161 534 2628 216 534 2629 388 534 2630 161 535 2631 408 535 2632 327 535 2633 210 16 2634 161 16 2635 387 16 2636 388 16 2637 216 16 2638 219 16 2639 161 536 2640 210 536 2641 343 536 2642 167 537 2643 323 537 2644 161 537 2645 281 538 2646 299 538 2647 9 538 2648 299 539 2649 298 539 2650 10 539 2651 10 540 2652 298 540 2653 282 540 2654 11 541 2655 282 541 2656 281 541 2657</p>
        </triangles>
      </mesh>
    </geometry>
    <geometry id="Engines_med-mesh" name="Engines_med">
      <mesh>
        <source id="Engines_med-mesh-positions">
          <float_array id="Engines_med-mesh-positions-array" count="3696">-1.284148 1.610269 3.613041 -1.556264 0.7494253 1.151976 1.076981 -1.350472 1.151976 -1.556264 -0.7494848 1.151976 -2.832159 1.47237e-7 0 -2.55173 1.228828 1.151976 1.765823 2.214246 0 0.6302323 -2.761169 1.151976 -0.4058416 1.778024 3.613041 1.137086 1.425828 3.613041 1.643162 0.7912897 3.613041 1.823775 4.41712e-7 3.613041 2.059588 4.41712e-7 3.613041 0.4058413 -1.778023 3.613041 -0.4582912 -2.007976 3.613041 -0.4058416 -1.778023 3.613041 -1.137086 -1.425887 3.613041 -1.137086 1.425828 3.613041 1.556264 -0.7494848 1.151976 -1.076981 -1.350472 1.151976 -0.3843713 -1.684009 1.151976 -2.832159 1.47237e-7 1.151976 -1.765823 2.214246 0 -0.6302325 2.761169 1.151976 2.55167 1.228828 0 2.55167 -1.228828 0 0.6302323 -2.761169 0 -0.6302325 -2.761169 1.151976 -1.765823 -2.214306 0 -2.55173 -1.228828 0 0.4582909 -2.007976 3.613041 1.284148 1.610269 3.613041 1.855651 0.8936173 3.613041 0.6302323 2.761169 1.151976 0.4582909 2.007977 3.613041 -1.643162 0.7912897 3.613041 -1.855651 0.8936173 3.613041 -0.4582912 2.007977 3.613041 0.4058413 1.778024 3.613041 1.643162 -0.7912889 3.613041 1.284148 -1.610268 3.613041 -1.643162 -0.7912889 3.613041 -1.855651 -0.893676 3.613041 -1.823775 4.41712e-7 3.613041 0.3843711 -1.684009 1.151976 -1.076981 1.350473 1.151976 -0.3843713 1.684009 1.151976 0.3843711 1.684009 1.151976 1.076981 1.350473 1.151976 1.556264 0.7494253 1.151976 1.727308 1.47237e-7 1.151976 1.137086 -1.425887 3.613041 -1.727308 1.47237e-7 1.151976 -2.55173 1.228828 0 -0.6302325 2.761169 0 0.6302323 2.761169 0 2.832158 1.47237e-7 1.151976 2.832158 1.47237e-7 0 1.765823 -2.214306 0 1.765823 -2.214306 1.151976 -0.6302325 -2.761169 0 -1.765823 -2.214306 1.151976 -2.55173 -1.228827 1.151976 -2.059648 4.41712e-7 3.613041 -1.284148 -1.610268 3.613041 1.855651 -0.893676 3.613041 2.55167 -1.228827 1.151976 2.55167 1.228828 1.151976 1.765823 2.214246 1.151976 -1.765823 2.214246 1.151976 -5.135629 -1.550738 3.615469 -5.212028 -1.792431 1.152754 -4.472714 -2.382003 1.152754 -5.212028 -2.213268 1.152754 -5.570252 -2.002841 5.79246e-6 -5.491518 -1.657833 1.152754 -4.279313 -1.381165 5.79246e-6 -4.598144 -2.778073 1.152754 -4.889035 -1.503639 3.615469 -4.455839 -1.602522 3.615469 -4.313752 -1.780677 3.615469 -4.263042 -2.002841 3.615469 -4.196835 -2.002841 3.615469 -4.661145 -2.502043 3.615469 -4.90376 -2.566605 3.615469 -4.889035 -2.502043 3.615469 -5.09434 -2.403176 3.615469 -5.09434 -1.602522 3.615469 -4.33815 -2.213268 1.152754 -5.077465 -2.382003 1.152754 -4.883007 -2.475647 1.152754 -5.570252 -2.002841 1.152754 -5.270865 -1.381165 5.79246e-6 -4.952034 -1.227609 1.152754 -4.058677 -1.657833 5.79246e-6 -4.058677 -2.34785 5.79246e-6 -4.598144 -2.778073 5.79246e-6 -4.952034 -2.778073 1.152754 -5.270865 -2.624534 5.79246e-6 -5.491518 -2.34785 5.79246e-6 -4.646419 -2.566605 3.615469 -4.414549 -1.550738 3.615469 -4.254093 -1.751947 3.615469 -4.598144 -1.227609 1.152754 -4.646419 -1.439077 3.615469 -5.236427 -1.780677 3.615469 -5.296085 -1.751947 3.615469 -4.90376 -1.439077 3.615469 -4.661145 -1.503639 3.615469 -4.313752 -2.225005 3.615469 -4.414549 -2.454944 3.615469 -5.236427 -2.225005 3.615469 -5.296085 -2.253751 3.615469 -5.287136 -2.002841 3.615469 -4.667173 -2.475647 1.152754 -5.077465 -1.62368 1.152754 -4.883007 -1.530035 1.152754 -4.667173 -1.530035 1.152754 -4.472714 -1.62368 1.152754 -4.33815 -1.792431 1.152754 -4.290127 -2.002841 1.152754 -4.455839 -2.403176 3.615469 -5.260052 -2.002841 1.152754 -5.491518 -1.657833 5.79246e-6 -4.952034 -1.227609 5.79246e-6 -4.598144 -1.227609 5.79246e-6 -3.979926 -2.002841 1.152754 -3.979926 -2.002841 5.79246e-6 -4.279313 -2.624534 5.79246e-6 -4.279313 -2.624534 1.152754 -4.952034 -2.778073 5.79246e-6 -5.270865 -2.624534 1.152754 -5.491518 -2.34785 1.152754 -5.35336 -2.002841 3.615469 -5.135629 -2.454944 3.615469 -4.254093 -2.253751 3.615469 -4.058677 -2.34785 1.152754 -4.058677 -1.657833 1.152754 -4.279313 -1.381165 1.152754 -5.270865 -1.381165 1.152754 -3.592011 -1.381165 1.152754 -2.600459 -1.381165 1.152754 -2.379823 -1.657833 1.152754 -2.379823 -2.34785 1.152754 -2.575238 -2.253751 3.615469 -3.456775 -2.454944 3.615469 -3.674506 -2.002841 3.615469 -3.812664 -2.34785 1.152754 -3.592011 -2.624534 1.152754 -3.27318 -2.778073 5.79246e-6 -2.600459 -2.624534 1.152754 -2.600459 -2.624534 5.79246e-6 -2.301072 -2.002841 5.79246e-6 -2.301072 -2.002841 1.152754 -2.919289 -1.227609 5.79246e-6 -3.27318 -1.227609 5.79246e-6 -3.812664 -1.657833 5.79246e-6 -3.581197 -2.002841 1.152754 -2.776984 -2.403176 3.615469 -2.611272 -2.002841 1.152754 -2.659295 -1.792431 1.152754 -2.793859 -1.62368 1.152754 -2.988318 -1.530035 1.152754 -3.204152 -1.530035 1.152754 -3.398611 -1.62368 1.152754 -2.988318 -2.475647 1.152754 -3.608282 -2.002841 3.615469 -3.617232 -2.253751 3.615469 -3.557572 -2.225005 3.615469 -2.735695 -2.454944 3.615469 -2.634897 -2.225005 3.615469 -2.98229 -1.503639 3.615469 -3.224906 -1.439077 3.615469 -3.617232 -1.751947 3.615469 -3.557572 -1.780677 3.615469 -2.967564 -1.439077 3.615469 -2.919289 -1.227609 1.152754 -2.575238 -1.751947 3.615469 -2.735695 -1.550738 3.615469 -2.967564 -2.566605 3.615469 -3.812664 -2.34785 5.79246e-6 -3.592011 -2.624534 5.79246e-6 -3.27318 -2.778073 1.152754 -2.919289 -2.778073 5.79246e-6 -2.379823 -2.34785 5.79246e-6 -2.379823 -1.657833 5.79246e-6 -3.27318 -1.227609 1.152754 -3.592011 -1.381165 5.79246e-6 -3.891398 -2.002841 1.152754 -3.204152 -2.475647 1.152754 -3.398611 -2.382003 1.152754 -2.659295 -2.213268 1.152754 -3.415486 -1.602522 3.615469 -3.415486 -2.403176 3.615469 -3.21018 -2.502043 3.615469 -3.224906 -2.566605 3.615469 -2.98229 -2.502043 3.615469 -2.51798 -2.002841 3.615469 -2.584188 -2.002841 3.615469 -2.634897 -1.780677 3.615469 -2.776984 -1.602522 3.615469 -3.21018 -1.503639 3.615469 -2.919289 -2.778073 1.152754 -2.600459 -1.381165 5.79246e-6 -3.812664 -1.657833 1.152754 -3.891398 -2.002841 5.79246e-6 -3.533175 -2.213268 1.152754 -2.793859 -2.382003 1.152754 -3.533175 -1.792431 1.152754 -3.456775 -1.550738 3.615469 -3.625004 2.593624 3.615461 -3.701404 2.351932 1.152746 -2.962088 1.76236 1.152746 -3.701404 1.931095 1.152746 -4.059627 2.141522 -2.3558e-6 -3.980894 2.48653 1.152746 -2.768688 2.763198 -2.3558e-6 -3.087519 1.36629 1.152746 -3.378409 2.640724 3.615461 -2.945214 2.54184 3.615461 -2.803126 2.363686 3.615461 -2.752417 2.141522 3.615461 -2.686209 2.141522 3.615461 -3.150519 1.64232 3.615461 -3.393135 1.577758 3.615461 -3.378409 1.64232 3.615461 -3.583715 1.741187 3.615461 -3.583715 2.54184 3.615461 -2.827524 1.931095 1.152746 -3.56684 1.76236 1.152746 -3.372381 1.668716 1.152746 -4.059627 2.141522 1.152746 -3.76024 2.763198 -2.3558e-6 -3.44141 2.916754 1.152746 -2.548052 2.48653 -2.3558e-6 -2.548052 1.796514 -2.3558e-6 -3.087519 1.36629 -2.3558e-6 -3.44141 1.36629 1.152746 -3.76024 1.519829 -2.3558e-6 -3.980894 1.796514 -2.3558e-6 -3.135793 1.577758 3.615461 -2.903924 2.593624 3.615461 -2.743467 2.392416 3.615461 -3.087519 2.916754 1.152746 -3.135793 2.705286 3.615461 -3.725801 2.363686 3.615461 -3.785461 2.392416 3.615461 -3.393135 2.705286 3.615461 -3.150519 2.640724 3.615461 -2.803126 1.919358 3.615461 -2.903924 1.68942 3.615461 -3.725801 1.919358 3.615461 -3.785461 1.890612 3.615461 -3.776511 2.141522 3.615461 -3.156547 1.668716 1.152746 -3.56684 2.520684 1.152746 -3.372381 2.614328 1.152746 -3.156547 2.614328 1.152746 -2.962088 2.520684 1.152746 -2.827524 2.351932 1.152746 -2.779501 2.141522 1.152746 -2.945214 1.741187 3.615461 -3.749427 2.141522 1.152746 -3.980894 2.48653 -2.3558e-6 -3.44141 2.916754 -2.3558e-6 -3.087519 2.916754 -2.3558e-6 -2.469301 2.141522 1.152746 -2.469301 2.141522 -2.3558e-6 -2.768688 1.519829 -2.3558e-6 -2.768688 1.519829 1.152746 -3.44141 1.36629 -2.3558e-6 -3.76024 1.519829 1.152746 -3.980894 1.796514 1.152746 -3.842736 2.141522 3.615461 -3.625004 1.68942 3.615461 -2.743467 1.890612 3.615461 -2.548052 1.796514 1.152746 -2.548052 2.48653 1.152746 -2.768688 2.763198 1.152746 -3.76024 2.763198 1.152746 -6.635473 1.843995 3.615535 -6.814692 1.277032 1.152719 -5.0804 -0.1059908 1.152719 -6.814692 0.2898279 1.152719 -7.655015 0.7834495 -7.72996e-5 -7.47032 1.592772 1.152719 -4.626718 2.241783 -7.74469e-5 -5.374635 -1.035096 1.152719 -6.057009 1.95448 3.615535 -5.040814 1.722519 3.615535 -4.707506 1.304603 3.615535 -4.588551 0.7834491 3.615535 -4.433241 0.7834491 3.615535 -5.522421 -0.3875826 3.615535 -6.091552 -0.5390326 3.615535 -6.057009 -0.3875826 3.615535 -6.538615 -0.1556606 3.615535 -6.538615 1.722519 3.615535 -4.764738 0.2898279 1.152719 -6.499029 -0.1059908 1.152719 -6.042867 -0.3256629 1.152719 -7.655015 0.7834492 1.152719 -6.952712 2.241783 -7.74469e-5 -6.204794 2.601994 1.152719 -4.109149 1.592773 -7.74469e-5 -4.109149 -0.02587378 -7.71524e-5 -5.374635 -1.035096 -7.71524e-5 -6.204794 -1.035096 1.152719 -6.952712 -0.6749233 -7.71524e-5 -7.47032 -0.02587378 -7.71524e-5 -5.487878 -0.5390326 3.615535 -4.943956 1.843995 3.615535 -4.567557 1.371997 3.615535 -5.374635 2.601994 1.152719 -5.487878 2.105931 3.615535 -6.871923 1.304603 3.615535 -7.011873 1.371997 3.615535 -6.091552 2.105931 3.615535 -5.522421 1.95448 3.615535 -4.707506 0.2622945 3.615535 -4.943956 -0.2770966 3.615535 -6.871923 0.2622945 3.615535 -7.011873 0.1948611 3.615535 -6.990879 0.7834491 3.615535 -5.536563 -0.3256629 1.152719 -6.499029 1.672889 1.152719 -6.042867 1.892561 1.152719 -5.536563 1.892561 1.152719 -5.0804 1.672889 1.152719 -4.764738 1.277032 1.152719 -4.652086 0.7834492 1.152719 -5.040814 -0.1556606 3.615535 -6.927344 0.7834492 1.152719 -7.47032 1.592773 -7.74469e-5 -6.204794 2.601994 -7.74469e-5 -5.374635 2.601994 -7.74469e-5 -3.924414 0.7834492 1.152719 -3.924414 0.7834495 -7.72996e-5 -4.626718 -0.6749233 -7.71524e-5 -4.626718 -0.6749236 1.152719 -6.204794 -1.035096 -7.71524e-5 -6.952712 -0.6749236 1.152719 -7.47032 -0.02587395 1.152719 -7.146229 0.7834491 3.615535 -6.635473 -0.2770966 3.615535 -4.567557 0.1948611 3.615535 -4.109149 -0.02587395 1.152719 -4.109149 1.592772 1.152719 -4.626718 2.241783 1.152719 -6.952712 2.241783 1.152719 5.185098 -1.550738 3.615469 5.261497 -1.792431 1.152754 4.522183 -2.382003 1.152754 5.261497 -2.213268 1.152754 5.619721 -2.002841 5.79246e-6 5.540987 -1.657833 1.152754 4.328782 -1.381165 5.79246e-6 4.647613 -2.778073 1.152754 4.938504 -1.503639 3.615469 4.505308 -1.602522 3.615469 4.363221 -1.780677 3.615469 4.312511 -2.002841 3.615469 4.246304 -2.002841 3.615469 4.710614 -2.502043 3.615469 4.953229 -2.566605 3.615469 4.938504 -2.502043 3.615469 5.143809 -2.403176 3.615469 5.143809 -1.602522 3.615469 4.387619 -2.213268 1.152754 5.126934 -2.382003 1.152754 4.932476 -2.475647 1.152754 5.619721 -2.002841 1.152754 5.320334 -1.381165 5.79246e-6 5.001503 -1.227609 1.152754 4.108146 -1.657833 5.79246e-6 4.108146 -2.34785 5.79246e-6 4.647613 -2.778073 5.79246e-6 5.001503 -2.778073 1.152754 5.320334 -2.624534 5.79246e-6 5.540987 -2.34785 5.79246e-6 4.695888 -2.566605 3.615469 4.464018 -1.550738 3.615469 4.303562 -1.751947 3.615469 4.647613 -1.227609 1.152754 4.695888 -1.439077 3.615469 5.285896 -1.780677 3.615469 5.345554 -1.751947 3.615469 4.953229 -1.439077 3.615469 4.710614 -1.503639 3.615469 4.363221 -2.225005 3.615469 4.464018 -2.454944 3.615469 5.285896 -2.225005 3.615469 5.345554 -2.253751 3.615469 5.336605 -2.002841 3.615469 4.716642 -2.475647 1.152754 5.126934 -1.62368 1.152754 4.932476 -1.530035 1.152754 4.716642 -1.530035 1.152754 4.522183 -1.62368 1.152754 4.387619 -1.792431 1.152754 4.339596 -2.002841 1.152754 4.505308 -2.403176 3.615469 5.309521 -2.002841 1.152754 5.540987 -1.657833 5.79246e-6 5.001503 -1.227609 5.79246e-6 4.647613 -1.227609 5.79246e-6 4.029395 -2.002841 1.152754 4.029395 -2.002841 5.79246e-6 4.328782 -2.624534 5.79246e-6 4.328782 -2.624534 1.152754 5.001503 -2.778073 5.79246e-6 5.320334 -2.624534 1.152754 5.540987 -2.34785 1.152754 5.402829 -2.002841 3.615469 5.185098 -2.454944 3.615469 4.303562 -2.253751 3.615469 4.108146 -2.34785 1.152754 4.108146 -1.657833 1.152754 4.328782 -1.381165 1.152754 5.320334 -1.381165 1.152754 3.64148 -1.381165 1.152754 2.649928 -1.381165 1.152754 2.429292 -1.657833 1.152754 2.429292 -2.34785 1.152754 2.624707 -2.253751 3.615469 3.506244 -2.454944 3.615469 3.723975 -2.002841 3.615469 3.862133 -2.34785 1.152754 3.64148 -2.624534 1.152754 3.322649 -2.778073 5.79246e-6 2.649928 -2.624534 1.152754 2.649928 -2.624534 5.79246e-6 2.350541 -2.002841 5.79246e-6 2.350541 -2.002841 1.152754 2.968758 -1.227609 5.79246e-6 3.322649 -1.227609 5.79246e-6 3.862133 -1.657833 5.79246e-6 3.630666 -2.002841 1.152754 2.826453 -2.403176 3.615469 2.660741 -2.002841 1.152754 2.708764 -1.792431 1.152754 2.843328 -1.62368 1.152754 3.037787 -1.530035 1.152754 3.253621 -1.530035 1.152754 3.44808 -1.62368 1.152754 3.037787 -2.475647 1.152754 3.657751 -2.002841 3.615469 3.666701 -2.253751 3.615469 3.607041 -2.225005 3.615469 2.785164 -2.454944 3.615469 2.684366 -2.225005 3.615469 3.031759 -1.503639 3.615469 3.274375 -1.439077 3.615469 3.666701 -1.751947 3.615469 3.607041 -1.780677 3.615469 3.017033 -1.439077 3.615469 2.968758 -1.227609 1.152754 2.624707 -1.751947 3.615469 2.785164 -1.550738 3.615469 3.017033 -2.566605 3.615469 3.862133 -2.34785 5.79246e-6 3.64148 -2.624534 5.79246e-6 3.322649 -2.778073 1.152754 2.968758 -2.778073 5.79246e-6 2.429292 -2.34785 5.79246e-6 2.429292 -1.657833 5.79246e-6 3.322649 -1.227609 1.152754 3.64148 -1.381165 5.79246e-6 3.940867 -2.002841 1.152754 3.253621 -2.475647 1.152754 3.44808 -2.382003 1.152754 2.708764 -2.213268 1.152754 3.464955 -1.602522 3.615469 3.464955 -2.403176 3.615469 3.259649 -2.502043 3.615469 3.274375 -2.566605 3.615469 3.031759 -2.502043 3.615469 2.567449 -2.002841 3.615469 2.633657 -2.002841 3.615469 2.684366 -1.780677 3.615469 2.826453 -1.602522 3.615469 3.259649 -1.503639 3.615469 2.968758 -2.778073 1.152754 2.649928 -1.381165 5.79246e-6 3.862133 -1.657833 1.152754 3.940867 -2.002841 5.79246e-6 3.582644 -2.213268 1.152754 2.843328 -2.382003 1.152754 3.582644 -1.792431 1.152754 3.506244 -1.550738 3.615469 3.672969 2.593624 3.615461 3.749369 2.351932 1.152746 3.010053 1.76236 1.152746 3.749369 1.931095 1.152746 4.107592 2.141522 -2.3558e-6 4.028859 2.48653 1.152746 2.816653 2.763198 -2.3558e-6 3.135484 1.36629 1.152746 3.426374 2.640724 3.615461 2.993179 2.54184 3.615461 2.851091 2.363686 3.615461 2.800382 2.141522 3.615461 2.734174 2.141522 3.615461 3.198484 1.64232 3.615461 3.4411 1.577758 3.615461 3.426374 1.64232 3.615461 3.63168 1.741187 3.615461 3.63168 2.54184 3.615461 2.875489 1.931095 1.152746 3.614805 1.76236 1.152746 3.420346 1.668716 1.152746 4.107592 2.141522 1.152746 3.808205 2.763198 -2.3558e-6 3.489375 2.916754 1.152746 2.596017 2.48653 -2.3558e-6 2.596017 1.796514 -2.3558e-6 3.135484 1.36629 -2.3558e-6 3.489375 1.36629 1.152746 3.808205 1.519829 -2.3558e-6 4.028859 1.796514 -2.3558e-6 3.183758 1.577758 3.615461 2.951889 2.593624 3.615461 2.791432 2.392416 3.615461 3.135484 2.916754 1.152746 3.183758 2.705286 3.615461 3.773766 2.363686 3.615461 3.833426 2.392416 3.615461 3.4411 2.705286 3.615461 3.198484 2.640724 3.615461 2.851091 1.919358 3.615461 2.951889 1.68942 3.615461 3.773766 1.919358 3.615461 3.833426 1.890612 3.615461 3.824476 2.141522 3.615461 3.204512 1.668716 1.152746 3.614805 2.520684 1.152746 3.420346 2.614328 1.152746 3.204512 2.614328 1.152746 3.010053 2.520684 1.152746 2.875489 2.351932 1.152746 2.827466 2.141522 1.152746 2.993179 1.741187 3.615461 3.797392 2.141522 1.152746 4.028859 2.48653 -2.3558e-6 3.489375 2.916754 -2.3558e-6 3.135484 2.916754 -2.3558e-6 2.517266 2.141522 1.152746 2.517266 2.141522 -2.3558e-6 2.816653 1.519829 -2.3558e-6 2.816653 1.519829 1.152746 3.489375 1.36629 -2.3558e-6 3.808205 1.519829 1.152746 4.028859 1.796514 1.152746 3.890701 2.141522 3.615461 3.672969 1.68942 3.615461 2.791432 1.890612 3.615461 2.596017 1.796514 1.152746 2.596017 2.48653 1.152746 2.816653 2.763198 1.152746 3.808205 2.763198 1.152746 6.674863 1.843995 3.615535 6.854082 1.277032 1.152719 5.11979 -0.1059908 1.152719 6.854082 0.2898279 1.152719 7.694405 0.7834495 -7.72996e-5 7.50971 1.592772 1.152719 4.666108 2.241783 -7.74469e-5 5.414025 -1.035096 1.152719 6.096399 1.95448 3.615535 5.080204 1.722519 3.615535 4.746896 1.304603 3.615535 4.627941 0.7834491 3.615535 4.472631 0.7834491 3.615535 5.561811 -0.3875826 3.615535 6.130942 -0.5390326 3.615535 6.096399 -0.3875826 3.615535 6.578005 -0.1556606 3.615535 6.578005 1.722519 3.615535 4.804128 0.2898279 1.152719 6.538419 -0.1059908 1.152719 6.082257 -0.3256629 1.152719 7.694405 0.7834492 1.152719 6.992102 2.241783 -7.74469e-5 6.244184 2.601994 1.152719 4.148539 1.592773 -7.74469e-5 4.148539 -0.02587378 -7.71524e-5 5.414025 -1.035096 -7.71524e-5 6.244184 -1.035096 1.152719 6.992102 -0.6749233 -7.71524e-5 7.50971 -0.02587378 -7.71524e-5 5.527268 -0.5390326 3.615535 4.983346 1.843995 3.615535 4.606947 1.371997 3.615535 5.414025 2.601994 1.152719 5.527268 2.105931 3.615535 6.911313 1.304603 3.615535 7.051263 1.371997 3.615535 6.130942 2.105931 3.615535 5.561811 1.95448 3.615535 4.746896 0.2622945 3.615535 4.983346 -0.2770966 3.615535 6.911313 0.2622945 3.615535 7.051263 0.1948611 3.615535 7.030269 0.7834491 3.615535 5.575953 -0.3256629 1.152719 6.538419 1.672889 1.152719 6.082257 1.892561 1.152719 5.575953 1.892561 1.152719 5.11979 1.672889 1.152719 4.804128 1.277032 1.152719 4.691476 0.7834492 1.152719 5.080204 -0.1556606 3.615535 6.966734 0.7834492 1.152719 7.50971 1.592773 -7.74469e-5 6.244184 2.601994 -7.74469e-5 5.414025 2.601994 -7.74469e-5 3.963804 0.7834492 1.152719 3.963804 0.7834495 -7.72996e-5 4.666108 -0.6749233 -7.71524e-5 4.666108 -0.6749236 1.152719 6.244184 -1.035096 -7.71524e-5 6.992102 -0.6749236 1.152719 7.50971 -0.02587395 1.152719 7.185619 0.7834491 3.615535 6.674863 -0.2770966 3.615535 4.606947 0.1948611 3.615535 4.148539 -0.02587395 1.152719 4.148539 1.592772 1.152719 4.666108 2.241783 1.152719 6.992102 2.241783 1.152719 1.284148 1.610269 3.613041 1.855651 0.8936173 3.613041 -0.3843713 1.684009 1.151976 0.3843711 1.684009 1.151976 -1.727308 1.47237e-7 1.151976 -1.556264 -0.7494848 1.151976 -1.137086 1.425828 3.613041 -0.4058416 1.778024 3.613041 -1.823775 4.41712e-7 3.613041 -1.643162 0.7912897 3.613041 0.4058413 1.778024 3.613041 -0.4582912 2.007977 3.613041 0.4582909 2.007977 3.613041 -1.284148 1.610269 3.613041 -1.855651 0.8936173 3.613041 -2.059648 4.41712e-7 3.613041 1.137086 1.425828 3.613041 1.643162 0.7912897 3.613041 1.823775 4.41712e-7 3.613041 2.059588 4.41712e-7 3.613041 1.855651 -0.893676 3.613041 1.643162 -0.7912889 3.613041 1.137086 -1.425887 3.613041 0.4058413 -1.778023 3.613041 -0.4058416 -1.778023 3.613041 -1.137086 -1.425887 3.613041 -0.4582912 -2.007976 3.613041 -1.284148 -1.610268 3.613041 -1.855651 -0.893676 3.613041 1.284148 -1.610268 3.613041 -1.556264 0.7494253 1.151976 -1.076981 1.350473 1.151976 -1.643162 -0.7912889 3.613041 0.4582909 -2.007976 3.613041 1.076981 -1.350472 1.151976 0.3843711 -1.684009 1.151976 1.076981 1.350473 1.151976 1.556264 0.7494253 1.151976 1.556264 -0.7494848 1.151976 1.727308 1.47237e-7 1.151976 -0.3843713 -1.684009 1.151976 -1.076981 -1.350472 1.151976 -4.414549 -1.550738 3.615469 -4.254093 -1.751947 3.615469 -4.883007 -1.530035 1.152754 -4.667173 -1.530035 1.152754 -5.260052 -2.002841 1.152754 -5.212028 -2.213268 1.152754 -5.09434 -1.602522 3.615469 -4.889035 -1.503639 3.615469 -5.287136 -2.002841 3.615469 -5.236427 -1.780677 3.615469 -4.661145 -1.503639 3.615469 -4.90376 -1.439077 3.615469 -4.646419 -1.439077 3.615469 -5.135629 -1.550738 3.615469 -5.296085 -1.751947 3.615469 -5.35336 -2.002841 3.615469 -4.455839 -1.602522 3.615469 -4.313752 -1.780677 3.615469 -4.263042 -2.002841 3.615469 -4.196835 -2.002841 3.615469 -4.254093 -2.253751 3.615469 -4.313752 -2.225005 3.615469 -4.455839 -2.403176 3.615469 -4.661145 -2.502043 3.615469 -4.889035 -2.502043 3.615469 -5.09434 -2.403176 3.615469 -4.90376 -2.566605 3.615469 -5.135629 -2.454944 3.615469 -5.296085 -2.253751 3.615469 -4.414549 -2.454944 3.615469 -5.212028 -1.792431 1.152754 -5.077465 -1.62368 1.152754 -5.236427 -2.225005 3.615469 -4.646419 -2.566605 3.615469 -4.472714 -2.382003 1.152754 -4.667173 -2.475647 1.152754 -4.472714 -1.62368 1.152754 -4.33815 -1.792431 1.152754 -4.33815 -2.213268 1.152754 -4.290127 -2.002841 1.152754 -4.883007 -2.475647 1.152754 -5.077465 -2.382003 1.152754 -3.398611 -2.382003 1.152754 -3.533175 -2.213268 1.152754 -3.204152 -2.475647 1.152754 -2.988318 -2.475647 1.152754 -2.611272 -2.002841 1.152754 -2.659295 -2.213268 1.152754 -2.659295 -1.792431 1.152754 -2.793859 -2.382003 1.152754 -3.398611 -1.62368 1.152754 -3.204152 -1.530035 1.152754 -2.988318 -1.530035 1.152754 -2.793859 -1.62368 1.152754 -3.608282 -2.002841 3.615469 -3.557572 -2.225005 3.615469 -3.674506 -2.002841 3.615469 -3.617232 -2.253751 3.615469 -2.776984 -2.403176 3.615469 -2.98229 -2.502043 3.615469 -2.967564 -2.566605 3.615469 -3.224906 -2.566605 3.615469 -2.735695 -2.454944 3.615469 -2.575238 -1.751947 3.615469 -2.51798 -2.002841 3.615469 -3.415486 -2.403176 3.615469 -3.533175 -1.792431 1.152754 -3.581197 -2.002841 1.152754 -3.617232 -1.751947 3.615469 -3.456775 -1.550738 3.615469 -2.967564 -1.439077 3.615469 -2.735695 -1.550738 3.615469 -2.584188 -2.002841 3.615469 -2.634897 -2.225005 3.615469 -2.575238 -2.253751 3.615469 -3.456775 -2.454944 3.615469 -3.21018 -2.502043 3.615469 -2.634897 -1.780677 3.615469 -2.98229 -1.503639 3.615469 -2.776984 -1.602522 3.615469 -3.557572 -1.780677 3.615469 -3.415486 -1.602522 3.615469 -3.224906 -1.439077 3.615469 -3.21018 -1.503639 3.615469 -2.903924 2.593624 3.615461 -2.743467 2.392416 3.615461 -3.372381 2.614328 1.152746 -3.156547 2.614328 1.152746 -3.749427 2.141522 1.152746 -3.701404 1.931095 1.152746 -3.583715 2.54184 3.615461 -3.378409 2.640724 3.615461 -3.776511 2.141522 3.615461 -3.725801 2.363686 3.615461 -3.150519 2.640724 3.615461 -3.393135 2.705286 3.615461 -3.135793 2.705286 3.615461 -3.625004 2.593624 3.615461 -3.785461 2.392416 3.615461 -3.842736 2.141522 3.615461 -2.945214 2.54184 3.615461 -2.803126 2.363686 3.615461 -2.752417 2.141522 3.615461 -2.686209 2.141522 3.615461 -2.743467 1.890612 3.615461 -2.803126 1.919358 3.615461 -2.945214 1.741187 3.615461 -3.150519 1.64232 3.615461 -3.378409 1.64232 3.615461 -3.583715 1.741187 3.615461 -3.393135 1.577758 3.615461 -3.625004 1.68942 3.615461 -3.785461 1.890612 3.615461 -2.903924 1.68942 3.615461 -3.701404 2.351932 1.152746 -3.56684 2.520684 1.152746 -3.725801 1.919358 3.615461 -3.135793 1.577758 3.615461 -2.962088 1.76236 1.152746 -3.156547 1.668716 1.152746 -2.962088 2.520684 1.152746 -2.827524 2.351932 1.152746 -2.827524 1.931095 1.152746 -2.779501 2.141522 1.152746 -3.372381 1.668716 1.152746 -3.56684 1.76236 1.152746 -4.943956 1.843995 3.615535 -4.567557 1.371997 3.615535 -6.042867 1.892561 1.152719 -5.536563 1.892561 1.152719 -6.927344 0.7834492 1.152719 -6.814692 0.2898279 1.152719 -6.538615 1.722519 3.615535 -6.057009 1.95448 3.615535 -6.990879 0.7834491 3.615535 -6.871923 1.304603 3.615535 -5.522421 1.95448 3.615535 -6.091552 2.105931 3.615535 -5.487878 2.105931 3.615535 -6.635473 1.843995 3.615535 -7.011873 1.371997 3.615535 -7.146229 0.7834491 3.615535 -5.040814 1.722519 3.615535 -4.707506 1.304603 3.615535 -4.588551 0.7834491 3.615535 -4.433241 0.7834491 3.615535 -4.567557 0.1948611 3.615535 -4.707506 0.2622945 3.615535 -5.040814 -0.1556606 3.615535 -5.522421 -0.3875826 3.615535 -6.057009 -0.3875826 3.615535 -6.538615 -0.1556606 3.615535 -6.091552 -0.5390326 3.615535 -6.635473 -0.2770966 3.615535 -7.011873 0.1948611 3.615535 -4.943956 -0.2770966 3.615535 -6.814692 1.277032 1.152719 -6.499029 1.672889 1.152719 -6.871923 0.2622945 3.615535 -5.487878 -0.5390326 3.615535 -5.0804 -0.1059908 1.152719 -5.536563 -0.3256629 1.152719 -5.0804 1.672889 1.152719 -4.764738 1.277032 1.152719 -4.764738 0.2898279 1.152719 -4.652086 0.7834492 1.152719 -6.042867 -0.3256629 1.152719 -6.499029 -0.1059908 1.152719 4.464018 -1.550738 3.615469 4.303562 -1.751947 3.615469 4.932476 -1.530035 1.152754 4.716642 -1.530035 1.152754 5.309521 -2.002841 1.152754 5.261497 -2.213268 1.152754 5.143809 -1.602522 3.615469 4.938504 -1.503639 3.615469 5.336605 -2.002841 3.615469 5.285896 -1.780677 3.615469 4.710614 -1.503639 3.615469 4.953229 -1.439077 3.615469 4.695888 -1.439077 3.615469 5.185098 -1.550738 3.615469 5.345554 -1.751947 3.615469 5.402829 -2.002841 3.615469 4.505308 -1.602522 3.615469 4.363221 -1.780677 3.615469 4.312511 -2.002841 3.615469 4.246304 -2.002841 3.615469 4.303562 -2.253751 3.615469 4.363221 -2.225005 3.615469 4.505308 -2.403176 3.615469 4.710614 -2.502043 3.615469 4.938504 -2.502043 3.615469 5.143809 -2.403176 3.615469 4.953229 -2.566605 3.615469 5.185098 -2.454944 3.615469 5.345554 -2.253751 3.615469 4.464018 -2.454944 3.615469 5.261497 -1.792431 1.152754 5.126934 -1.62368 1.152754 5.285896 -2.225005 3.615469 4.695888 -2.566605 3.615469 4.522183 -2.382003 1.152754 4.716642 -2.475647 1.152754 4.522183 -1.62368 1.152754 4.387619 -1.792431 1.152754 4.387619 -2.213268 1.152754 4.339596 -2.002841 1.152754 4.932476 -2.475647 1.152754 5.126934 -2.382003 1.152754 3.44808 -2.382003 1.152754 3.582644 -2.213268 1.152754 3.253621 -2.475647 1.152754 3.037787 -2.475647 1.152754 2.660741 -2.002841 1.152754 2.708764 -2.213268 1.152754 2.708764 -1.792431 1.152754 2.843328 -2.382003 1.152754 3.44808 -1.62368 1.152754 3.253621 -1.530035 1.152754 3.037787 -1.530035 1.152754 2.843328 -1.62368 1.152754 3.657751 -2.002841 3.615469 3.607041 -2.225005 3.615469 3.723975 -2.002841 3.615469 3.666701 -2.253751 3.615469 2.826453 -2.403176 3.615469 3.031759 -2.502043 3.615469 3.017033 -2.566605 3.615469 3.274375 -2.566605 3.615469 2.785164 -2.454944 3.615469 2.624707 -1.751947 3.615469 2.567449 -2.002841 3.615469 3.464955 -2.403176 3.615469 3.582644 -1.792431 1.152754 3.630666 -2.002841 1.152754 3.666701 -1.751947 3.615469 3.506244 -1.550738 3.615469 3.017033 -1.439077 3.615469 2.785164 -1.550738 3.615469 2.633657 -2.002841 3.615469 2.684366 -2.225005 3.615469 2.624707 -2.253751 3.615469 3.506244 -2.454944 3.615469 3.259649 -2.502043 3.615469 2.684366 -1.780677 3.615469 3.031759 -1.503639 3.615469 2.826453 -1.602522 3.615469 3.607041 -1.780677 3.615469 3.464955 -1.602522 3.615469 3.274375 -1.439077 3.615469 3.259649 -1.503639 3.615469 2.951889 2.593624 3.615461 2.791432 2.392416 3.615461 3.420346 2.614328 1.152746 3.204512 2.614328 1.152746 3.797392 2.141522 1.152746 3.749369 1.931095 1.152746 3.63168 2.54184 3.615461 3.426374 2.640724 3.615461 3.824476 2.141522 3.615461 3.773766 2.363686 3.615461 3.198484 2.640724 3.615461 3.4411 2.705286 3.615461 3.183758 2.705286 3.615461 3.672969 2.593624 3.615461 3.833426 2.392416 3.615461 3.890701 2.141522 3.615461 2.993179 2.54184 3.615461 2.851091 2.363686 3.615461 2.800382 2.141522 3.615461 2.734174 2.141522 3.615461 2.791432 1.890612 3.615461 2.851091 1.919358 3.615461 2.993179 1.741187 3.615461 3.198484 1.64232 3.615461 3.426374 1.64232 3.615461 3.63168 1.741187 3.615461 3.4411 1.577758 3.615461 3.672969 1.68942 3.615461 3.833426 1.890612 3.615461 2.951889 1.68942 3.615461 3.749369 2.351932 1.152746 3.614805 2.520684 1.152746 3.773766 1.919358 3.615461 3.183758 1.577758 3.615461 3.010053 1.76236 1.152746 3.204512 1.668716 1.152746 3.010053 2.520684 1.152746 2.875489 2.351932 1.152746 2.875489 1.931095 1.152746 2.827466 2.141522 1.152746 3.420346 1.668716 1.152746 3.614805 1.76236 1.152746 4.983346 1.843995 3.615535 4.606947 1.371997 3.615535 6.082257 1.892561 1.152719 5.575953 1.892561 1.152719 6.966734 0.7834492 1.152719 6.854082 0.2898279 1.152719 6.578005 1.722519 3.615535 6.096399 1.95448 3.615535 7.030269 0.7834491 3.615535 6.911313 1.304603 3.615535 5.561811 1.95448 3.615535 6.130942 2.105931 3.615535 5.527268 2.105931 3.615535 6.674863 1.843995 3.615535 7.051263 1.371997 3.615535 7.185619 0.7834491 3.615535 5.080204 1.722519 3.615535 4.746896 1.304603 3.615535 4.627941 0.7834491 3.615535 4.472631 0.7834491 3.615535 4.606947 0.1948611 3.615535 4.746896 0.2622945 3.615535 5.080204 -0.1556606 3.615535 5.561811 -0.3875826 3.615535 6.096399 -0.3875826 3.615535 6.578005 -0.1556606 3.615535 6.130942 -0.5390326 3.615535 6.674863 -0.2770966 3.615535 7.051263 0.1948611 3.615535 4.983346 -0.2770966 3.615535 6.854082 1.277032 1.152719 6.538419 1.672889 1.152719 6.911313 0.2622945 3.615535 5.527268 -0.5390326 3.615535 5.11979 -0.1059908 1.152719 5.575953 -0.3256629 1.152719 5.11979 1.672889 1.152719 4.804128 1.277032 1.152719 4.804128 0.2898279 1.152719 4.691476 0.7834492 1.152719 6.082257 -0.3256629 1.152719 6.538419 -0.1059908 1.152719 -8.867331 1.617113 3.615461 -8.943731 1.375421 1.152746 -8.204415 0.7858487 1.152746 -8.943731 0.9545838 1.152746 -9.301954 1.165011 -2.04687e-6 -9.223221 1.510019 1.152746 -8.011014 1.786687 -2.04687e-6 -8.329846 0.3897787 1.152746 -8.620736 1.664213 3.615461 -8.187541 1.565329 3.615461 -8.045453 1.387175 3.615461 -7.994743 1.165011 3.615461 -7.928535 1.165011 3.615461 -8.392846 0.6658087 3.615461 -8.635462 0.6012467 3.615461 -8.620736 0.6658087 3.615461 -8.826042 0.7646757 3.615461 -8.826042 1.565329 3.615461 -8.06985 0.9545838 1.152746 -8.809166 0.7858487 1.152746 -8.614707 0.6922047 1.152746 -9.301954 1.165011 1.152746 -9.002567 1.786687 -2.04687e-6 -8.683736 1.940243 1.152746 -7.790379 1.510019 -2.04687e-6 -7.790379 0.8200028 -2.04687e-6 -8.329846 0.3897787 -2.04687e-6 -8.683736 0.3897787 1.152746 -9.002567 0.5433178 -2.04687e-6 -9.223221 0.8200028 -2.04687e-6 -8.37812 0.6012467 3.615461 -8.14625 1.617113 3.615461 -7.985793 1.415905 3.615461 -8.329846 1.940243 1.152746 -8.37812 1.728775 3.615461 -8.968128 1.387175 3.615461 -9.027788 1.415905 3.615461 -8.635462 1.728775 3.615461 -8.392846 1.664213 3.615461 -8.045453 0.9428468 3.615461 -8.14625 0.7129088 3.615461 -8.968128 0.9428468 3.615461 -9.027788 0.9141008 3.615461 -9.018837 1.165011 3.615461 -8.398874 0.6922047 1.152746 -8.809166 1.544173 1.152746 -8.614707 1.637817 1.152746 -8.398874 1.637817 1.152746 -8.204415 1.544173 1.152746 -8.06985 1.375421 1.152746 -8.021828 1.165011 1.152746 -8.187541 0.7646757 3.615461 -8.991754 1.165011 1.152746 -9.223221 1.510019 -2.04687e-6 -8.683736 1.940243 -2.04687e-6 -8.329846 1.940243 -2.04687e-6 -7.711627 1.165011 1.152746 -7.711627 1.165011 -2.04687e-6 -8.011014 0.5433178 -2.04687e-6 -8.011014 0.5433178 1.152746 -8.683736 0.3897787 -2.04687e-6 -9.002567 0.5433178 1.152746 -9.223221 0.8200028 1.152746 -9.085062 1.165011 3.615461 -8.867331 0.7129088 3.615461 -7.985793 0.9141008 3.615461 -7.790379 0.8200028 1.152746 -7.790379 1.510019 1.152746 -8.011014 1.786687 1.152746 -9.002567 1.786687 1.152746 -8.14625 1.617113 3.615461 -7.985793 1.415905 3.615461 -8.614707 1.637817 1.152746 -8.398874 1.637817 1.152746 -8.991754 1.165011 1.152746 -8.943731 0.9545838 1.152746 -8.826042 1.565329 3.615461 -8.620736 1.664213 3.615461 -9.018837 1.165011 3.615461 -8.968128 1.387175 3.615461 -8.392846 1.664213 3.615461 -8.635462 1.728775 3.615461 -8.37812 1.728775 3.615461 -8.867331 1.617113 3.615461 -9.027788 1.415905 3.615461 -9.085062 1.165011 3.615461 -8.187541 1.565329 3.615461 -8.045453 1.387175 3.615461 -7.994743 1.165011 3.615461 -7.928535 1.165011 3.615461 -7.985793 0.9141008 3.615461 -8.045453 0.9428468 3.615461 -8.187541 0.7646757 3.615461 -8.392846 0.6658087 3.615461 -8.620736 0.6658087 3.615461 -8.826042 0.7646757 3.615461 -8.635462 0.6012467 3.615461 -8.867331 0.7129088 3.615461 -9.027788 0.9141008 3.615461 -8.14625 0.7129088 3.615461 -8.943731 1.375421 1.152746 -8.809166 1.544173 1.152746 -8.968128 0.9428468 3.615461 -8.37812 0.6012467 3.615461 -8.204415 0.7858487 1.152746 -8.398874 0.6922047 1.152746 -8.204415 1.544173 1.152746 -8.06985 1.375421 1.152746 -8.06985 0.9545838 1.152746 -8.021828 1.165011 1.152746 -8.614707 0.6922047 1.152746 -8.809166 0.7858487 1.152746 8.195078 1.617113 3.615461 8.118679 1.375421 1.152746 8.857995 0.7858487 1.152746 8.118679 0.9545838 1.152746 7.760455 1.165011 -2.04687e-6 7.839187 1.510019 1.152746 9.051395 1.786687 -2.04687e-6 8.732563 0.3897787 1.152746 8.441674 1.664213 3.615461 8.874869 1.565329 3.615461 9.016957 1.387175 3.615461 9.067666 1.165011 3.615461 9.133873 1.165011 3.615461 8.669564 0.6658087 3.615461 8.426947 0.6012467 3.615461 8.441674 0.6658087 3.615461 8.236368 0.7646757 3.615461 8.236368 1.565329 3.615461 8.992559 0.9545838 1.152746 8.253243 0.7858487 1.152746 8.447702 0.6922047 1.152746 7.760455 1.165011 1.152746 8.059843 1.786687 -2.04687e-6 8.378673 1.940243 1.152746 9.27203 1.510019 -2.04687e-6 9.27203 0.8200028 -2.04687e-6 8.732563 0.3897787 -2.04687e-6 8.378673 0.3897787 1.152746 8.059843 0.5433178 -2.04687e-6 7.839187 0.8200028 -2.04687e-6 8.684289 0.6012467 3.615461 8.916159 1.617113 3.615461 9.076616 1.415905 3.615461 8.732563 1.940243 1.152746 8.684289 1.728775 3.615461 8.094282 1.387175 3.615461 8.034622 1.415905 3.615461 8.426947 1.728775 3.615461 8.669564 1.664213 3.615461 9.016957 0.9428468 3.615461 8.916159 0.7129088 3.615461 8.094282 0.9428468 3.615461 8.034622 0.9141008 3.615461 8.043572 1.165011 3.615461 8.663536 0.6922047 1.152746 8.253243 1.544173 1.152746 8.447702 1.637817 1.152746 8.663536 1.637817 1.152746 8.857995 1.544173 1.152746 8.992559 1.375421 1.152746 9.040581 1.165011 1.152746 8.874869 0.7646757 3.615461 8.070655 1.165011 1.152746 7.839187 1.510019 -2.04687e-6 8.378673 1.940243 -2.04687e-6 8.732563 1.940243 -2.04687e-6 9.350782 1.165011 1.152746 9.350782 1.165011 -2.04687e-6 9.051395 0.5433178 -2.04687e-6 9.051395 0.5433178 1.152746 8.378673 0.3897787 -2.04687e-6 8.059843 0.5433178 1.152746 7.839187 0.8200028 1.152746 7.977346 1.165011 3.615461 8.195078 0.7129088 3.615461 9.076616 0.9141008 3.615461 9.27203 0.8200028 1.152746 9.27203 1.510019 1.152746 9.051395 1.786687 1.152746 8.059843 1.786687 1.152746 8.916159 1.617113 3.615461 9.076616 1.415905 3.615461 8.447702 1.637817 1.152746 8.663536 1.637817 1.152746 8.070655 1.165011 1.152746 8.118679 0.9545838 1.152746 8.236368 1.565329 3.615461 8.441674 1.664213 3.615461 8.043572 1.165011 3.615461 8.094282 1.387175 3.615461 8.669564 1.664213 3.615461 8.426947 1.728775 3.615461 8.684289 1.728775 3.615461 8.195078 1.617113 3.615461 8.034622 1.415905 3.615461 7.977346 1.165011 3.615461 8.874869 1.565329 3.615461 9.016957 1.387175 3.615461 9.067666 1.165011 3.615461 9.133873 1.165011 3.615461 9.076616 0.9141008 3.615461 9.016957 0.9428468 3.615461 8.874869 0.7646757 3.615461 8.669564 0.6658087 3.615461 8.441674 0.6658087 3.615461 8.236368 0.7646757 3.615461 8.426947 0.6012467 3.615461 8.195078 0.7129088 3.615461 8.034622 0.9141008 3.615461 8.916159 0.7129088 3.615461 8.118679 1.375421 1.152746 8.253243 1.544173 1.152746 8.094282 0.9428468 3.615461 8.684289 0.6012467 3.615461 8.857995 0.7858487 1.152746 8.663536 0.6922047 1.152746 8.857995 1.544173 1.152746 8.992559 1.375421 1.152746 8.992559 0.9545838 1.152746 9.040581 1.165011 1.152746 8.447702 0.6922047 1.152746 8.253243 0.7858487 1.152746</float_array>
          <technique_common>
            <accessor source="#Engines_med-mesh-positions-array" count="1232" stride="3">
              <param name="X" type="float"/>
              <param name="Y" type="float"/>
              <param name="Z" type="float"/>
            </accessor>
          </technique_common>
        </source>
        <source id="Engines_med-mesh-normals">
          <float_array id="Engines_med-mesh-normals-array" count="2553">-0.9002755 0.4335559 0.03915679 -0.999233 -1.00829e-5 0.03916251 -0.900283 0.4335409 0.03915387 -0.8596078 0.4139782 0.2994939 -0.9889312 1.93391e-6 0.148375 -0.9540981 1.63779e-5 0.2994947 -5.65595e-7 0 1 -0.9009714 -0.4338785 2.28283e-7 -0.61658 -0.7731834 0.1483799 -0.8910002 -0.4290728 0.1483755 0 0 1 0.6230043 0.781238 0.03915256 0.2223454 0.9741814 0.03915494 0.6230055 0.781237 0.03915494 -0.6165862 0.7731795 0.1483744 -0.5948756 0.7459383 0.299498 -0.9009677 0.4338862 0 -0.8909932 0.4290828 0.1483885 2.26222e-6 0 1 2.26255e-6 0 1 0.2200556 -0.9641365 0.1483794 0.594863 -0.7459486 0.2994976 0.2123026 -0.9301741 0.2995061 -0.2200512 -0.9641377 0.1483786 -0.6234791 -0.7818401 0 -0.222518 -0.9749286 0 0.6166045 0.7731645 0.1483766 0.9009659 0.43389 0 0.6234988 0.7818244 0 0.2223643 -0.9741775 0.03914654 0.6230316 -0.7812166 0.03914403 0.2223504 -0.9741803 0.03915435 0.9889308 -3.49616e-6 0.1483778 0.8596158 0.4139569 0.2995 0.954097 4.65678e-7 0.2994976 0.2200725 0.9641329 0.1483774 0.2225328 0.9749252 0 -0.6230042 0.781238 0.03915256 -0.6230055 0.781237 0.03915488 0.9002841 -0.4335384 0.03915399 0.9992328 8.22875e-6 0.03916496 0.999233 -1.00829e-5 0.03916251 0.8909952 0.4290832 0.1483758 4.64969e-7 0 1 -1.41393e-6 0 1 5.65622e-7 0 1 0.6165959 -0.7731703 0.1483824 0.222518 -0.9749287 0 0.6234984 -0.7818246 0 -0.2223706 -0.9741761 0.03914648 -0.2223454 -0.9741814 0.03915435 0.9009696 -0.4338822 2.28281e-7 1 -6.28078e-6 0 0.8910012 -0.429071 0.1483743 -0.2223505 0.9741803 0.03915399 -0.2223404 0.9741826 0.03915488 -0.2225449 0.9749225 0 -0.220071 0.9641338 0.1483742 5.65595e-7 0 1 -0.9002842 -0.4335384 0.03915399 -0.6230154 -0.7812294 0.0391466 -0.6230315 -0.7812167 0.03914403 0.9002755 0.4335559 0.03915679 0.9002829 0.4335409 0.03915387 -1.84167e-7 0 1 -1.13101e-6 0 1 0.5948736 0.7459394 0.2994993 -0.2123028 0.9301742 0.2995058 -1 -6.34396e-6 0 0.6230155 -0.7812293 0.03914666 -0.9992328 8.21897e-6 0.03916496 -1.13119e-6 0 1 1.13119e-6 0 1 3.31842e-7 0 1 -0.8595974 -0.4139898 0.2995078 -0.5948546 -0.7459511 0.2995078 0.8596164 -0.4139671 0.2994846 -0.2123036 -0.9301738 0.2995061 0.2123036 0.9301739 0.2995059 -5.26294e-7 0 1 -0.6234893 -0.7818319 0 -0.2223042 -0.9740003 0.04364126 -0.6228868 -0.7810938 0.04364103 -0.9009133 0.4338599 0.01099449 -0.9999396 -6.10107e-6 0.01099562 -0.9009178 0.4338504 0.01099324 -0.9009771 -0.4338667 0 0.6234484 0.7817873 0.010993 0.2225043 0.9748697 0.01099354 0.6234458 0.7817893 0.0109933 0.6210741 -0.7788259 0.08773374 0.9001145 -0.4334622 0.04364067 0.8974964 -0.432208 0.0877304 -0.8974895 0.432222 0.08773154 -0.6228989 0.7810844 0.04364001 -0.9001109 0.4334697 0.0436424 -0.996144 7.80263e-6 0.08773452 -0.9001135 -0.4334642 0.04363965 -0.8974824 -0.4322355 0.08773803 -1 7.80386e-6 0 -0.9990473 -2.83701e-6 0.04363989 -0.6234843 0.781836 0 -0.9009645 0.433893 0 0.2225338 -0.974863 0.01099103 0.6234652 -0.781774 0.01099103 0.2225032 -0.97487 0.01099348 0.9001061 0.4334797 0.043639 1 -5.44914e-6 0 0.9009677 0.4338862 0 -0.6234464 0.7817889 0.01099288 -0.6234457 0.7817894 0.0109933 0.9009225 -0.4338407 0.01099288 0.9999396 -2.50458e-6 0.01099646 0.9999396 -4.66325e-6 0.01099562 -0.2223302 0.9739943 0.04364007 -0.621087 0.7788156 0.08773487 -0.2216594 0.9711691 0.08773696 2.69056e-6 0 1 -0.2225314 -0.9748636 0.01099348 -0.2225067 -0.9748692 0.01099097 0.2225447 0.9749225 0 -0.2225338 0.974925 0 0.222324 0.9739958 0.04364013 0.6235081 0.7818169 0 0.6229086 0.7810765 0.04363882 -0.2225249 -0.9749271 0 0.2223091 -0.973999 0.04364126 0.2225136 -0.9749296 0 0.6229066 -0.781078 0.0436415 0.2216579 -0.9711694 0.08773714 -0.6210705 -0.7788283 0.08773726 -0.2216598 -0.971169 0.0877369 0.2225019 0.9748703 0.01099354 -0.2225012 0.9748705 0.01099359 0.6210878 0.7788147 0.08773589 0.8975018 0.4321956 0.08773595 -0.9009239 -0.4338381 0.01099306 -0.6234549 -0.781782 0.01099443 -0.6234651 -0.7817739 0.01098859 0.9009144 0.4338575 0.01099449 0.9009158 0.4338547 0.01099348 0.6234948 -0.7818276 0 0.9009694 -0.4338828 0 3.587e-6 0 1 0.9961439 2.83467e-6 0.08773398 0.9990474 2.12411e-6 0.04364043 0.6234595 -0.7817785 0.01099216 0.2216575 0.9711694 0.08773726 -0.9999396 -7.50398e-7 0.01099652 2.02106e-7 0 1 6.4829e-7 0 1 -6.48293e-7 0 1 -6.4829e-7 0 1 -0.2225019 0.9748703 0.01099365 -0.6234467 0.7817888 0.01099288 -0.6234458 0.7817894 0.01099342 -0.9999396 -2.40712e-6 0.0109964 -0.9009239 -0.4338379 0.010993 -0.9999396 -4.52723e-6 0.01099556 -0.2223298 0.9739944 0.04364007 0.2216579 0.9711695 0.0877372 0.2223246 0.9739956 0.04364019 -0.9990473 -1.38666e-6 0.04363971 -0.9009648 0.4338924 0 -1 5.98426e-6 0 0.9009188 0.4338487 0.01099306 0.6234469 0.7817886 0.0109927 0.6234463 0.781789 0.01099342 0.6234578 -0.7817799 0.01099181 0.9009246 -0.4338365 0.01099312 0.6234656 -0.7817735 0.01099115 0.9990474 1.90116e-6 0.04364025 0.8975017 0.4321959 0.08773547 0.996144 3.46887e-6 0.0877335 0.2216583 -0.9711694 0.08773696 -0.2223042 -0.9740002 0.0436412 0.2223101 -0.9739989 0.04364126 0.9009692 -0.4338833 0 0.9001145 -0.4334623 0.04364061 -0.6234552 -0.7817818 0.01099449 -0.2225074 -0.974869 0.01099103 -0.6234652 -0.7817739 0.01098865 0.6210872 0.7788154 0.08773559 0.6229085 0.7810767 0.04363888 -0.6228865 -0.7810941 0.04364085 -0.8974818 -0.4322366 0.08773785 -0.9001138 -0.4334639 0.04363954 3.58701e-6 0 1 0.9999396 -6.00392e-6 0.0109955 0.9009139 0.4338586 0.01099431 -0.6228978 0.7810851 0.04363983 -0.2225343 0.9749249 0 -0.6234847 0.7818356 0 0.900106 0.43348 0.04363894 0.2224997 0.9748708 0.01099348 0.2225035 0.9748699 0.01099365 -0.6210704 -0.7788283 0.08773767 -0.221661 -0.9711688 0.08773714 0.6210735 -0.7788265 0.08773338 0.222514 -0.9749296 0 0.622907 -0.7810777 0.0436415 -0.2225244 -0.9749271 0 0.900968 0.4338859 0 0.6235092 0.7818162 0 0.2225458 0.9749222 0 -0.222531 -0.9748637 0.01099342 0.2225025 -0.9748702 0.01099359 -0.8974896 0.4322217 0.08773165 -0.9001102 0.4334709 0.04364216 -0.6210869 0.7788156 0.08773511 -0.2216607 0.9711688 0.0877372 0.9999396 -6.8218e-7 0.01099634 -0.9009172 0.4338517 0.01099336 0.2225317 -0.9748635 0.01099103 -0.9961439 6.44774e-6 0.08773422 0.8974965 -0.4322077 0.08773016 -0.6234886 -0.7818326 0 -0.2223047 -0.974 0.04364132 -0.622887 -0.7810937 0.04364103 -0.900913 0.4338605 0.01099431 -0.9999396 -5.86791e-6 0.01099544 -0.9009176 0.4338509 0.01099318 -1.79379e-6 0 1 -0.9009766 -0.4338676 0 0.6234483 0.7817875 0.01099288 0.2225039 0.9748699 0.01099359 0.6234443 0.7817905 0.0109933 0.6210737 -0.7788264 0.08773338 0.9001148 -0.4334616 0.04364061 0.8974958 -0.4322093 0.08773005 -0.8974875 0.4322263 0.08773142 -0.6228981 0.7810849 0.04364013 -0.9001106 0.4334702 0.0436424 -0.996144 7.86989e-6 0.08773422 -0.9001139 -0.4334633 0.04363954 -0.8974803 -0.4322398 0.08773803 -1 5.7118e-6 0 -0.9990473 -2.05181e-6 0.04363971 -0.6234845 0.7818358 0 -0.900965 0.4338921 0 7.17451e-6 0 1 0.2225342 -0.9748629 0.01099073 0.623463 -0.7817757 0.01099079 0.2225002 -0.9748707 0.01099348 0.9001061 0.43348 0.043639 1 -5.69241e-6 0 0.900968 0.4338859 0 -0.6234459 0.7817893 0.01099294 -0.6234454 0.7817896 0.01099312 0.9009226 -0.4338406 0.01099258 0.9999396 -8.9658e-7 0.0109961 0.9999396 -5.96506e-6 0.01099526 -0.2223302 0.9739943 0.04364031 -0.621086 0.7788164 0.08773487 -0.2216603 0.9711689 0.08773708 -5.38112e-6 0 1 3.58769e-6 0 1 -0.2225335 -0.9748631 0.01099067 -0.2225019 -0.9748703 0.01099354 0.2225455 0.9749224 0 -0.2225347 0.9749248 0 0.2223253 0.9739955 0.0436412 0.6235089 0.7818163 0 0.6229077 0.7810772 0.04363989 -0.2225245 -0.9749271 0 0.2223096 -0.973999 0.04364144 0.2225131 -0.9749297 0 0.6229071 -0.7810776 0.04364168 0.2216602 -0.9711689 0.08773714 -0.6210694 -0.7788292 0.08773756 -0.2216619 -0.9711685 0.0877372 0.2225006 0.9748706 0.01099359 -0.2225022 0.9748703 0.01099354 0.6210882 0.7788148 0.08773267 0.8975011 0.4321972 0.08773547 -0.9009242 -0.4338374 0.01099252 -0.6234575 -0.7817801 0.01099151 -0.6234641 -0.7817748 0.01099079 0.9009143 0.4338578 0.01099419 0.900916 0.4338542 0.01099312 0.6234947 -0.7818276 0 0.9009695 -0.4338827 0 -3.58699e-6 0 1 0.996144 2.66171e-6 0.0877335 0.9990474 1.85584e-6 0.04364025 0.2216662 0.9711678 0.08773452 0.6234598 -0.7817783 0.01099151 -0.9999396 -7.89379e-7 0.01099628 4.0421e-7 0 1 -6.4829e-7 0 1 -1.16822e-6 0 1 -0.9009764 -0.4338684 0 -0.6234884 -0.7818326 0 -0.9009147 0.4338573 0.01099437 -5.26296e-7 0 1 -1.14769e-6 0 1 -0.6203371 -0.7779006 0.1002626 -0.222518 -0.9749287 0 -0.2213972 -0.9700159 0.1002621 -0.9006674 0.4337437 0.02578234 -0.9996675 -9.21983e-6 0.02578556 -0.9006741 0.4337301 0.02578026 -1.3039e-6 0 1 -0.6234871 -0.7818337 -1.34116e-7 -0.8964315 -0.431693 0.1002593 -0.9009758 -0.4338694 0 0.6232766 0.7815765 0.0257793 0.2224401 0.9746055 0.02578109 0.6232757 0.7815771 0.02578085 0.6105867 -0.7656692 0.202323 0.8964316 -0.4316924 0.1002596 0.8823387 -0.4249088 0.2023144 -0.8823311 0.4249222 0.2023196 -0.620346 0.777894 0.10026 -0.8964285 0.4316974 0.1002673 -0.979319 1.56963e-5 0.2023223 -0.8823229 -0.4249333 0.2023314 -0.9949613 -3.29037e-6 0.1002596 -0.9009668 0.4338883 1.97363e-7 -0.6234889 0.7818322 0 -5.21516e-6 0 1 0.2224661 -0.9745997 0.02577471 0.6232986 -0.7815592 0.02577412 0.2224457 -0.9746043 0.02578037 0.8964285 0.4316992 0.1002586 1 3.64884e-6 0 0.900964 0.4338939 1.97361e-7 -0.6232768 0.7815763 0.02577948 -0.6232757 0.7815772 0.02578091 0.9006761 -0.4337258 0.02577966 0.9996675 5.96702e-6 0.02578723 0.9996675 -9.85969e-6 0.02578556 -0.2214145 0.9700123 0.1002592 -0.6106014 0.7656571 0.2023249 -0.2179156 0.9547647 0.2023296 3.25958e-6 0 1 -1.30396e-6 0 1 2.60791e-6 0 1 -0.222469 -0.974599 0.02577477 -0.2224428 -0.9746049 0.02578037 0.2225354 0.9749246 0 -0.2225412 0.9749233 0 0.2214136 0.9700123 0.100261 0.6235011 0.7818225 0 0.6203633 0.77788 0.10026 0.2213919 -0.9700171 0.1002632 0.222521 -0.9749279 0 0.6203551 -0.777886 0.1002655 0.217918 -0.9547641 0.2023301 -0.6105818 -0.765671 0.2023311 -0.2179155 -0.9547647 0.2023298 0.2224453 0.9746044 0.02578061 -0.222442 0.974605 0.02578115 0.6105992 0.7656584 0.2023261 0.8823403 0.4248995 0.2023264 -0.9006766 -0.4337247 0.02577972 -0.623287 -0.7815684 0.02577579 -0.6232987 -0.781559 0.02577418 0.9006668 0.4337448 0.02578228 0.9006738 0.4337306 0.02577996 0.6235013 -0.7818224 -1.98005e-7 0.9009735 -0.4338741 0 6.51841e-7 0 1 0.9793188 4.05398e-6 0.2023234 0.9949612 -7.07055e-6 0.1002615 0.6232869 -0.7815684 0.02577561 -1 3.26932e-6 0 0.217918 0.9547641 0.2023299 -0.9996675 5.38106e-6 0.02578729 1.30391e-6 0 1 -6.61097e-7 0 1 4.71244e-7 0 1 -5.35956e-7 0 1 0.2223043 -0.9740002 0.04364126 0.6234884 -0.7818326 0 0.6228869 -0.7810938 0.04364103 0.9999396 -6.10107e-6 0.01099562 0.9009133 0.4338599 0.01099449 0.9009178 0.4338504 0.01099324 0.9009768 -0.4338674 0 3.58696e-6 0 1 -0.2225043 0.9748697 0.01099359 -0.6234484 0.7817873 0.01099306 -0.6234458 0.7817893 0.0109933 -0.6210741 -0.7788259 0.08773374 -0.9001145 -0.4334621 0.04364073 -0.6229066 -0.781078 0.0436415 0.6228983 0.7810847 0.04364001 0.8974895 0.432222 0.08773154 0.9001107 0.43347 0.0436424 0.996144 7.80263e-6 0.08773452 0.9001135 -0.4334643 0.04363965 0.9990473 -2.83426e-6 0.04363989 1 7.80386e-6 0 0.6234846 0.7818357 0 0.9009645 0.433893 0 2.69052e-6 0 1 -0.6234652 -0.7817739 0.01099109 -0.2225338 -0.974863 0.01099109 -0.2225032 -0.97487 0.01099354 -1 -6.38328e-6 0 -0.9001057 0.4334806 0.043639 -0.9009677 0.4338862 0 0.6234464 0.7817889 0.01099288 0.6234457 0.7817894 0.0109933 -0.9009225 -0.4338407 0.01099282 -0.9999396 -2.50458e-6 0.01099646 -0.9009029 -0.4338815 0.01099628 0.621087 0.7788156 0.08773487 0.2223299 0.9739944 0.04364007 0.2216594 0.9711691 0.08773702 -8.10179e-6 0 1 0.2225314 -0.9748636 0.01099354 0.2225067 -0.9748692 0.01099097 -0.2225447 0.9749225 0 0.2225341 0.9749249 0 -0.6235081 0.7818169 0 -0.222324 0.9739958 0.04364013 -0.6229087 0.7810765 0.04363882 -0.2223091 -0.973999 0.04364126 0.2225244 -0.9749271 0 -0.2225136 -0.9749296 0 -0.2216579 -0.9711694 0.08773714 0.6210705 -0.7788283 0.08773732 0.2225012 0.9748705 0.01099359 -0.2225019 0.9748703 0.01099354 -0.6210878 0.7788147 0.08773589 -0.8975024 0.4321945 0.08773601 0.9009239 -0.4338381 0.01099306 0.6234549 -0.781782 0.01099443 0.9009023 -0.4338827 0.01099592 -0.9999396 -4.66325e-6 0.01099562 -0.9009144 0.4338575 0.01099449 -0.6234948 -0.7818276 0 -0.900969 -0.4338836 0 0.8974824 -0.4322355 0.08773797 -0.9961439 1.3837e-6 0.08773398 -0.9990474 3.01345e-6 0.04364049 -0.2216575 0.9711694 0.08773726 0.6234651 -0.7817739 0.01098859 -0.6234595 -0.7817785 0.01099216 -0.9009158 0.4338547 0.01099348 0.9999396 -7.50398e-7 0.01099652 0.2225017 0.9748703 0.01099348 4.8622e-7 0 1 2.92059e-7 0 1 2.92057e-7 0 1 4.86217e-7 0 1 0.2225019 0.9748703 0.01099365 0.6234461 0.7817892 0.01099288 0.2225013 0.9748705 0.01099348 0.9009227 -0.4338405 0.01099294 0.9999396 7.11416e-7 0.01099634 0.9999396 -7.83036e-6 0.01099556 0.2223298 0.9739944 0.04364007 -0.2216586 0.9711693 0.08773738 0.22166 0.9711689 0.08773714 0.9009652 0.4338915 0 0.9990473 -1.94524e-6 0.04363971 1 5.98426e-6 0 -0.9009181 0.4338499 0.01099306 -0.6234478 0.7817878 0.0109927 -0.9009138 0.4338589 0.01099431 -0.900924 -0.4338377 0.01099312 -0.6234587 -0.7817792 0.01099181 -0.6234645 -0.7817744 0.01099115 -0.8975017 0.4321959 0.08773547 -0.9990474 2.16086e-6 0.04364025 -0.996144 2.11399e-6 0.0877335 0.2223043 -0.9740002 0.0436412 -0.221659 -0.9711692 0.0877372 -0.2223101 -0.9739989 0.04364126 -0.9009692 -0.4338833 0 -0.9001146 -0.4334619 0.04364061 0.2225074 -0.974869 0.01099103 0.6234547 -0.7817823 0.01099443 0.6234641 -0.7817748 0.01098865 -0.2223246 0.9739956 0.04364013 -0.6210873 0.7788153 0.08773565 0.6228871 -0.7810937 0.04364091 0.897482 -0.4322361 0.08773785 0.6210691 -0.7788296 0.0877375 -0.6234945 -0.7818278 0 -0.9999396 -5.90677e-6 0.0109955 -0.9999396 -5.84726e-7 0.01099634 0.9009034 -0.4338804 0.01099604 0.222534 0.974925 0 0.6228982 0.7810848 0.04363995 0.6234852 0.7818353 0 -0.9001059 0.4334801 0.04363894 -0.2224997 0.9748708 0.01099348 -0.2225035 0.9748699 0.01099365 -0.6210736 -0.7788264 0.0877335 -0.6229071 -0.7810776 0.0436415 -0.222514 -0.9749296 0 0.2225241 -0.9749273 0 -0.9009678 0.4338859 0 -0.6229084 0.7810767 0.04363888 -0.6235094 0.781816 0 -0.222546 0.9749222 0 -0.2225025 -0.9748702 0.01099354 0.222531 -0.9748637 0.01099342 0.8974891 0.4322227 0.08773165 0.996144 7.59122e-6 0.08773428 0.6210856 0.7788168 0.08773493 -0.9009028 -0.4338818 0.01099556 0.9009174 0.4338514 0.0109933 0.6234446 0.7817902 0.01099342 -1 -4.9918e-6 0 -0.2225317 -0.9748635 0.01099097 2.69044e-6 0 1 0.9001103 0.4334709 0.04364216 0.9001137 -0.4334639 0.04363948 -0.6234452 0.7817898 0.01099342 0.2223047 -0.974 0.04364126 0.6234887 -0.7818324 0 0.622887 -0.7810937 0.04364103 0.9999396 -6.73255e-6 0.01099544 0.900913 0.4338605 0.01099431 0.9009174 0.4338516 0.01099318 0.9009767 -0.4338676 0 -3.58696e-6 0 1 -0.2225039 0.9748699 0.01099359 -0.6234472 0.7817882 0.01099288 -0.6234443 0.7817905 0.0109933 -0.6210741 -0.7788259 0.08773338 -0.9001147 -0.4334617 0.04364055 -0.6229071 -0.7810776 0.04364168 0.6228982 0.7810847 0.04364013 0.8974875 0.4322263 0.08773142 0.9001106 0.4334702 0.0436424 0.9961439 6.63992e-6 0.08773422 0.9001142 -0.433463 0.04363954 0.9990473 -1.51528e-6 0.04363971 1 5.7118e-6 0 0.6234845 0.7818358 0 0.900965 0.4338921 0 -5.38088e-6 0 1 -8.96953e-7 0 1 -0.6234629 -0.7817757 0.01099091 -0.2225342 -0.9748629 0.01099073 -0.2225002 -0.9748706 0.01099348 -1 -5.69241e-6 0 -0.9001061 0.43348 0.043639 -0.900968 0.4338859 0 0.6234458 0.7817893 0.01099294 0.6234449 0.7817901 0.01099306 -0.9009233 -0.4338392 0.01099264 -0.9999396 -7.99125e-7 0.0109961 -0.9009023 -0.433883 0.01099562 0.6210864 0.778816 0.08773499 0.2223304 0.9739943 0.04364025 0.2216609 0.9711687 0.08773726 3.58773e-6 0 1 0.2225335 -0.9748631 0.01099067 0.2225019 -0.9748703 0.01099348 -0.2225455 0.9749224 0 0.2225348 0.9749248 0 -0.6235089 0.7818163 0 -0.2223255 0.9739954 0.0436412 -0.6229078 0.7810772 0.04363995 -0.2223095 -0.973999 0.04364138 0.2225248 -0.9749271 0 -0.2225131 -0.9749297 0 -0.2216602 -0.9711689 0.08773708 0.6210699 -0.7788289 0.08773761 0.2225022 0.9748703 0.01099354 -0.2225006 0.9748706 0.01099354 -0.6210883 0.7788147 0.08773267 -0.897501 0.4321973 0.08773541 0.9009235 -0.4338387 0.01099252 0.6234574 -0.7817801 0.01099151 0.9009017 -0.4338837 0.01099592 -0.9999396 -5.86791e-6 0.01099526 -0.9009138 0.4338589 0.01099419 -0.6234947 -0.7818276 0 -0.9009695 -0.4338827 0 0.8974797 -0.432241 0.08773797 -0.996144 3.34395e-6 0.0877335 -0.9990474 1.61697e-6 0.04364025 -0.2216659 0.9711678 0.08773446 0.6234636 -0.7817752 0.01099079 -0.6234588 -0.7817791 0.01099151 -0.9009167 0.4338527 0.01099312 0.9999396 0 0.01099628 -1.79378e-6 0 1 0.2225027 0.9748701 0.01099348 3.587e-6 0 1 8.76168e-7 0 1 -2.10507e-6 0 1 0.9009764 -0.4338682 0 0.6234882 -0.7818328 0 0.9009137 0.4338591 0.01099437 1.53026e-6 0 1 0.6203375 -0.7779004 0.1002626 0.2225179 -0.9749287 0 0.6234868 -0.7818339 -1.34116e-7 0.9996675 -8.88051e-6 0.02578556 0.9006676 0.4337432 0.0257824 0.9006735 0.433731 0.0257802 -1.47267e-6 0 1 0.8964318 -0.4316924 0.1002593 6.51843e-7 0 1 -0.2224398 0.9746056 0.02578109 -0.6232767 0.7815764 0.0257793 -0.6232764 0.7815766 0.02578085 -0.6105856 -0.7656701 0.2023227 -0.8964318 -0.4316924 0.1002597 -0.6203554 -0.7778856 0.1002656 0.6203459 0.7778939 0.1002599 0.882331 0.4249222 0.2023196 0.8964283 0.4316979 0.1002673 0.979319 1.55167e-5 0.2023223 0.9949613 -2.75479e-6 0.1002596 0.9009755 -0.4338703 0 1 2.10171e-6 0 0.9009671 0.4338877 1.97363e-7 3.25948e-6 0 1 -1.95598e-6 0 1 -0.6232991 -0.7815588 0.02577412 -0.2224662 -0.9745997 0.02577477 -0.222445 -0.9746044 0.02578037 -1 3.60019e-6 0 -0.8964287 0.4316991 0.1002587 -0.900964 0.4338939 1.97361e-7 0.6232761 0.7815768 0.02577942 0.6232766 0.7815764 0.02578097 -0.9006764 -0.433725 0.02577966 -0.9996675 4.75604e-6 0.02578723 -0.9006565 -0.4337661 0.02578538 0.6106015 0.7656569 0.2023249 0.2214143 0.9700123 0.1002592 0.2179158 0.9547646 0.2023298 -2.94458e-6 0 1 -1.30395e-6 0 1 0.2224694 -0.9745989 0.02577477 0.2224422 -0.974605 0.02578032 -0.2225354 0.9749246 0 0.2225413 0.9749233 0 -0.6235014 0.7818223 0 -0.2214136 0.9700123 0.100261 -0.6203635 0.7778799 0.1002601 -0.2213919 -0.970017 0.1002634 0.221397 -0.9700159 0.1002622 -0.2225211 -0.974928 0 -0.2179172 -0.9547643 0.2023297 0.6105819 -0.7656709 0.2023311 0.2224425 0.974605 0.02578115 -0.2224453 0.9746044 0.02578067 -0.6105983 0.7656593 0.2023258 -0.88234 0.4249003 0.2023263 0.6234891 0.7818322 0 0.9006766 -0.4337248 0.02577972 0.6232872 -0.7815683 0.02577584 0.9006574 -0.4337642 0.02578574 -0.9996675 -8.57997e-6 0.02578556 -0.9006668 0.433745 0.02578228 -0.6235011 -0.7818225 -1.98005e-7 -0.9009732 -0.4338749 0 0.882323 -0.4249331 0.2023314 -0.9793188 4.55482e-6 0.2023234 -0.9949612 -7.27511e-6 0.1002615 -0.2179172 0.9547643 0.2023296 0.6232989 -0.781559 0.02577418 -0.6232873 -0.7815681 0.02577567 -0.9006735 0.433731 0.02577996 0.9996675 4.48258e-6 0.02578729 -1.30391e-6 0 1 0.2224408 0.9746053 0.02578061 5.87642e-7 0 1 -2.94527e-7 0 1 0 0 1 -5.26298e-7 0 1 -0.6234872 -0.7818336 0 -0.2223047 -0.974 0.04364138 -0.6228872 -0.7810936 0.04364109 -0.9009144 0.4338575 0.01099437 -0.9999396 -5.98449e-6 0.01099556 -0.9009168 0.4338528 0.01099318 -1.79378e-6 0 1 -0.900977 -0.4338668 0 0.6234498 0.7817862 0.01099282 0.2225039 0.9748699 0.01099354 0.6234443 0.7817904 0.01099336 0.6210735 -0.7788264 0.0877332 0.9001146 -0.433462 0.04364055 0.8974965 -0.4322077 0.08772993 -0.8974875 0.4322264 0.08773148 -0.6228976 0.7810852 0.04364114 -0.9001108 0.4334698 0.04364246 -0.996144 7.88911e-6 0.08773446 -0.9001142 -0.4334627 0.04363954 -0.8974803 -0.4322398 0.08773821 -1 7.57032e-6 0 -0.9990473 -2.984e-6 0.04363977 -0.6234848 0.7818356 0 -0.9009655 0.4338908 0 7.1745e-6 0 1 0.2225336 -0.9748631 0.01099073 0.6234641 -0.7817748 0.01099091 0.2225018 -0.9748703 0.01099348 0.9001058 0.4334804 0.04363894 1 -5.71187e-6 0 0.9009681 0.4338854 0 -0.6234488 0.781787 0.01099294 -0.6234432 0.7817914 0.01099312 0.9009234 -0.4338389 0.01099258 0.9999396 -4.19053e-6 0.01099598 0.9999396 -2.88538e-6 0.0109952 -0.2216635 0.9711685 0.08773446 -0.6210855 0.778817 0.08773213 -4.48426e-6 0 1 5.38154e-6 0 1 -7.17547e-6 0 1 -0.2225335 -0.9748631 0.01099067 -0.222502 -0.9748703 0.01099348 -0.2223318 0.9739939 0.04364144 0.2225439 0.9749227 0 0.2223249 0.9739955 0.04364114 0.6235084 0.7818167 0 0.6229076 0.7810774 0.04363983 -0.2225247 -0.9749271 0 0.2223089 -0.9739992 0.04364144 0.2225131 -0.9749297 0 0.6229069 -0.7810778 0.04364168 0.2216581 -0.9711694 0.08773672 -0.6210698 -0.778829 0.0877375 -0.2216625 -0.9711683 0.08773708 0.2225013 0.9748705 0.01099359 -0.2225008 0.9748705 0.01099348 0.6210893 0.7788138 0.08773303 0.8975018 0.4321957 0.08773553 -0.9009234 -0.4338391 0.01099264 -0.6234593 -0.7817787 0.01099157 -0.6234631 -0.7817757 0.01099073 0.9009168 0.4338525 0.01099407 0.9009153 0.4338557 0.01099312 0.6234954 -0.781827 0 0.9009696 -0.4338822 0 1.7935e-6 0 1 0.996144 2.5464e-6 0.0877335 0.9990474 1.84635e-6 0.04364025 0.2216661 0.9711678 0.08773493 0.6234601 -0.781778 0.01099157 -0.9999396 -8.67343e-7 0.01099634 3.58755e-6 0 1 -2.02105e-7 0 1 -0.622886 -0.7810945 0.04364109 -0.900977 -0.4338672 0 0.9001155 -0.4334601 0.04364061 -0.8974875 0.4322264 0.08773154 -0.622897 0.7810857 0.04364114 -0.9001108 0.4334697 0.04364258 -0.996144 8.08129e-6 0.08773458 -0.9001139 -0.4334633 0.0436396 -0.8974801 -0.43224 0.08773833 -0.9990473 -2.93501e-6 0.04363983 -0.6234836 0.7818365 0 -0.9009646 0.4338926 0 7.17449e-6 0 1 0.9001055 0.433481 0.04363888 1 -9.39977e-6 0 0.9009691 0.4338834 0 0.897503 0.4321933 0.08773565 0.900969 -0.4338836 0 0.9961441 -1.92181e-7 0.0877335 0.9990474 4.67911e-6 0.04364025 -6.38788e-7 0 1 0.2223442 0.9741818 0.03915399 0.9002655 -0.4335761 0.03916293 1.84169e-7 0 1 -1.91632e-6 0 1 9.57962e-7 0 1 -2.54896e-7 0 1 -0.623489 0.7818321 0 -0.9002655 -0.4335761 0.03916293 -6.38804e-7 0 1 1.47443e-6 0 1 0.9009029 -0.4338815 0.01099628 8.10179e-6 0 1 -5.06368e-6 0 1 -0.2225017 0.9748703 0.01099348 -0.9009023 -0.4338827 0.01099592 -2.02594e-6 0 1 -0.2225013 0.9748705 0.01099348 -2.02593e-6 0 1 -0.9009029 -0.4338813 0.01099604 0.9009029 -0.4338815 0.01099556 -5.06354e-6 0 1 -1.47443e-6 0 1 -1.01295e-6 0 1 0.9009029 -0.4338817 0.01099562 -1.01291e-6 0 1 2.02544e-6 0 1 -0.2225027 0.9748701 0.01099354 -0.9009015 -0.4338845 0.01099592 6.06302e-7 0 1 2.10507e-6 0 1 1.47443e-6 0 1 2.14352e-6 0 1 1.47267e-6 0 1 7.36314e-7 0 1 0.9006571 -0.4337649 0.02578538 -2.20888e-6 0 1 2.94458e-6 0 1 -2.20843e-6 0 1 -0.2224414 0.9746052 0.02578067 -0.9006573 -0.4337643 0.02578574 7.36124e-7 0 1 -7.36335e-7 0 1 8.49157e-7 0 1 0 0 1 -1.47443e-6 0 1 -0.8974964 -0.432208 0.0877304 -2.69056e-6 0 1 8.10189e-6 0 1 0.2216598 -0.971169 0.0877369 -3.587e-6 0 1 2.92047e-7 0 1 0.2216604 -0.9711688 0.08773708 -0.897496 -0.432209 0.0877301 -3.58701e-6 0 1 8.10166e-6 0 1 1.79379e-6 0 1 -0.897496 -0.4322087 0.08773005 5.38112e-6 0 1 -3.58769e-6 0 1 0.2216625 -0.9711683 0.08773732 3.58699e-6 0 1 -8.08402e-7 0 1 -1.47443e-6 0 1 -1.60764e-6 0 1 1.3039e-6 0 1 -0.8823385 -0.4249092 0.2023144 2.94517e-6 0 1 -3.25958e-6 0 1 1.30396e-6 0 1 2.94457e-6 0 1 0.2179158 -0.9547646 0.2023299 -6.51841e-7 0 1 1.47267e-6 0 1 -7.43013e-7 0 1 5.35956e-7 0 1 -1.01295e-6 0 1 0.9009041 -0.4338792 0.01099562 -1.01291e-6 0 1 3.03815e-6 0 1 -0.2225041 0.9748699 0.01099359 -0.9009029 -0.4338815 0.01099598 1.16819e-6 0 1 0 0 1</float_array>
          <technique_common>
            <accessor source="#Engines_med-mesh-normals-array" count="851" stride="3">
              <param name="X" type="float"/>
              <param name="Y" type="float"/>
              <param name="Z" type="float"/>
            </accessor>
          </technique_common>
        </source>
        <source id="Engines_med-mesh-map-0">
          <float_array id="Engines_med-mesh-map-0-array" count="8184">0.954854 0.788999 0.9921415 0.7742937 0.9921415 0.788999 0.954854 0.6861283 0.9229611 0.6714208 0.954854 0.671422 0.4490357 0.9810311 0.4618137 0.9834386 0.4610732 0.986772 0.9083741 0.862505 0.9229611 0.8478242 0.9229611 0.8625312 0.4511654 0.9370497 0.440795 0.9447348 0.4490357 0.9343644 0.954854 0.8478203 0.9921415 0.8331149 0.9921415 0.8478203 0.9229611 0.7008334 0.954854 0.6861283 0.954854 0.7008344 0.9083741 0.6861252 0.9229611 0.6714127 0.9229611 0.6861198 0.4914434 0.9691793 0.497555 0.9576978 0.4945912 0.9706608 0.443851 0.9462164 0.4378324 0.9576978 0.440795 0.9447348 0.9229611 0.8184099 0.954854 0.8037034 0.954854 0.8184096 0.9229611 0.833117 0.9083741 0.8478004 0.9083741 0.8330959 0.9229611 0.7448744 0.9083741 0.7595737 0.9083741 0.7448692 0.954854 0.715546 0.9921415 0.7008408 0.9921415 0.7155461 0.9229611 0.7742909 0.954854 0.759585 0.954854 0.7742912 0.9229611 0.7301673 0.9083741 0.7448692 0.9083741 0.7301647 0.954854 0.8037043 0.9921415 0.788999 0.9921415 0.8037043 0.9921415 0.6861354 0.954854 0.67143 0.9921415 0.67143 0.9229611 0.8625288 0.954854 0.8772341 0.9229611 0.8772351 0.9229611 0.7742887 0.9083741 0.7595737 0.9229611 0.7595815 0.4618137 0.9834386 0.4743135 0.986772 0.4610732 0.986772 0.4927812 0.9577146 0.483321 0.9381452 0.4902766 0.9468633 0.483321 0.9772839 0.4620826 0.9332298 0.4902766 0.9685658 0.4451099 0.9468633 0.4620826 0.9821066 0.4426055 0.9577146 0.4941285 0.9576978 0.4945912 0.9447348 0.497555 0.9576978 0.4378324 0.9576978 0.443851 0.9691793 0.440795 0.9706608 0.440795 0.9706608 0.4511654 0.9783459 0.4490357 0.9810311 0.9229611 0.8037028 0.9083741 0.8183915 0.9083741 0.803687 0.484128 0.9783459 0.4945912 0.9706608 0.4862585 0.9810311 0.4927812 0.9577146 0.4620826 0.9332298 0.4732118 0.9332298 0.954854 0.7301775 0.9921415 0.7155461 0.9921415 0.7301775 0.9083741 0.7889825 0.9229611 0.8037028 0.9083741 0.803687 0.9229611 0.700827 0.9083741 0.6861252 0.9229611 0.6861198 0.9083741 0.7742781 0.9229611 0.7889956 0.9083741 0.7889825 0.9921415 0.8331149 0.954854 0.8184096 0.9921415 0.8184096 0.9083741 0.7155342 0.9229611 0.700827 0.9229611 0.7155341 0.473573 0.931957 0.4610732 0.9286237 0.4743135 0.9286237 0.4862585 0.9343644 0.473573 0.931957 0.4743135 0.9286237 0.9921415 0.7595883 0.954854 0.744883 0.9921415 0.744883 0.9921415 0.8772309 0.954854 0.8625256 0.9921415 0.8625256 0.483321 0.9772839 0.4451099 0.9468633 0.4520657 0.9381452 0.4945912 0.9447348 0.484128 0.9370497 0.4862585 0.9343644 0.9229611 0.7595847 0.954854 0.7448789 0.954854 0.759585 0.9921415 0.744883 0.954854 0.7301775 0.9921415 0.7301775 0.9083741 0.7301647 0.9229611 0.7155341 0.9229611 0.7301673 0.9229611 0.7155397 0.954854 0.7008344 0.954854 0.7155405 0.9083741 0.8772093 0.9229611 0.8625312 0.9229611 0.8772383 0.954854 0.7008408 0.9921415 0.6861354 0.9921415 0.7008408 0.9921415 0.8625256 0.954854 0.8478203 0.9921415 0.8478203 0.9229611 0.833117 0.9083741 0.8183915 0.9229611 0.8184099 0.954854 0.7742937 0.9921415 0.7595883 0.9921415 0.7742937 0.4618137 0.931957 0.4490357 0.9343644 0.4610732 0.9286237 0.473573 0.9834386 0.4862585 0.9810311 0.4743135 0.986772 0.9921415 0.8184096 0.954854 0.8037043 0.9921415 0.8037043 0.4620826 0.9821066 0.4451099 0.9685658 0.4426055 0.9577146 0.954854 0.862528 0.9229611 0.8478226 0.954854 0.8478217 0.9229611 0.7889973 0.954854 0.7742912 0.954854 0.7889972 0.9229611 0.8184099 0.954854 0.8331157 0.9229611 0.8331163 0.9229611 0.7301722 0.954854 0.7448789 0.9229611 0.7448783 0.9229611 0.8331163 0.954854 0.8478217 0.9229611 0.8478226 0.954854 0.7301726 0.9229611 0.7155397 0.954854 0.7155405 0.9229611 0.7889973 0.954854 0.8037034 0.9229611 0.8037037 0.4520657 0.9772839 0.4426055 0.9577146 0.4451099 0.9468633 0.9223099 0.8478189 0.9082802 0.8331251 0.9082802 0.8478323 0.954854 0.788999 0.9921415 0.7742937 0.9921415 0.788999 0.4490357 0.9810311 0.4618137 0.9834386 0.4610732 0.986772 0.9082802 0.8478323 0.9223099 0.8625234 0.9223099 0.8478189 0.4511654 0.9370497 0.440795 0.9447348 0.4490357 0.9343644 0.954854 0.8478203 0.9921415 0.8331149 0.9921415 0.8478203 0.954854 0.8037114 0.9223099 0.7889973 0.954854 0.7890052 0.954854 0.6861363 0.9223099 0.7008334 0.9223099 0.6861271 0.954854 0.8772421 0.9223099 0.8625288 0.954854 0.862536 0.9223099 0.8772278 0.9082802 0.8625393 0.9082802 0.8772464 0.9082802 0.6861279 0.9223099 0.7008482 0.9223099 0.6861436 0.4914434 0.9691793 0.497555 0.9576978 0.4945912 0.9706608 0.443851 0.9462164 0.4378324 0.9576978 0.440795 0.9447348 0.954854 0.715546 0.9921415 0.7008408 0.9921415 0.7155461 0.9082802 0.7595896 0.9223099 0.7742965 0.9223099 0.7595922 0.954854 0.8037043 0.9921415 0.788999 0.9921415 0.8037043 0.9921415 0.6861354 0.954854 0.67143 0.9921415 0.67143 0.9223099 0.7155397 0.954854 0.7008424 0.954854 0.7155485 0.4618137 0.9834386 0.4743135 0.986772 0.4610732 0.986772 0.4941285 0.9576978 0.4945912 0.9447348 0.497555 0.9576978 0.4378324 0.9576978 0.443851 0.9691793 0.440795 0.9706608 0.440795 0.9706608 0.4511654 0.9783459 0.4490357 0.9810311 0.484128 0.9783459 0.4945912 0.9706608 0.4862585 0.9810311 0.9223099 0.6714208 0.954854 0.6861363 0.9223099 0.6861271 0.954854 0.7301775 0.9921415 0.7155461 0.9921415 0.7301775 0.9082802 0.7155422 0.9223099 0.7301831 0.9223099 0.7155527 0.9082802 0.7301754 0.9223099 0.7448877 0.9223099 0.7301831 0.9082802 0.7448825 0.9223099 0.7595922 0.9223099 0.7448877 0.9223099 0.8331144 0.9082802 0.818418 0.9082802 0.8331251 0.9223099 0.8184099 0.9082802 0.8037109 0.9082802 0.818418 0.9223099 0.8184099 0.954854 0.8037114 0.954854 0.8184176 0.954854 0.8478297 0.9223099 0.8331163 0.954854 0.8331237 0.954854 0.8331149 0.9921415 0.8184096 0.9921415 0.8331149 0.9223099 0.7595847 0.954854 0.7448869 0.954854 0.759593 0.9082802 0.7008351 0.9223099 0.7155527 0.9223099 0.7008482 0.4743135 0.9286237 0.4618137 0.931957 0.4610732 0.9286237 0.4862585 0.9343644 0.473573 0.931957 0.4743135 0.9286237 0.9921415 0.7595883 0.954854 0.744883 0.9921415 0.744883 0.9921415 0.8772309 0.954854 0.8625256 0.9921415 0.8625256 0.9082802 0.7890037 0.9223099 0.8037055 0.9223099 0.789001 0.4945912 0.9447348 0.484128 0.9370497 0.4862585 0.9343644 0.9223099 0.8478226 0.954854 0.862536 0.9223099 0.8625288 0.954854 0.7742992 0.9223099 0.7889973 0.9223099 0.7742909 0.9223099 0.7301722 0.954854 0.7448869 0.9223099 0.7448783 0.954854 0.744883 0.9921415 0.7301775 0.9921415 0.744883 0.9223099 0.789001 0.9082802 0.7742968 0.9082802 0.7890037 0.954854 0.8184176 0.9223099 0.8331163 0.9223099 0.8184099 0.9223099 0.7742909 0.954854 0.759593 0.954854 0.7742992 0.954854 0.7008408 0.9921415 0.6861354 0.9921415 0.7008408 0.9921415 0.8625256 0.954854 0.8478203 0.9921415 0.8478203 0.9082802 0.6714208 0.9223099 0.6861436 0.9223099 0.6714393 0.9223099 0.7155397 0.954854 0.7301806 0.9223099 0.7301722 0.954854 0.7742937 0.9921415 0.7595883 0.9921415 0.7742937 0.4618137 0.931957 0.4490357 0.9343644 0.4610732 0.9286237 0.473573 0.9834386 0.4862585 0.9810311 0.4743135 0.986772 0.9921415 0.8184096 0.954854 0.8037043 0.9921415 0.8037043 0.4620826 0.9821066 0.4451099 0.9468633 0.4520657 0.9381452 0.4620826 0.9332298 0.4620826 0.9821066 0.4520657 0.9381452 0.4732118 0.9821066 0.4732118 0.9332298 0.483321 0.9772839 0.483321 0.9772839 0.483321 0.9381452 0.4902766 0.9685658 0.4927812 0.9577146 0.483321 0.9381452 0.4902766 0.9468633 0.4927812 0.9577146 0.483321 0.9381452 0.4902766 0.9468633 0.483321 0.9772839 0.483321 0.9381452 0.4902766 0.9685658 0.4732118 0.9821066 0.4732118 0.9332298 0.483321 0.9772839 0.4620826 0.9332298 0.4620826 0.9821066 0.4520657 0.9381452 0.4620826 0.9821066 0.4451099 0.9468633 0.4520657 0.9381452 0.9921415 0.8184096 0.954854 0.8037043 0.9921415 0.8037043 0.473573 0.9834386 0.4862585 0.9810311 0.4743135 0.986772 0.4618137 0.931957 0.4490357 0.9343644 0.4610732 0.9286237 0.954854 0.7742937 0.9921415 0.7595883 0.9921415 0.7742937 0.9223099 0.7155397 0.954854 0.7301806 0.9223099 0.7301722 0.9082802 0.6714208 0.9223099 0.6861436 0.9223099 0.6714393 0.9921415 0.8625256 0.954854 0.8478203 0.9921415 0.8478203 0.954854 0.7008408 0.9921415 0.6861354 0.9921415 0.7008408 0.9223099 0.7742909 0.954854 0.759593 0.954854 0.7742992 0.954854 0.8184176 0.9223099 0.8331163 0.9223099 0.8184099 0.9223099 0.789001 0.9082802 0.7742968 0.9082802 0.7890037 0.954854 0.744883 0.9921415 0.7301775 0.9921415 0.744883 0.9223099 0.7301722 0.954854 0.7448869 0.9223099 0.7448783 0.954854 0.7742992 0.9223099 0.7889973 0.9223099 0.7742909 0.9223099 0.8478226 0.954854 0.862536 0.9223099 0.8625288 0.4945912 0.9447348 0.484128 0.9370497 0.4862585 0.9343644 0.9082802 0.7890037 0.9223099 0.8037055 0.9223099 0.789001 0.9921415 0.8772309 0.954854 0.8625256 0.9921415 0.8625256 0.9921415 0.7595883 0.954854 0.744883 0.9921415 0.744883 0.4862585 0.9343644 0.473573 0.931957 0.4743135 0.9286237 0.473573 0.931957 0.4610732 0.9286237 0.4743135 0.9286237 0.9082802 0.7008351 0.9223099 0.7155527 0.9223099 0.7008482 0.9223099 0.7595847 0.954854 0.7448869 0.954854 0.759593 0.954854 0.8331149 0.9921415 0.8184096 0.9921415 0.8331149 0.954854 0.8478297 0.9223099 0.8331163 0.954854 0.8331237 0.9223099 0.8184099 0.954854 0.8037114 0.954854 0.8184176 0.9223099 0.8184099 0.9082802 0.8037109 0.9082802 0.818418 0.9223099 0.8331144 0.9082802 0.818418 0.9082802 0.8331251 0.9082802 0.7448825 0.9223099 0.7595922 0.9223099 0.7448877 0.9082802 0.7301754 0.9223099 0.7448877 0.9223099 0.7301831 0.9082802 0.7155422 0.9223099 0.7301831 0.9223099 0.7155527 0.954854 0.7301775 0.9921415 0.7155461 0.9921415 0.7301775 0.9223099 0.6714208 0.954854 0.6861363 0.9223099 0.6861271 0.484128 0.9783459 0.4945912 0.9706608 0.4862585 0.9810311 0.440795 0.9706608 0.4511654 0.9783459 0.4490357 0.9810311 0.4378324 0.9576978 0.443851 0.9691793 0.440795 0.9706608 0.4941285 0.9576978 0.4945912 0.9447348 0.497555 0.9576978 0.4610732 0.986772 0.473573 0.9834386 0.4743135 0.986772 0.9223099 0.7155397 0.954854 0.7008424 0.954854 0.7155485 0.9921415 0.6861354 0.954854 0.67143 0.9921415 0.67143 0.954854 0.8037043 0.9921415 0.788999 0.9921415 0.8037043 0.9082802 0.7595896 0.9223099 0.7742965 0.9223099 0.7595922 0.954854 0.715546 0.9921415 0.7008408 0.9921415 0.7155461 0.443851 0.9462164 0.4378324 0.9576978 0.440795 0.9447348 0.4914434 0.9691793 0.497555 0.9576978 0.4945912 0.9706608 0.9082802 0.6861279 0.9223099 0.7008482 0.9223099 0.6861436 0.9223099 0.8772278 0.9082802 0.8625393 0.9082802 0.8772464 0.954854 0.8772421 0.9223099 0.8625288 0.954854 0.862536 0.954854 0.6861363 0.9223099 0.7008334 0.9223099 0.6861271 0.954854 0.8037114 0.9223099 0.7889973 0.954854 0.7890052 0.954854 0.8478203 0.9921415 0.8331149 0.9921415 0.8478203 0.4520657 0.9772839 0.4426055 0.9577146 0.4451099 0.9468633 0.9223099 0.8478189 0.9082802 0.8331251 0.9082802 0.8478323 0.954854 0.788999 0.9921415 0.7742937 0.9921415 0.788999 0.4490357 0.9810311 0.4618137 0.9834386 0.4610732 0.986772 0.9082802 0.8478323 0.9223099 0.8625234 0.9223099 0.8478189 0.4511654 0.9370497 0.440795 0.9447348 0.4490357 0.9343644 0.954854 0.8478203 0.9921415 0.8331149 0.9921415 0.8478203 0.954854 0.8037114 0.9223099 0.7889973 0.954854 0.7890052 0.954854 0.6861363 0.9223099 0.7008334 0.9223099 0.6861271 0.954854 0.8772421 0.9223099 0.8625288 0.954854 0.862536 0.9223099 0.8772278 0.9082802 0.8625393 0.9082802 0.8772464 0.9082802 0.6861279 0.9223099 0.7008482 0.9223099 0.6861436 0.4914434 0.9691793 0.497555 0.9576978 0.4945912 0.9706608 0.443851 0.9462164 0.4378324 0.9576978 0.440795 0.9447348 0.954854 0.715546 0.9921415 0.7008408 0.9921415 0.7155461 0.9082802 0.7595896 0.9223099 0.7742965 0.9223099 0.7595922 0.954854 0.8037043 0.9921415 0.788999 0.9921415 0.8037043 0.9921415 0.6861354 0.954854 0.67143 0.9921415 0.67143 0.9223099 0.7155397 0.954854 0.7008424 0.954854 0.7155485 0.4610732 0.986772 0.473573 0.9834386 0.4743135 0.986772 0.4941285 0.9576978 0.4945912 0.9447348 0.497555 0.9576978 0.4378324 0.9576978 0.443851 0.9691793 0.440795 0.9706608 0.440795 0.9706608 0.4511654 0.9783459 0.4490357 0.9810311 0.484128 0.9783459 0.4945912 0.9706608 0.4862585 0.9810311 0.9223099 0.6714208 0.954854 0.6861363 0.9223099 0.6861271 0.954854 0.7301775 0.9921415 0.7155461 0.9921415 0.7301775 0.9082802 0.7155422 0.9223099 0.7301831 0.9223099 0.7155527 0.9082802 0.7301754 0.9223099 0.7448877 0.9223099 0.7301831 0.9082802 0.7448825 0.9223099 0.7595922 0.9223099 0.7448877 0.9223099 0.8331144 0.9082802 0.818418 0.9082802 0.8331251 0.9223099 0.8184099 0.9082802 0.8037109 0.9082802 0.818418 0.9223099 0.8184099 0.954854 0.8037114 0.954854 0.8184176 0.954854 0.8478297 0.9223099 0.8331163 0.954854 0.8331237 0.954854 0.8331149 0.9921415 0.8184096 0.9921415 0.8331149 0.9223099 0.7595847 0.954854 0.7448869 0.954854 0.759593 0.9082802 0.7008351 0.9223099 0.7155527 0.9223099 0.7008482 0.473573 0.931957 0.4610732 0.9286237 0.4743135 0.9286237 0.4862585 0.9343644 0.473573 0.931957 0.4743135 0.9286237 0.9921415 0.7595883 0.954854 0.744883 0.9921415 0.744883 0.9921415 0.8772309 0.954854 0.8625256 0.9921415 0.8625256 0.9082802 0.7890037 0.9223099 0.8037055 0.9223099 0.789001 0.4945912 0.9447348 0.484128 0.9370497 0.4862585 0.9343644 0.9223099 0.8478226 0.954854 0.862536 0.9223099 0.8625288 0.954854 0.7742992 0.9223099 0.7889973 0.9223099 0.7742909 0.954854 0.7301806 0.9223099 0.7448783 0.9223099 0.7301722 0.9921415 0.744883 0.954854 0.7301775 0.9921415 0.7301775 0.9223099 0.789001 0.9082802 0.7742968 0.9082802 0.7890037 0.954854 0.8184176 0.9223099 0.8331163 0.9223099 0.8184099 0.9223099 0.7742909 0.954854 0.759593 0.954854 0.7742992 0.954854 0.7008408 0.9921415 0.6861354 0.9921415 0.7008408 0.9921415 0.8625256 0.954854 0.8478203 0.9921415 0.8478203 0.9082802 0.6714208 0.9223099 0.6861436 0.9223099 0.6714393 0.954854 0.7155485 0.9223099 0.7301722 0.9223099 0.7155397 0.954854 0.7742937 0.9921415 0.7595883 0.9921415 0.7742937 0.4618137 0.931957 0.4490357 0.9343644 0.4610732 0.9286237 0.473573 0.9834386 0.4862585 0.9810311 0.4743135 0.986772 0.9921415 0.8184096 0.954854 0.8037043 0.9921415 0.8037043 0.4511654 0.9370497 0.440795 0.9447348 0.4490357 0.9343644 0.4620826 0.9821066 0.4451099 0.9468633 0.4520657 0.9381452 0.4620826 0.9332298 0.4620826 0.9821066 0.4520657 0.9381452 0.4732118 0.9821066 0.4732118 0.9332298 0.483321 0.9772839 0.483321 0.9772839 0.483321 0.9381452 0.4902766 0.9685658 0.4927812 0.9577146 0.483321 0.9381452 0.4902766 0.9468633 0.9082802 0.8478323 0.9223099 0.8625234 0.9223099 0.8478189 0.4490357 0.9810311 0.4618137 0.9834386 0.4610732 0.986772 0.954854 0.788999 0.9921415 0.7742937 0.9921415 0.788999 0.9223099 0.8478189 0.9082802 0.8331251 0.9082802 0.8478323 0.4520657 0.9772839 0.4426055 0.9577146 0.4451099 0.9468633 0.4520657 0.9772839 0.4426055 0.9577146 0.4451099 0.9468633 0.9082802 0.8478323 0.9223099 0.8331144 0.9082802 0.8331251 0.954854 0.788999 0.9921415 0.7742937 0.9921415 0.788999 0.4490357 0.9810311 0.4618137 0.9834386 0.4610732 0.986772 0.9223099 0.8478189 0.9082802 0.8625393 0.9223099 0.8625234 0.4511654 0.9370497 0.440795 0.9447348 0.4490357 0.9343644 0.954854 0.8478203 0.9921415 0.8331149 0.9921415 0.8478203 0.954854 0.8037114 0.9223099 0.7889973 0.954854 0.7890052 0.954854 0.6861363 0.9223099 0.7008334 0.9223099 0.6861271 0.954854 0.8772421 0.9223099 0.8625288 0.954854 0.862536 0.9082802 0.8772464 0.9223099 0.8625234 0.9082802 0.8625393 0.9223099 0.6861436 0.9082802 0.7008351 0.9223099 0.7008482 0.4914434 0.9691793 0.497555 0.9576978 0.4945912 0.9706608 0.443851 0.9462164 0.4378324 0.9576978 0.440795 0.9447348 0.954854 0.715546 0.9921415 0.7008408 0.9921415 0.7155461 0.9082802 0.7595896 0.9223099 0.7742965 0.9223099 0.7595922 0.954854 0.8037043 0.9921415 0.788999 0.9921415 0.8037043 0.9921415 0.6861354 0.954854 0.67143 0.9921415 0.67143 0.9223099 0.7155397 0.954854 0.7008424 0.954854 0.7155485 0.4618137 0.9834386 0.4743135 0.986772 0.4610732 0.986772 0.4941285 0.9576978 0.4945912 0.9447348 0.497555 0.9576978 0.4378324 0.9576978 0.443851 0.9691793 0.440795 0.9706608 0.440795 0.9706608 0.4511654 0.9783459 0.4490357 0.9810311 0.484128 0.9783459 0.4945912 0.9706608 0.4862585 0.9810311 0.9223099 0.6714208 0.954854 0.6861363 0.9223099 0.6861271 0.954854 0.7301775 0.9921415 0.7155461 0.9921415 0.7301775 0.9082802 0.7155422 0.9223099 0.7301831 0.9223099 0.7155527 0.9082802 0.7301754 0.9223099 0.7448877 0.9223099 0.7301831 0.9082802 0.7448825 0.9223099 0.7595922 0.9223099 0.7448877 0.9223099 0.8331144 0.9082802 0.818418 0.9082802 0.8331251 0.9223099 0.8184099 0.9082802 0.8037109 0.9082802 0.818418 0.9223099 0.8184099 0.954854 0.8037114 0.954854 0.8184176 0.954854 0.8478297 0.9223099 0.8331163 0.954854 0.8331237 0.954854 0.8331149 0.9921415 0.8184096 0.9921415 0.8331149 0.9223099 0.7595847 0.954854 0.7448869 0.954854 0.759593 0.9082802 0.7008351 0.9223099 0.7155527 0.9223099 0.7008482 0.4743135 0.9286237 0.4618137 0.931957 0.4610732 0.9286237 0.4862585 0.9343644 0.473573 0.931957 0.4743135 0.9286237 0.9921415 0.7595883 0.954854 0.744883 0.9921415 0.744883 0.9921415 0.8772309 0.954854 0.8625256 0.9921415 0.8625256 0.9082802 0.7890037 0.9223099 0.8037055 0.9223099 0.789001 0.4945912 0.9447348 0.484128 0.9370497 0.4862585 0.9343644 0.9223099 0.8478226 0.954854 0.862536 0.9223099 0.8625288 0.954854 0.7742992 0.9223099 0.7889973 0.9223099 0.7742909 0.9223099 0.7301722 0.954854 0.7448869 0.9223099 0.7448783 0.9921415 0.744883 0.954854 0.7301775 0.9921415 0.7301775 0.9223099 0.789001 0.9082802 0.7742968 0.9082802 0.7890037 0.954854 0.8184176 0.9223099 0.8331163 0.9223099 0.8184099 0.9223099 0.7742909 0.954854 0.759593 0.954854 0.7742992 0.954854 0.7008408 0.9921415 0.6861354 0.9921415 0.7008408 0.9921415 0.8625256 0.954854 0.8478203 0.9921415 0.8478203 0.9223099 0.6714393 0.9082802 0.6861279 0.9223099 0.6861436 0.9223099 0.7155397 0.954854 0.7301806 0.9223099 0.7301722 0.954854 0.7742937 0.9921415 0.7595883 0.9921415 0.7742937 0.4618137 0.931957 0.4490357 0.9343644 0.4610732 0.9286237 0.473573 0.9834386 0.4862585 0.9810311 0.4743135 0.986772 0.9921415 0.8184096 0.954854 0.8037043 0.9921415 0.8037043 0.4620826 0.9821066 0.4451099 0.9468633 0.4520657 0.9381452 0.4620826 0.9332298 0.4620826 0.9821066 0.4520657 0.9381452 0.4732118 0.9821066 0.4732118 0.9332298 0.483321 0.9772839 0.483321 0.9772839 0.483321 0.9381452 0.4902766 0.9685658 0.4927812 0.9577146 0.483321 0.9381452 0.4902766 0.9468633 0.4426055 0.9577146 0.4520657 0.9772839 0.4451099 0.9468633 0.9082802 0.8331251 0.9223099 0.8478189 0.9082802 0.8478323 0.9921415 0.7742937 0.954854 0.788999 0.9921415 0.788999 0.4490357 0.9810311 0.4618137 0.9834386 0.4511654 0.9783459 0.9223099 0.8625234 0.9082802 0.8478323 0.9223099 0.8478189 0.440795 0.9447348 0.4511654 0.9370497 0.4490357 0.9343644 0.9921415 0.8331149 0.954854 0.8478203 0.9921415 0.8478203 0.954854 0.8037114 0.9223099 0.7889973 0.9223099 0.8037037 0.9223099 0.7008334 0.954854 0.6861363 0.9223099 0.6861271 0.954854 0.8772421 0.9223099 0.8625288 0.9223099 0.8772351 0.9082802 0.8625393 0.9223099 0.8772278 0.9082802 0.8772464 0.9223099 0.7008482 0.9082802 0.6861279 0.9223099 0.6861436 0.497555 0.9576978 0.4914434 0.9691793 0.4945912 0.9706608 0.4378324 0.9576978 0.443851 0.9462164 0.440795 0.9447348 0.9921415 0.7008408 0.954854 0.715546 0.9921415 0.7155461 0.9223099 0.7742965 0.9082802 0.7595896 0.9223099 0.7595922 0.9921415 0.788999 0.954854 0.8037043 0.9921415 0.8037043 0.9921415 0.6861354 0.954854 0.67143 0.954854 0.6861354 0.954854 0.7008424 0.9223099 0.7155397 0.954854 0.7155485 0.4743135 0.986772 0.4618137 0.9834386 0.4610732 0.986772 0.4945912 0.9447348 0.4941285 0.9576978 0.497555 0.9576978 0.4378324 0.9576978 0.443851 0.9691793 0.4412582 0.9576978 0.440795 0.9706608 0.4511654 0.9783459 0.443851 0.9691793 0.4945912 0.9706608 0.484128 0.9783459 0.4862585 0.9810311 0.9223099 0.6714208 0.954854 0.6861363 0.954854 0.67143 0.9921415 0.7155461 0.954854 0.7301775 0.9921415 0.7301775 0.9223099 0.7301831 0.9082802 0.7155422 0.9223099 0.7155527 0.9223099 0.7448877 0.9082802 0.7301754 0.9223099 0.7301831 0.9223099 0.7595922 0.9082802 0.7448825 0.9223099 0.7448877 0.9082802 0.818418 0.9223099 0.8331144 0.9082802 0.8331251 0.9082802 0.8037109 0.9223099 0.8184099 0.9082802 0.818418 0.954854 0.8037114 0.9223099 0.8184099 0.954854 0.8184176 0.954854 0.8478297 0.9223099 0.8331163 0.9223099 0.8478226 0.9921415 0.8184096 0.954854 0.8331149 0.9921415 0.8331149 0.954854 0.7448869 0.9223099 0.7595847 0.954854 0.759593 0.9223099 0.7155527 0.9082802 0.7008351 0.9223099 0.7008482 0.4743135 0.9286237 0.4618137 0.931957 0.473573 0.931957 0.4862585 0.9343644 0.473573 0.931957 0.484128 0.9370497 0.9921415 0.7595883 0.954854 0.744883 0.954854 0.7595883 0.9921415 0.8772309 0.954854 0.8625256 0.954854 0.8772309 0.9223099 0.8037055 0.9082802 0.7890037 0.9223099 0.789001 0.4945912 0.9447348 0.484128 0.9370497 0.4914434 0.9462164 0.9223099 0.8478226 0.954854 0.862536 0.954854 0.8478297 0.9223099 0.7889973 0.954854 0.7742992 0.9223099 0.7742909 0.9223099 0.7301722 0.954854 0.7448869 0.954854 0.7301806 0.9921415 0.7301775 0.954854 0.744883 0.9921415 0.744883 0.9082802 0.7742968 0.9223099 0.789001 0.9082802 0.7890037 0.9223099 0.8331163 0.954854 0.8184176 0.9223099 0.8184099 0.954854 0.759593 0.9223099 0.7742909 0.954854 0.7742992 0.9921415 0.6861354 0.954854 0.7008408 0.9921415 0.7008408 0.9921415 0.8625256 0.954854 0.8478203 0.954854 0.8625256 0.9223099 0.6861436 0.9082802 0.6714208 0.9223099 0.6714393 0.9223099 0.7155397 0.954854 0.7301806 0.954854 0.7155485 0.9921415 0.7595883 0.954854 0.7742937 0.9921415 0.7742937 0.4490357 0.9343644 0.4618137 0.931957 0.4610732 0.9286237 0.4862585 0.9810311 0.473573 0.9834386 0.4743135 0.986772 0.9921415 0.8184096 0.954854 0.8037043 0.954854 0.8184096 0.4451099 0.9468633 0.4620826 0.9821066 0.4520657 0.9381452 0.4620826 0.9332298 0.4620826 0.9821066 0.4732118 0.9821066 0.4732118 0.9332298 0.4732118 0.9821066 0.483321 0.9772839 0.483321 0.9381452 0.483321 0.9772839 0.4902766 0.9685658 0.4927812 0.9577146 0.483321 0.9381452 0.4902766 0.9685658 0.4927812 0.9577146 0.483321 0.9381452 0.4902766 0.9685658 0.483321 0.9381452 0.483321 0.9772839 0.4902766 0.9685658 0.4732118 0.9332298 0.4732118 0.9821066 0.483321 0.9772839 0.4620826 0.9332298 0.4620826 0.9821066 0.4732118 0.9821066 0.4451099 0.9468633 0.4620826 0.9821066 0.4520657 0.9381452 0.9921415 0.8184096 0.954854 0.8037043 0.954854 0.8184096 0.4862585 0.9810311 0.473573 0.9834386 0.4743135 0.986772 0.4490357 0.9343644 0.4618137 0.931957 0.4610732 0.9286237 0.9921415 0.7595883 0.954854 0.7742937 0.9921415 0.7742937 0.9223099 0.7155397 0.954854 0.7301806 0.954854 0.7155485 0.9223099 0.6861436 0.9082802 0.6714208 0.9223099 0.6714393 0.9921415 0.8625256 0.954854 0.8478203 0.954854 0.8625256 0.9921415 0.6861354 0.954854 0.7008408 0.9921415 0.7008408 0.954854 0.759593 0.9223099 0.7742909 0.954854 0.7742992 0.9223099 0.8331163 0.954854 0.8184176 0.9223099 0.8184099 0.9082802 0.7742968 0.9223099 0.789001 0.9082802 0.7890037 0.9921415 0.7301775 0.954854 0.744883 0.9921415 0.744883 0.9223099 0.7301722 0.954854 0.7448869 0.954854 0.7301806 0.9223099 0.7889973 0.954854 0.7742992 0.9223099 0.7742909 0.9223099 0.8478226 0.954854 0.862536 0.954854 0.8478297 0.4945912 0.9447348 0.484128 0.9370497 0.4914434 0.9462164 0.9223099 0.8037055 0.9082802 0.7890037 0.9223099 0.789001 0.9921415 0.8772309 0.954854 0.8625256 0.954854 0.8772309 0.9921415 0.7595883 0.954854 0.744883 0.954854 0.7595883 0.4862585 0.9343644 0.473573 0.931957 0.484128 0.9370497 0.4610732 0.9286237 0.473573 0.931957 0.4743135 0.9286237 0.9223099 0.7155527 0.9082802 0.7008351 0.9223099 0.7008482 0.954854 0.7448869 0.9223099 0.7595847 0.954854 0.759593 0.9921415 0.8184096 0.954854 0.8331149 0.9921415 0.8331149 0.954854 0.8478297 0.9223099 0.8331163 0.9223099 0.8478226 0.954854 0.8037114 0.9223099 0.8184099 0.954854 0.8184176 0.9082802 0.8037109 0.9223099 0.8184099 0.9082802 0.818418 0.9082802 0.818418 0.9223099 0.8331144 0.9082802 0.8331251 0.9223099 0.7595922 0.9082802 0.7448825 0.9223099 0.7448877 0.9223099 0.7448877 0.9082802 0.7301754 0.9223099 0.7301831 0.9223099 0.7301831 0.9082802 0.7155422 0.9223099 0.7155527 0.9921415 0.7155461 0.954854 0.7301775 0.9921415 0.7301775 0.9223099 0.6714208 0.954854 0.6861363 0.954854 0.67143 0.4945912 0.9706608 0.484128 0.9783459 0.4862585 0.9810311 0.440795 0.9706608 0.4511654 0.9783459 0.443851 0.9691793 0.4378324 0.9576978 0.443851 0.9691793 0.4412582 0.9576978 0.4945912 0.9447348 0.4941285 0.9576978 0.497555 0.9576978 0.4610732 0.986772 0.473573 0.9834386 0.4618137 0.9834386 0.954854 0.7008424 0.9223099 0.7155397 0.954854 0.7155485 0.9921415 0.6861354 0.954854 0.67143 0.954854 0.6861354 0.9921415 0.788999 0.954854 0.8037043 0.9921415 0.8037043 0.9223099 0.7742965 0.9082802 0.7595896 0.9223099 0.7595922 0.9921415 0.7008408 0.954854 0.715546 0.9921415 0.7155461 0.4378324 0.9576978 0.443851 0.9462164 0.440795 0.9447348 0.497555 0.9576978 0.4914434 0.9691793 0.4945912 0.9706608 0.9223099 0.7008482 0.9082802 0.6861279 0.9223099 0.6861436 0.9082802 0.8625393 0.9223099 0.8772278 0.9082802 0.8772464 0.954854 0.8772421 0.9223099 0.8625288 0.9223099 0.8772351 0.9223099 0.7008334 0.954854 0.6861363 0.9223099 0.6861271 0.954854 0.8037114 0.9223099 0.7889973 0.9223099 0.8037037 0.9921415 0.8331149 0.954854 0.8478203 0.9921415 0.8478203 0.4426055 0.9577146 0.4520657 0.9772839 0.4451099 0.9468633 0.9082802 0.8331251 0.9223099 0.8478189 0.9082802 0.8478323 0.9921415 0.7742937 0.954854 0.788999 0.9921415 0.788999 0.4490357 0.9810311 0.4618137 0.9834386 0.4511654 0.9783459 0.9223099 0.8625234 0.9082802 0.8478323 0.9223099 0.8478189 0.440795 0.9447348 0.4511654 0.9370497 0.4490357 0.9343644 0.9921415 0.8331149 0.954854 0.8478203 0.9921415 0.8478203 0.954854 0.8037114 0.9223099 0.7889973 0.9223099 0.8037037 0.9223099 0.7008334 0.954854 0.6861363 0.9223099 0.6861271 0.954854 0.8772421 0.9223099 0.8625288 0.9223099 0.8772351 0.9082802 0.8625393 0.9223099 0.8772278 0.9082802 0.8772464 0.9223099 0.7008482 0.9082802 0.6861279 0.9223099 0.6861436 0.497555 0.9576978 0.4914434 0.9691793 0.4945912 0.9706608 0.4378324 0.9576978 0.443851 0.9462164 0.440795 0.9447348 0.9921415 0.7008408 0.954854 0.715546 0.9921415 0.7155461 0.9223099 0.7742965 0.9082802 0.7595896 0.9223099 0.7595922 0.9921415 0.788999 0.954854 0.8037043 0.9921415 0.8037043 0.9921415 0.6861354 0.954854 0.67143 0.954854 0.6861354 0.954854 0.7008424 0.9223099 0.7155397 0.954854 0.7155485 0.4610732 0.986772 0.473573 0.9834386 0.4618137 0.9834386 0.4945912 0.9447348 0.4941285 0.9576978 0.497555 0.9576978 0.4378324 0.9576978 0.443851 0.9691793 0.4412582 0.9576978 0.440795 0.9706608 0.4511654 0.9783459 0.443851 0.9691793 0.4945912 0.9706608 0.484128 0.9783459 0.4862585 0.9810311 0.9223099 0.6714208 0.954854 0.6861363 0.954854 0.67143 0.9921415 0.7155461 0.954854 0.7301775 0.9921415 0.7301775 0.9223099 0.7301831 0.9082802 0.7155422 0.9223099 0.7155527 0.9223099 0.7448877 0.9082802 0.7301754 0.9223099 0.7301831 0.9223099 0.7595922 0.9082802 0.7448825 0.9223099 0.7448877 0.9082802 0.818418 0.9223099 0.8331144 0.9082802 0.8331251 0.9082802 0.8037109 0.9223099 0.8184099 0.9082802 0.818418 0.954854 0.8037114 0.9223099 0.8184099 0.954854 0.8184176 0.954854 0.8478297 0.9223099 0.8331163 0.9223099 0.8478226 0.9921415 0.8184096 0.954854 0.8331149 0.9921415 0.8331149 0.954854 0.7448869 0.9223099 0.7595847 0.954854 0.759593 0.9223099 0.7155527 0.9082802 0.7008351 0.9223099 0.7008482 0.4610732 0.9286237 0.473573 0.931957 0.4743135 0.9286237 0.4862585 0.9343644 0.473573 0.931957 0.484128 0.9370497 0.9921415 0.7595883 0.954854 0.744883 0.954854 0.7595883 0.9921415 0.8772309 0.954854 0.8625256 0.954854 0.8772309 0.9223099 0.8037055 0.9082802 0.7890037 0.9223099 0.789001 0.4945912 0.9447348 0.484128 0.9370497 0.4914434 0.9462164 0.9223099 0.8478226 0.954854 0.862536 0.954854 0.8478297 0.9223099 0.7889973 0.954854 0.7742992 0.9223099 0.7742909 0.9223099 0.7448783 0.954854 0.7301806 0.9223099 0.7301722 0.9921415 0.744883 0.954854 0.7301775 0.954854 0.744883 0.9082802 0.7742968 0.9223099 0.789001 0.9082802 0.7890037 0.9223099 0.8331163 0.954854 0.8184176 0.9223099 0.8184099 0.954854 0.759593 0.9223099 0.7742909 0.954854 0.7742992 0.9921415 0.6861354 0.954854 0.7008408 0.9921415 0.7008408 0.9921415 0.8625256 0.954854 0.8478203 0.954854 0.8625256 0.9223099 0.6861436 0.9082802 0.6714208 0.9223099 0.6714393 0.9223099 0.7301722 0.954854 0.7155485 0.9223099 0.7155397 0.9921415 0.7595883 0.954854 0.7742937 0.9921415 0.7742937 0.4490357 0.9343644 0.4618137 0.931957 0.4610732 0.9286237 0.4862585 0.9810311 0.473573 0.9834386 0.4743135 0.986772 0.9921415 0.8184096 0.954854 0.8037043 0.954854 0.8184096 0.440795 0.9447348 0.4511654 0.9370497 0.4490357 0.9343644 0.4451099 0.9468633 0.4620826 0.9821066 0.4520657 0.9381452 0.4620826 0.9332298 0.4620826 0.9821066 0.4732118 0.9821066 0.4732118 0.9332298 0.4732118 0.9821066 0.483321 0.9772839 0.483321 0.9381452 0.483321 0.9772839 0.4902766 0.9685658 0.4927812 0.9577146 0.483321 0.9381452 0.4902766 0.9685658 0.9223099 0.8625234 0.9082802 0.8478323 0.9223099 0.8478189 0.4490357 0.9810311 0.4618137 0.9834386 0.4511654 0.9783459 0.9921415 0.7742937 0.954854 0.788999 0.9921415 0.788999 0.9082802 0.8331251 0.9223099 0.8478189 0.9082802 0.8478323 0.4426055 0.9577146 0.4520657 0.9772839 0.4451099 0.9468633 0.4426055 0.9577146 0.4520657 0.9772839 0.4451099 0.9468633 0.9082802 0.8478323 0.9223099 0.8331144 0.9223099 0.8478189 0.9921415 0.7742937 0.954854 0.788999 0.9921415 0.788999 0.4490357 0.9810311 0.4618137 0.9834386 0.4511654 0.9783459 0.9223099 0.8478189 0.9082802 0.8625393 0.9082802 0.8478323 0.440795 0.9447348 0.4511654 0.9370497 0.4490357 0.9343644 0.9921415 0.8331149 0.954854 0.8478203 0.9921415 0.8478203 0.954854 0.8037114 0.9223099 0.7889973 0.9223099 0.8037037 0.9223099 0.7008334 0.954854 0.6861363 0.9223099 0.6861271 0.954854 0.8772421 0.9223099 0.8625288 0.9223099 0.8772351 0.9082802 0.8772464 0.9223099 0.8625234 0.9223099 0.8772278 0.9223099 0.6861436 0.9082802 0.7008351 0.9082802 0.6861279 0.497555 0.9576978 0.4914434 0.9691793 0.4945912 0.9706608 0.4378324 0.9576978 0.443851 0.9462164 0.440795 0.9447348 0.9921415 0.7008408 0.954854 0.715546 0.9921415 0.7155461 0.9223099 0.7742965 0.9082802 0.7595896 0.9223099 0.7595922 0.9921415 0.788999 0.954854 0.8037043 0.9921415 0.8037043 0.9921415 0.6861354 0.954854 0.67143 0.954854 0.6861354 0.954854 0.7008424 0.9223099 0.7155397 0.954854 0.7155485 0.4743135 0.986772 0.4618137 0.9834386 0.4610732 0.986772 0.4945912 0.9447348 0.4941285 0.9576978 0.497555 0.9576978 0.4378324 0.9576978 0.443851 0.9691793 0.4412582 0.9576978 0.440795 0.9706608 0.4511654 0.9783459 0.443851 0.9691793 0.4945912 0.9706608 0.484128 0.9783459 0.4862585 0.9810311 0.9223099 0.6714208 0.954854 0.6861363 0.954854 0.67143 0.9921415 0.7155461 0.954854 0.7301775 0.9921415 0.7301775 0.9223099 0.7301831 0.9082802 0.7155422 0.9223099 0.7155527 0.9223099 0.7448877 0.9082802 0.7301754 0.9223099 0.7301831 0.9223099 0.7595922 0.9082802 0.7448825 0.9223099 0.7448877 0.9082802 0.818418 0.9223099 0.8331144 0.9082802 0.8331251 0.9082802 0.8037109 0.9223099 0.8184099 0.9082802 0.818418 0.954854 0.8037114 0.9223099 0.8184099 0.954854 0.8184176 0.954854 0.8478297 0.9223099 0.8331163 0.9223099 0.8478226 0.9921415 0.8184096 0.954854 0.8331149 0.9921415 0.8331149 0.954854 0.7448869 0.9223099 0.7595847 0.954854 0.759593 0.9223099 0.7155527 0.9082802 0.7008351 0.9223099 0.7008482 0.4743135 0.9286237 0.4618137 0.931957 0.473573 0.931957 0.4862585 0.9343644 0.473573 0.931957 0.484128 0.9370497 0.9921415 0.7595883 0.954854 0.744883 0.954854 0.7595883 0.9921415 0.8772309 0.954854 0.8625256 0.954854 0.8772309 0.9223099 0.8037055 0.9082802 0.7890037 0.9223099 0.789001 0.4945912 0.9447348 0.484128 0.9370497 0.4914434 0.9462164 0.9223099 0.8478226 0.954854 0.862536 0.954854 0.8478297 0.9223099 0.7889973 0.954854 0.7742992 0.9223099 0.7742909 0.9223099 0.7301722 0.954854 0.7448869 0.954854 0.7301806 0.9921415 0.744883 0.954854 0.7301775 0.954854 0.744883 0.9082802 0.7742968 0.9223099 0.789001 0.9082802 0.7890037 0.9223099 0.8331163 0.954854 0.8184176 0.9223099 0.8184099 0.954854 0.759593 0.9223099 0.7742909 0.954854 0.7742992 0.9921415 0.6861354 0.954854 0.7008408 0.9921415 0.7008408 0.9921415 0.8625256 0.954854 0.8478203 0.954854 0.8625256 0.9223099 0.6714393 0.9082802 0.6861279 0.9082802 0.6714208 0.9223099 0.7155397 0.954854 0.7301806 0.954854 0.7155485 0.9921415 0.7595883 0.954854 0.7742937 0.9921415 0.7742937 0.4490357 0.9343644 0.4618137 0.931957 0.4610732 0.9286237 0.4862585 0.9810311 0.473573 0.9834386 0.4743135 0.986772 0.9921415 0.8184096 0.954854 0.8037043 0.954854 0.8184096 0.4451099 0.9468633 0.4620826 0.9821066 0.4520657 0.9381452 0.4620826 0.9332298 0.4620826 0.9821066 0.4732118 0.9821066 0.4732118 0.9332298 0.4732118 0.9821066 0.483321 0.9772839 0.483321 0.9381452 0.483321 0.9772839 0.4902766 0.9685658 0.4927812 0.9577146 0.483321 0.9381452 0.4902766 0.9685658 0.4520657 0.9772839 0.4426055 0.9577146 0.4451099 0.9468633 0.9223099 0.8478189 0.9082802 0.8331251 0.9082802 0.8478323 0.954854 0.788999 0.9921415 0.7742937 0.9921415 0.788999 0.4490357 0.9810311 0.4618137 0.9834386 0.4610732 0.986772 0.9082802 0.8478323 0.9223099 0.8625234 0.9223099 0.8478189 0.4511654 0.9370497 0.440795 0.9447348 0.4490357 0.9343644 0.954854 0.8478203 0.9921415 0.8331149 0.9921415 0.8478203 0.954854 0.8037114 0.9223099 0.7889973 0.954854 0.7890052 0.954854 0.6861363 0.9223099 0.7008334 0.9223099 0.6861271 0.954854 0.8772421 0.9223099 0.8625288 0.954854 0.862536 0.9223099 0.8772278 0.9082802 0.8625393 0.9082802 0.8772464 0.9082802 0.6861279 0.9223099 0.7008482 0.9223099 0.6861436 0.4914434 0.9691793 0.497555 0.9576978 0.4945912 0.9706608 0.443851 0.9462164 0.4378324 0.9576978 0.440795 0.9447348 0.954854 0.715546 0.9921415 0.7008408 0.9921415 0.7155461 0.9082802 0.7595896 0.9223099 0.7742965 0.9223099 0.7595922 0.954854 0.8037043 0.9921415 0.788999 0.9921415 0.8037043 0.9921415 0.6861354 0.954854 0.67143 0.9921415 0.67143 0.954854 0.7155485 0.9223099 0.7008334 0.954854 0.7008424 0.4610732 0.986772 0.473573 0.9834386 0.4743135 0.986772 0.4941285 0.9576978 0.4945912 0.9447348 0.497555 0.9576978 0.4378324 0.9576978 0.443851 0.9691793 0.440795 0.9706608 0.440795 0.9706608 0.4511654 0.9783459 0.4490357 0.9810311 0.484128 0.9783459 0.4945912 0.9706608 0.4862585 0.9810311 0.9223099 0.6714208 0.954854 0.6861363 0.9223099 0.6861271 0.954854 0.7301775 0.9921415 0.7155461 0.9921415 0.7301775 0.9082802 0.7155422 0.9223099 0.7301831 0.9223099 0.7155527 0.9082802 0.7301754 0.9223099 0.7448877 0.9223099 0.7301831 0.9082802 0.7448825 0.9223099 0.7595922 0.9223099 0.7448877 0.9223099 0.8331144 0.9082802 0.818418 0.9082802 0.8331251 0.9223099 0.8184099 0.9082802 0.8037109 0.9082802 0.818418 0.9223099 0.8184099 0.954854 0.8037114 0.954854 0.8184176 0.954854 0.8478297 0.9223099 0.8331163 0.954854 0.8331237 0.954854 0.8331149 0.9921415 0.8184096 0.9921415 0.8331149 0.9223099 0.7595847 0.954854 0.7448869 0.954854 0.759593 0.9082802 0.7008351 0.9223099 0.7155527 0.9223099 0.7008482 0.473573 0.931957 0.4610732 0.9286237 0.4743135 0.9286237 0.4862585 0.9343644 0.473573 0.931957 0.4743135 0.9286237 0.9921415 0.7595883 0.954854 0.744883 0.9921415 0.744883 0.9921415 0.8772309 0.954854 0.8625256 0.9921415 0.8625256 0.9082802 0.7890037 0.9223099 0.8037055 0.9223099 0.789001 0.4945912 0.9447348 0.484128 0.9370497 0.4862585 0.9343644 0.9223099 0.8478226 0.954854 0.862536 0.9223099 0.8625288 0.954854 0.7742992 0.9223099 0.7889973 0.9223099 0.7742909 0.954854 0.7301806 0.9223099 0.7448783 0.9223099 0.7301722 0.9921415 0.744883 0.954854 0.7301775 0.9921415 0.7301775 0.9223099 0.789001 0.9082802 0.7742968 0.9082802 0.7890037 0.954854 0.8184176 0.9223099 0.8331163 0.9223099 0.8184099 0.9223099 0.7742909 0.954854 0.759593 0.954854 0.7742992 0.954854 0.7008408 0.9921415 0.6861354 0.9921415 0.7008408 0.9921415 0.8625256 0.954854 0.8478203 0.9921415 0.8478203 0.9082802 0.6714208 0.9223099 0.6861436 0.9223099 0.6714393 0.954854 0.7155485 0.9223099 0.7301722 0.9223099 0.7155397 0.954854 0.7742937 0.9921415 0.7595883 0.9921415 0.7742937 0.4618137 0.931957 0.4490357 0.9343644 0.4610732 0.9286237 0.473573 0.9834386 0.4862585 0.9810311 0.4743135 0.986772 0.9921415 0.8184096 0.954854 0.8037043 0.9921415 0.8037043 0.4620826 0.9821066 0.4451099 0.9468633 0.4520657 0.9381452 0.4620826 0.9332298 0.4620826 0.9821066 0.4520657 0.9381452 0.4732118 0.9821066 0.4732118 0.9332298 0.483321 0.9772839 0.483321 0.9772839 0.483321 0.9381452 0.4902766 0.9685658 0.4927812 0.9577146 0.483321 0.9381452 0.4902766 0.9468633 0.4520657 0.9772839 0.4426055 0.9577146 0.4451099 0.9468633 0.9223099 0.8478189 0.9082802 0.8331251 0.9082802 0.8478323 0.954854 0.788999 0.9921415 0.7742937 0.9921415 0.788999 0.4490357 0.9810311 0.4618137 0.9834386 0.4610732 0.986772 0.9082802 0.8478323 0.9223099 0.8625234 0.9223099 0.8478189 0.4511654 0.9370497 0.440795 0.9447348 0.4490357 0.9343644 0.954854 0.8478203 0.9921415 0.8331149 0.9921415 0.8478203 0.954854 0.8037114 0.9223099 0.7889973 0.954854 0.7890052 0.954854 0.6861363 0.9223099 0.7008334 0.9223099 0.6861271 0.954854 0.8772421 0.9223099 0.8625288 0.954854 0.862536 0.9223099 0.8772278 0.9082802 0.8625393 0.9082802 0.8772464 0.9082802 0.6861279 0.9223099 0.7008482 0.9223099 0.6861436 0.4914434 0.9691793 0.497555 0.9576978 0.4945912 0.9706608 0.443851 0.9462164 0.4378324 0.9576978 0.440795 0.9447348 0.954854 0.715546 0.9921415 0.7008408 0.9921415 0.7155461 0.9082802 0.7595896 0.9223099 0.7742965 0.9223099 0.7595922 0.954854 0.8037043 0.9921415 0.788999 0.9921415 0.8037043 0.9921415 0.6861354 0.954854 0.67143 0.9921415 0.67143 0.954854 0.7155485 0.9223099 0.7008334 0.954854 0.7008424 0.4610732 0.986772 0.473573 0.9834386 0.4743135 0.986772 0.4941285 0.9576978 0.4945912 0.9447348 0.497555 0.9576978 0.4378324 0.9576978 0.443851 0.9691793 0.440795 0.9706608 0.440795 0.9706608 0.4511654 0.9783459 0.4490357 0.9810311 0.484128 0.9783459 0.4945912 0.9706608 0.4862585 0.9810311 0.9223099 0.6714208 0.954854 0.6861363 0.9223099 0.6861271 0.954854 0.7301775 0.9921415 0.7155461 0.9921415 0.7301775 0.9082802 0.7155422 0.9223099 0.7301831 0.9223099 0.7155527 0.9082802 0.7301754 0.9223099 0.7448877 0.9223099 0.7301831 0.9082802 0.7448825 0.9223099 0.7595922 0.9223099 0.7448877 0.9223099 0.8331144 0.9082802 0.818418 0.9082802 0.8331251 0.9223099 0.8184099 0.9082802 0.8037109 0.9082802 0.818418 0.9223099 0.8184099 0.954854 0.8037114 0.954854 0.8184176 0.954854 0.8478297 0.9223099 0.8331163 0.954854 0.8331237 0.954854 0.8331149 0.9921415 0.8184096 0.9921415 0.8331149 0.9223099 0.7595847 0.954854 0.7448869 0.954854 0.759593 0.9082802 0.7008351 0.9223099 0.7155527 0.9223099 0.7008482 0.473573 0.931957 0.4610732 0.9286237 0.4743135 0.9286237 0.4862585 0.9343644 0.473573 0.931957 0.4743135 0.9286237 0.9921415 0.7595883 0.954854 0.744883 0.9921415 0.744883 0.9921415 0.8772309 0.954854 0.8625256 0.9921415 0.8625256 0.9082802 0.7890037 0.9223099 0.8037055 0.9223099 0.789001 0.4945912 0.9447348 0.484128 0.9370497 0.4862585 0.9343644 0.9223099 0.8478226 0.954854 0.862536 0.9223099 0.8625288 0.954854 0.7742992 0.9223099 0.7889973 0.9223099 0.7742909 0.954854 0.7301806 0.9223099 0.7448783 0.9223099 0.7301722 0.9921415 0.744883 0.954854 0.7301775 0.9921415 0.7301775 0.9223099 0.789001 0.9082802 0.7742968 0.9082802 0.7890037 0.954854 0.8184176 0.9223099 0.8331163 0.9223099 0.8184099 0.9223099 0.7742909 0.954854 0.759593 0.954854 0.7742992 0.954854 0.7008408 0.9921415 0.6861354 0.9921415 0.7008408 0.9921415 0.8625256 0.954854 0.8478203 0.9921415 0.8478203 0.9082802 0.6714208 0.9223099 0.6861436 0.9223099 0.6714393 0.954854 0.7155485 0.9223099 0.7301722 0.9223099 0.7155397 0.954854 0.7742937 0.9921415 0.7595883 0.9921415 0.7742937 0.4618137 0.931957 0.4490357 0.9343644 0.4610732 0.9286237 0.473573 0.9834386 0.4862585 0.9810311 0.4743135 0.986772 0.9921415 0.8184096 0.954854 0.8037043 0.9921415 0.8037043 0.4620826 0.9821066 0.4451099 0.9468633 0.4520657 0.9381452 0.4620826 0.9332298 0.4620826 0.9821066 0.4520657 0.9381452 0.4732118 0.9821066 0.4732118 0.9332298 0.483321 0.9772839 0.483321 0.9772839 0.483321 0.9381452 0.4902766 0.9685658 0.4927812 0.9577146 0.483321 0.9381452 0.4902766 0.9468633 0.954854 0.788999 0.954854 0.7742937 0.9921415 0.7742937 0.954854 0.6861283 0.9229611 0.6861271 0.9229611 0.6714208 0.4490357 0.9810311 0.4511654 0.9783459 0.4618137 0.9834386 0.9083741 0.862505 0.9083741 0.8478004 0.9229611 0.8478242 0.4511654 0.9370497 0.443851 0.9462164 0.440795 0.9447348 0.954854 0.8478203 0.954854 0.8331149 0.9921415 0.8331149 0.9229611 0.7008334 0.9229611 0.6861271 0.954854 0.6861283 0.9083741 0.6861252 0.9083741 0.6714208 0.9229611 0.6714127 0.4914434 0.9691793 0.4941285 0.9576978 0.497555 0.9576978 0.443851 0.9462164 0.4412582 0.9576978 0.4378324 0.9576978 0.9229611 0.8184099 0.9229611 0.8037037 0.954854 0.8037034 0.9229611 0.833117 0.9229611 0.8478242 0.9083741 0.8478004 0.9229611 0.7448744 0.9229611 0.7595815 0.9083741 0.7595737 0.954854 0.715546 0.954854 0.7008408 0.9921415 0.7008408 0.9229611 0.7742909 0.9229611 0.7595847 0.954854 0.759585 0.9229611 0.7301673 0.9229611 0.7448744 0.9083741 0.7448692 0.954854 0.8037043 0.954854 0.788999 0.9921415 0.788999 0.9921415 0.6861354 0.954854 0.6861354 0.954854 0.67143 0.9229611 0.8625288 0.954854 0.862528 0.954854 0.8772341 0.9229611 0.7742887 0.9083741 0.7742781 0.9083741 0.7595737 0.4618137 0.9834386 0.473573 0.9834386 0.4743135 0.986772 0.4927812 0.9577146 0.4732118 0.9332298 0.483321 0.9381452 0.483321 0.9772839 0.4520657 0.9381452 0.4620826 0.9332298 0.4451099 0.9468633 0.4732118 0.9821066 0.4620826 0.9821066 0.4941285 0.9576978 0.4914434 0.9462164 0.4945912 0.9447348 0.4378324 0.9576978 0.4412582 0.9576978 0.443851 0.9691793 0.440795 0.9706608 0.443851 0.9691793 0.4511654 0.9783459 0.9229611 0.8037028 0.9229611 0.8184099 0.9083741 0.8183915 0.484128 0.9783459 0.4914434 0.9691793 0.4945912 0.9706608 0.4927812 0.9577146 0.4902766 0.9685658 0.4620826 0.9332298 0.954854 0.7301775 0.954854 0.715546 0.9921415 0.7155461 0.9083741 0.7889825 0.9229611 0.7889956 0.9229611 0.8037028 0.9229611 0.700827 0.9083741 0.7008298 0.9083741 0.6861252 0.9083741 0.7742781 0.9229611 0.7742887 0.9229611 0.7889956 0.9921415 0.8331149 0.954854 0.8331149 0.954854 0.8184096 0.9083741 0.7155342 0.9083741 0.7008298 0.9229611 0.700827 0.473573 0.931957 0.4618137 0.931957 0.4610732 0.9286237 0.4862585 0.9343644 0.484128 0.9370497 0.473573 0.931957 0.9921415 0.7595883 0.954854 0.7595883 0.954854 0.744883 0.9921415 0.8772309 0.954854 0.8772309 0.954854 0.8625256 0.483321 0.9772839 0.4732118 0.9821066 0.4451099 0.9468633 0.4945912 0.9447348 0.4914434 0.9462164 0.484128 0.9370497 0.9229611 0.7595847 0.9229611 0.7448783 0.954854 0.7448789 0.9921415 0.744883 0.954854 0.744883 0.954854 0.7301775 0.9083741 0.7301647 0.9083741 0.7155342 0.9229611 0.7155341 0.9229611 0.7155397 0.9229611 0.7008334 0.954854 0.7008344 0.9083741 0.8772093 0.9083741 0.862505 0.9229611 0.8625312 0.954854 0.7008408 0.954854 0.6861354 0.9921415 0.6861354 0.9921415 0.8625256 0.954854 0.8625256 0.954854 0.8478203 0.9229611 0.833117 0.9083741 0.8330959 0.9083741 0.8183915 0.954854 0.7742937 0.954854 0.7595883 0.9921415 0.7595883 0.4618137 0.931957 0.4511654 0.9370497 0.4490357 0.9343644 0.473573 0.9834386 0.484128 0.9783459 0.4862585 0.9810311 0.9921415 0.8184096 0.954854 0.8184096 0.954854 0.8037043 0.4620826 0.9821066 0.4520657 0.9772839 0.4451099 0.9685658 0.954854 0.862528 0.9229611 0.8625288 0.9229611 0.8478226 0.9229611 0.7889973 0.9229611 0.7742909 0.954854 0.7742912 0.9229611 0.8184099 0.954854 0.8184096 0.954854 0.8331157 0.9229611 0.7301722 0.954854 0.7301726 0.954854 0.7448789 0.9229611 0.8331163 0.954854 0.8331157 0.954854 0.8478217 0.954854 0.7301726 0.9229611 0.7301722 0.9229611 0.7155397 0.9229611 0.7889973 0.954854 0.7889972 0.954854 0.8037034 0.4520657 0.9772839 0.4451099 0.9685658 0.4426055 0.9577146 0.9223099 0.8478189 0.9223099 0.8331144 0.9082802 0.8331251 0.954854 0.788999 0.954854 0.7742937 0.9921415 0.7742937 0.4490357 0.9810311 0.4511654 0.9783459 0.4618137 0.9834386 0.9082802 0.8478323 0.9082802 0.8625393 0.9223099 0.8625234 0.4511654 0.9370497 0.443851 0.9462164 0.440795 0.9447348 0.954854 0.8478203 0.954854 0.8331149 0.9921415 0.8331149 0.954854 0.8037114 0.9223099 0.8037037 0.9223099 0.7889973 0.954854 0.6861363 0.954854 0.7008424 0.9223099 0.7008334 0.954854 0.8772421 0.9223099 0.8772351 0.9223099 0.8625288 0.9223099 0.8772278 0.9223099 0.8625234 0.9082802 0.8625393 0.9082802 0.6861279 0.9082802 0.7008351 0.9223099 0.7008482 0.4914434 0.9691793 0.4941285 0.9576978 0.497555 0.9576978 0.443851 0.9462164 0.4412582 0.9576978 0.4378324 0.9576978 0.954854 0.715546 0.954854 0.7008408 0.9921415 0.7008408 0.9082802 0.7595896 0.9082802 0.7742968 0.9223099 0.7742965 0.954854 0.8037043 0.954854 0.788999 0.9921415 0.788999 0.9921415 0.6861354 0.954854 0.6861354 0.954854 0.67143 0.9223099 0.7155397 0.9223099 0.7008334 0.954854 0.7008424 0.4618137 0.9834386 0.473573 0.9834386 0.4743135 0.986772 0.4941285 0.9576978 0.4914434 0.9462164 0.4945912 0.9447348 0.4378324 0.9576978 0.4412582 0.9576978 0.443851 0.9691793 0.440795 0.9706608 0.443851 0.9691793 0.4511654 0.9783459 0.484128 0.9783459 0.4914434 0.9691793 0.4945912 0.9706608 0.9223099 0.6714208 0.954854 0.67143 0.954854 0.6861363 0.954854 0.7301775 0.954854 0.715546 0.9921415 0.7155461 0.9082802 0.7155422 0.9082802 0.7301754 0.9223099 0.7301831 0.9082802 0.7301754 0.9082802 0.7448825 0.9223099 0.7448877 0.9082802 0.7448825 0.9082802 0.7595896 0.9223099 0.7595922 0.9223099 0.8331144 0.9223099 0.8184099 0.9082802 0.818418 0.9223099 0.8184099 0.9223099 0.8037055 0.9082802 0.8037109 0.9223099 0.8184099 0.9223099 0.8037037 0.954854 0.8037114 0.954854 0.8478297 0.9223099 0.8478226 0.9223099 0.8331163 0.954854 0.8331149 0.954854 0.8184096 0.9921415 0.8184096 0.9223099 0.7595847 0.9223099 0.7448783 0.954854 0.7448869 0.9082802 0.7008351 0.9082802 0.7155422 0.9223099 0.7155527 0.4743135 0.9286237 0.473573 0.931957 0.4618137 0.931957 0.4862585 0.9343644 0.484128 0.9370497 0.473573 0.931957 0.9921415 0.7595883 0.954854 0.7595883 0.954854 0.744883 0.9921415 0.8772309 0.954854 0.8772309 0.954854 0.8625256 0.9082802 0.7890037 0.9082802 0.8037109 0.9223099 0.8037055 0.4945912 0.9447348 0.4914434 0.9462164 0.484128 0.9370497 0.9223099 0.8478226 0.954854 0.8478297 0.954854 0.862536 0.954854 0.7742992 0.954854 0.7890052 0.9223099 0.7889973 0.9223099 0.7301722 0.954854 0.7301806 0.954854 0.7448869 0.954854 0.744883 0.954854 0.7301775 0.9921415 0.7301775 0.9223099 0.789001 0.9223099 0.7742965 0.9082802 0.7742968 0.954854 0.8184176 0.954854 0.8331237 0.9223099 0.8331163 0.9223099 0.7742909 0.9223099 0.7595847 0.954854 0.759593 0.954854 0.7008408 0.954854 0.6861354 0.9921415 0.6861354 0.9921415 0.8625256 0.954854 0.8625256 0.954854 0.8478203 0.9082802 0.6714208 0.9082802 0.6861279 0.9223099 0.6861436 0.9223099 0.7155397 0.954854 0.7155485 0.954854 0.7301806 0.954854 0.7742937 0.954854 0.7595883 0.9921415 0.7595883 0.4618137 0.931957 0.4511654 0.9370497 0.4490357 0.9343644 0.473573 0.9834386 0.484128 0.9783459 0.4862585 0.9810311 0.9921415 0.8184096 0.954854 0.8184096 0.954854 0.8037043 0.4620826 0.9821066 0.4520657 0.9772839 0.4451099 0.9468633 0.4620826 0.9332298 0.4732118 0.9821066 0.4620826 0.9821066 0.4732118 0.9821066 0.4620826 0.9332298 0.4732118 0.9332298 0.483321 0.9772839 0.4732118 0.9332298 0.483321 0.9381452 0.4927812 0.9577146 0.4902766 0.9685658 0.483321 0.9381452 0.4927812 0.9577146 0.4902766 0.9685658 0.483321 0.9381452 0.483321 0.9772839 0.4732118 0.9332298 0.483321 0.9381452 0.4732118 0.9821066 0.4620826 0.9332298 0.4732118 0.9332298 0.4620826 0.9332298 0.4732118 0.9821066 0.4620826 0.9821066 0.4620826 0.9821066 0.4520657 0.9772839 0.4451099 0.9468633 0.9921415 0.8184096 0.954854 0.8184096 0.954854 0.8037043 0.473573 0.9834386 0.484128 0.9783459 0.4862585 0.9810311 0.4618137 0.931957 0.4511654 0.9370497 0.4490357 0.9343644 0.954854 0.7742937 0.954854 0.7595883 0.9921415 0.7595883 0.9223099 0.7155397 0.954854 0.7155485 0.954854 0.7301806 0.9082802 0.6714208 0.9082802 0.6861279 0.9223099 0.6861436 0.9921415 0.8625256 0.954854 0.8625256 0.954854 0.8478203 0.954854 0.7008408 0.954854 0.6861354 0.9921415 0.6861354 0.9223099 0.7742909 0.9223099 0.7595847 0.954854 0.759593 0.954854 0.8184176 0.954854 0.8331237 0.9223099 0.8331163 0.9223099 0.789001 0.9223099 0.7742965 0.9082802 0.7742968 0.954854 0.744883 0.954854 0.7301775 0.9921415 0.7301775 0.9223099 0.7301722 0.954854 0.7301806 0.954854 0.7448869 0.954854 0.7742992 0.954854 0.7890052 0.9223099 0.7889973 0.9223099 0.8478226 0.954854 0.8478297 0.954854 0.862536 0.4945912 0.9447348 0.4914434 0.9462164 0.484128 0.9370497 0.9082802 0.7890037 0.9082802 0.8037109 0.9223099 0.8037055 0.9921415 0.8772309 0.954854 0.8772309 0.954854 0.8625256 0.9921415 0.7595883 0.954854 0.7595883 0.954854 0.744883 0.4862585 0.9343644 0.484128 0.9370497 0.473573 0.931957 0.473573 0.931957 0.4618137 0.931957 0.4610732 0.9286237 0.9082802 0.7008351 0.9082802 0.7155422 0.9223099 0.7155527 0.9223099 0.7595847 0.9223099 0.7448783 0.954854 0.7448869 0.954854 0.8331149 0.954854 0.8184096 0.9921415 0.8184096 0.954854 0.8478297 0.9223099 0.8478226 0.9223099 0.8331163 0.9223099 0.8184099 0.9223099 0.8037037 0.954854 0.8037114 0.9223099 0.8184099 0.9223099 0.8037055 0.9082802 0.8037109 0.9223099 0.8331144 0.9223099 0.8184099 0.9082802 0.818418 0.9082802 0.7448825 0.9082802 0.7595896 0.9223099 0.7595922 0.9082802 0.7301754 0.9082802 0.7448825 0.9223099 0.7448877 0.9082802 0.7155422 0.9082802 0.7301754 0.9223099 0.7301831 0.954854 0.7301775 0.954854 0.715546 0.9921415 0.7155461 0.9223099 0.6714208 0.954854 0.67143 0.954854 0.6861363 0.484128 0.9783459 0.4914434 0.9691793 0.4945912 0.9706608 0.440795 0.9706608 0.443851 0.9691793 0.4511654 0.9783459 0.4378324 0.9576978 0.4412582 0.9576978 0.443851 0.9691793 0.4941285 0.9576978 0.4914434 0.9462164 0.4945912 0.9447348 0.4610732 0.986772 0.4618137 0.9834386 0.473573 0.9834386 0.9223099 0.7155397 0.9223099 0.7008334 0.954854 0.7008424 0.9921415 0.6861354 0.954854 0.6861354 0.954854 0.67143 0.954854 0.8037043 0.954854 0.788999 0.9921415 0.788999 0.9082802 0.7595896 0.9082802 0.7742968 0.9223099 0.7742965 0.954854 0.715546 0.954854 0.7008408 0.9921415 0.7008408 0.443851 0.9462164 0.4412582 0.9576978 0.4378324 0.9576978 0.4914434 0.9691793 0.4941285 0.9576978 0.497555 0.9576978 0.9082802 0.6861279 0.9082802 0.7008351 0.9223099 0.7008482 0.9223099 0.8772278 0.9223099 0.8625234 0.9082802 0.8625393 0.954854 0.8772421 0.9223099 0.8772351 0.9223099 0.8625288 0.954854 0.6861363 0.954854 0.7008424 0.9223099 0.7008334 0.954854 0.8037114 0.9223099 0.8037037 0.9223099 0.7889973 0.954854 0.8478203 0.954854 0.8331149 0.9921415 0.8331149 0.4520657 0.9772839 0.4451099 0.9685658 0.4426055 0.9577146 0.9223099 0.8478189 0.9223099 0.8331144 0.9082802 0.8331251 0.954854 0.788999 0.954854 0.7742937 0.9921415 0.7742937 0.4490357 0.9810311 0.4511654 0.9783459 0.4618137 0.9834386 0.9082802 0.8478323 0.9082802 0.8625393 0.9223099 0.8625234 0.4511654 0.9370497 0.443851 0.9462164 0.440795 0.9447348 0.954854 0.8478203 0.954854 0.8331149 0.9921415 0.8331149 0.954854 0.8037114 0.9223099 0.8037037 0.9223099 0.7889973 0.954854 0.6861363 0.954854 0.7008424 0.9223099 0.7008334 0.954854 0.8772421 0.9223099 0.8772351 0.9223099 0.8625288 0.9223099 0.8772278 0.9223099 0.8625234 0.9082802 0.8625393 0.9082802 0.6861279 0.9082802 0.7008351 0.9223099 0.7008482 0.4914434 0.9691793 0.4941285 0.9576978 0.497555 0.9576978 0.443851 0.9462164 0.4412582 0.9576978 0.4378324 0.9576978 0.954854 0.715546 0.954854 0.7008408 0.9921415 0.7008408 0.9082802 0.7595896 0.9082802 0.7742968 0.9223099 0.7742965 0.954854 0.8037043 0.954854 0.788999 0.9921415 0.788999 0.9921415 0.6861354 0.954854 0.6861354 0.954854 0.67143 0.9223099 0.7155397 0.9223099 0.7008334 0.954854 0.7008424 0.4610732 0.986772 0.4618137 0.9834386 0.473573 0.9834386 0.4941285 0.9576978 0.4914434 0.9462164 0.4945912 0.9447348 0.4378324 0.9576978 0.4412582 0.9576978 0.443851 0.9691793 0.440795 0.9706608 0.443851 0.9691793 0.4511654 0.9783459 0.484128 0.9783459 0.4914434 0.9691793 0.4945912 0.9706608 0.9223099 0.6714208 0.954854 0.67143 0.954854 0.6861363 0.954854 0.7301775 0.954854 0.715546 0.9921415 0.7155461 0.9082802 0.7155422 0.9082802 0.7301754 0.9223099 0.7301831 0.9082802 0.7301754 0.9082802 0.7448825 0.9223099 0.7448877 0.9082802 0.7448825 0.9082802 0.7595896 0.9223099 0.7595922 0.9223099 0.8331144 0.9223099 0.8184099 0.9082802 0.818418 0.9223099 0.8184099 0.9223099 0.8037055 0.9082802 0.8037109 0.9223099 0.8184099 0.9223099 0.8037037 0.954854 0.8037114 0.954854 0.8478297 0.9223099 0.8478226 0.9223099 0.8331163 0.954854 0.8331149 0.954854 0.8184096 0.9921415 0.8184096 0.9223099 0.7595847 0.9223099 0.7448783 0.954854 0.7448869 0.9082802 0.7008351 0.9082802 0.7155422 0.9223099 0.7155527 0.473573 0.931957 0.4618137 0.931957 0.4610732 0.9286237 0.4862585 0.9343644 0.484128 0.9370497 0.473573 0.931957 0.9921415 0.7595883 0.954854 0.7595883 0.954854 0.744883 0.9921415 0.8772309 0.954854 0.8772309 0.954854 0.8625256 0.9082802 0.7890037 0.9082802 0.8037109 0.9223099 0.8037055 0.4945912 0.9447348 0.4914434 0.9462164 0.484128 0.9370497 0.9223099 0.8478226 0.954854 0.8478297 0.954854 0.862536 0.954854 0.7742992 0.954854 0.7890052 0.9223099 0.7889973 0.954854 0.7301806 0.954854 0.7448869 0.9223099 0.7448783 0.9921415 0.744883 0.954854 0.744883 0.954854 0.7301775 0.9223099 0.789001 0.9223099 0.7742965 0.9082802 0.7742968 0.954854 0.8184176 0.954854 0.8331237 0.9223099 0.8331163 0.9223099 0.7742909 0.9223099 0.7595847 0.954854 0.759593 0.954854 0.7008408 0.954854 0.6861354 0.9921415 0.6861354 0.9921415 0.8625256 0.954854 0.8625256 0.954854 0.8478203 0.9082802 0.6714208 0.9082802 0.6861279 0.9223099 0.6861436 0.954854 0.7155485 0.954854 0.7301806 0.9223099 0.7301722 0.954854 0.7742937 0.954854 0.7595883 0.9921415 0.7595883 0.4618137 0.931957 0.4511654 0.9370497 0.4490357 0.9343644 0.473573 0.9834386 0.484128 0.9783459 0.4862585 0.9810311 0.9921415 0.8184096 0.954854 0.8184096 0.954854 0.8037043 0.4511654 0.9370497 0.443851 0.9462164 0.440795 0.9447348 0.4620826 0.9821066 0.4520657 0.9772839 0.4451099 0.9468633 0.4620826 0.9332298 0.4732118 0.9821066 0.4620826 0.9821066 0.4732118 0.9821066 0.4620826 0.9332298 0.4732118 0.9332298 0.483321 0.9772839 0.4732118 0.9332298 0.483321 0.9381452 0.4927812 0.9577146 0.4902766 0.9685658 0.483321 0.9381452 0.9082802 0.8478323 0.9082802 0.8625393 0.9223099 0.8625234 0.4490357 0.9810311 0.4511654 0.9783459 0.4618137 0.9834386 0.954854 0.788999 0.954854 0.7742937 0.9921415 0.7742937 0.9223099 0.8478189 0.9223099 0.8331144 0.9082802 0.8331251 0.4520657 0.9772839 0.4451099 0.9685658 0.4426055 0.9577146 0.4520657 0.9772839 0.4451099 0.9685658 0.4426055 0.9577146 0.9082802 0.8478323 0.9223099 0.8478189 0.9223099 0.8331144 0.954854 0.788999 0.954854 0.7742937 0.9921415 0.7742937 0.4490357 0.9810311 0.4511654 0.9783459 0.4618137 0.9834386 0.9223099 0.8478189 0.9082802 0.8478323 0.9082802 0.8625393 0.4511654 0.9370497 0.443851 0.9462164 0.440795 0.9447348 0.954854 0.8478203 0.954854 0.8331149 0.9921415 0.8331149 0.954854 0.8037114 0.9223099 0.8037037 0.9223099 0.7889973 0.954854 0.6861363 0.954854 0.7008424 0.9223099 0.7008334 0.954854 0.8772421 0.9223099 0.8772351 0.9223099 0.8625288 0.9082802 0.8772464 0.9223099 0.8772278 0.9223099 0.8625234 0.9223099 0.6861436 0.9082802 0.6861279 0.9082802 0.7008351 0.4914434 0.9691793 0.4941285 0.9576978 0.497555 0.9576978 0.443851 0.9462164 0.4412582 0.9576978 0.4378324 0.9576978 0.954854 0.715546 0.954854 0.7008408 0.9921415 0.7008408 0.9082802 0.7595896 0.9082802 0.7742968 0.9223099 0.7742965 0.954854 0.8037043 0.954854 0.788999 0.9921415 0.788999 0.9921415 0.6861354 0.954854 0.6861354 0.954854 0.67143 0.9223099 0.7155397 0.9223099 0.7008334 0.954854 0.7008424 0.4618137 0.9834386 0.473573 0.9834386 0.4743135 0.986772 0.4941285 0.9576978 0.4914434 0.9462164 0.4945912 0.9447348 0.4378324 0.9576978 0.4412582 0.9576978 0.443851 0.9691793 0.440795 0.9706608 0.443851 0.9691793 0.4511654 0.9783459 0.484128 0.9783459 0.4914434 0.9691793 0.4945912 0.9706608 0.9223099 0.6714208 0.954854 0.67143 0.954854 0.6861363 0.954854 0.7301775 0.954854 0.715546 0.9921415 0.7155461 0.9082802 0.7155422 0.9082802 0.7301754 0.9223099 0.7301831 0.9082802 0.7301754 0.9082802 0.7448825 0.9223099 0.7448877 0.9082802 0.7448825 0.9082802 0.7595896 0.9223099 0.7595922 0.9223099 0.8331144 0.9223099 0.8184099 0.9082802 0.818418 0.9223099 0.8184099 0.9223099 0.8037055 0.9082802 0.8037109 0.9223099 0.8184099 0.9223099 0.8037037 0.954854 0.8037114 0.954854 0.8478297 0.9223099 0.8478226 0.9223099 0.8331163 0.954854 0.8331149 0.954854 0.8184096 0.9921415 0.8184096 0.9223099 0.7595847 0.9223099 0.7448783 0.954854 0.7448869 0.9082802 0.7008351 0.9082802 0.7155422 0.9223099 0.7155527 0.4743135 0.9286237 0.473573 0.931957 0.4618137 0.931957 0.4862585 0.9343644 0.484128 0.9370497 0.473573 0.931957 0.9921415 0.7595883 0.954854 0.7595883 0.954854 0.744883 0.9921415 0.8772309 0.954854 0.8772309 0.954854 0.8625256 0.9082802 0.7890037 0.9082802 0.8037109 0.9223099 0.8037055 0.4945912 0.9447348 0.4914434 0.9462164 0.484128 0.9370497 0.9223099 0.8478226 0.954854 0.8478297 0.954854 0.862536 0.954854 0.7742992 0.954854 0.7890052 0.9223099 0.7889973 0.9223099 0.7301722 0.954854 0.7301806 0.954854 0.7448869 0.9921415 0.744883 0.954854 0.744883 0.954854 0.7301775 0.9223099 0.789001 0.9223099 0.7742965 0.9082802 0.7742968 0.954854 0.8184176 0.954854 0.8331237 0.9223099 0.8331163 0.9223099 0.7742909 0.9223099 0.7595847 0.954854 0.759593 0.954854 0.7008408 0.954854 0.6861354 0.9921415 0.6861354 0.9921415 0.8625256 0.954854 0.8625256 0.954854 0.8478203 0.9223099 0.6714393 0.9082802 0.6714208 0.9082802 0.6861279 0.9223099 0.7155397 0.954854 0.7155485 0.954854 0.7301806 0.954854 0.7742937 0.954854 0.7595883 0.9921415 0.7595883 0.4618137 0.931957 0.4511654 0.9370497 0.4490357 0.9343644 0.473573 0.9834386 0.484128 0.9783459 0.4862585 0.9810311 0.9921415 0.8184096 0.954854 0.8184096 0.954854 0.8037043 0.4620826 0.9821066 0.4520657 0.9772839 0.4451099 0.9468633 0.4620826 0.9332298 0.4732118 0.9821066 0.4620826 0.9821066 0.4732118 0.9821066 0.4620826 0.9332298 0.4732118 0.9332298 0.483321 0.9772839 0.4732118 0.9332298 0.483321 0.9381452 0.4927812 0.9577146 0.4902766 0.9685658 0.483321 0.9381452 0.4426055 0.9577146 0.4451099 0.9685658 0.4520657 0.9772839 0.9082802 0.8331251 0.9223099 0.8331144 0.9223099 0.8478189 0.9921415 0.7742937 0.954854 0.7742937 0.954854 0.788999 0.4490357 0.9810311 0.4610732 0.986772 0.4618137 0.9834386 0.9223099 0.8625234 0.9082802 0.8625393 0.9082802 0.8478323 0.440795 0.9447348 0.443851 0.9462164 0.4511654 0.9370497 0.9921415 0.8331149 0.954854 0.8331149 0.954854 0.8478203 0.954854 0.8037114 0.954854 0.7890052 0.9223099 0.7889973 0.9223099 0.7008334 0.954854 0.7008424 0.954854 0.6861363 0.954854 0.8772421 0.954854 0.862536 0.9223099 0.8625288 0.9082802 0.8625393 0.9223099 0.8625234 0.9223099 0.8772278 0.9223099 0.7008482 0.9082802 0.7008351 0.9082802 0.6861279 0.497555 0.9576978 0.4941285 0.9576978 0.4914434 0.9691793 0.4378324 0.9576978 0.4412582 0.9576978 0.443851 0.9462164 0.9921415 0.7008408 0.954854 0.7008408 0.954854 0.715546 0.9223099 0.7742965 0.9082802 0.7742968 0.9082802 0.7595896 0.9921415 0.788999 0.954854 0.788999 0.954854 0.8037043 0.9921415 0.6861354 0.9921415 0.67143 0.954854 0.67143 0.954854 0.7008424 0.9223099 0.7008334 0.9223099 0.7155397 0.4743135 0.986772 0.473573 0.9834386 0.4618137 0.9834386 0.4945912 0.9447348 0.4914434 0.9462164 0.4941285 0.9576978 0.4378324 0.9576978 0.440795 0.9706608 0.443851 0.9691793 0.440795 0.9706608 0.4490357 0.9810311 0.4511654 0.9783459 0.4945912 0.9706608 0.4914434 0.9691793 0.484128 0.9783459 0.9223099 0.6714208 0.9223099 0.6861271 0.954854 0.6861363 0.9921415 0.7155461 0.954854 0.715546 0.954854 0.7301775 0.9223099 0.7301831 0.9082802 0.7301754 0.9082802 0.7155422 0.9223099 0.7448877 0.9082802 0.7448825 0.9082802 0.7301754 0.9223099 0.7595922 0.9082802 0.7595896 0.9082802 0.7448825 0.9082802 0.818418 0.9223099 0.8184099 0.9223099 0.8331144 0.9082802 0.8037109 0.9223099 0.8037055 0.9223099 0.8184099 0.954854 0.8037114 0.9223099 0.8037037 0.9223099 0.8184099 0.954854 0.8478297 0.954854 0.8331237 0.9223099 0.8331163 0.9921415 0.8184096 0.954854 0.8184096 0.954854 0.8331149 0.954854 0.7448869 0.9223099 0.7448783 0.9223099 0.7595847 0.9223099 0.7155527 0.9082802 0.7155422 0.9082802 0.7008351 0.4743135 0.9286237 0.4610732 0.9286237 0.4618137 0.931957 0.4862585 0.9343644 0.4743135 0.9286237 0.473573 0.931957 0.9921415 0.7595883 0.9921415 0.744883 0.954854 0.744883 0.9921415 0.8772309 0.9921415 0.8625256 0.954854 0.8625256 0.9223099 0.8037055 0.9082802 0.8037109 0.9082802 0.7890037 0.4945912 0.9447348 0.4862585 0.9343644 0.484128 0.9370497 0.9223099 0.8478226 0.9223099 0.8625288 0.954854 0.862536 0.9223099 0.7889973 0.954854 0.7890052 0.954854 0.7742992 0.9223099 0.7301722 0.9223099 0.7448783 0.954854 0.7448869 0.9921415 0.7301775 0.954854 0.7301775 0.954854 0.744883 0.9082802 0.7742968 0.9223099 0.7742965 0.9223099 0.789001 0.9223099 0.8331163 0.954854 0.8331237 0.954854 0.8184176 0.954854 0.759593 0.9223099 0.7595847 0.9223099 0.7742909 0.9921415 0.6861354 0.954854 0.6861354 0.954854 0.7008408 0.9921415 0.8625256 0.9921415 0.8478203 0.954854 0.8478203 0.9223099 0.6861436 0.9082802 0.6861279 0.9082802 0.6714208 0.9223099 0.7155397 0.9223099 0.7301722 0.954854 0.7301806 0.9921415 0.7595883 0.954854 0.7595883 0.954854 0.7742937 0.4490357 0.9343644 0.4511654 0.9370497 0.4618137 0.931957 0.4862585 0.9810311 0.484128 0.9783459 0.473573 0.9834386 0.9921415 0.8184096 0.9921415 0.8037043 0.954854 0.8037043 0.4451099 0.9468633 0.4520657 0.9772839 0.4620826 0.9821066 0.4620826 0.9332298 0.4520657 0.9381452 0.4620826 0.9821066 0.4732118 0.9332298 0.4620826 0.9332298 0.4732118 0.9821066 0.483321 0.9381452 0.4732118 0.9332298 0.483321 0.9772839 0.4927812 0.9577146 0.4902766 0.9468633 0.483321 0.9381452 0.4927812 0.9577146 0.4902766 0.9468633 0.483321 0.9381452 0.483321 0.9381452 0.4732118 0.9332298 0.483321 0.9772839 0.4732118 0.9332298 0.4620826 0.9332298 0.4732118 0.9821066 0.4620826 0.9332298 0.4520657 0.9381452 0.4620826 0.9821066 0.4451099 0.9468633 0.4520657 0.9772839 0.4620826 0.9821066 0.9921415 0.8184096 0.9921415 0.8037043 0.954854 0.8037043 0.4862585 0.9810311 0.484128 0.9783459 0.473573 0.9834386 0.4490357 0.9343644 0.4511654 0.9370497 0.4618137 0.931957 0.9921415 0.7595883 0.954854 0.7595883 0.954854 0.7742937 0.9223099 0.7155397 0.9223099 0.7301722 0.954854 0.7301806 0.9223099 0.6861436 0.9082802 0.6861279 0.9082802 0.6714208 0.9921415 0.8625256 0.9921415 0.8478203 0.954854 0.8478203 0.9921415 0.6861354 0.954854 0.6861354 0.954854 0.7008408 0.954854 0.759593 0.9223099 0.7595847 0.9223099 0.7742909 0.9223099 0.8331163 0.954854 0.8331237 0.954854 0.8184176 0.9082802 0.7742968 0.9223099 0.7742965 0.9223099 0.789001 0.9921415 0.7301775 0.954854 0.7301775 0.954854 0.744883 0.9223099 0.7301722 0.9223099 0.7448783 0.954854 0.7448869 0.9223099 0.7889973 0.954854 0.7890052 0.954854 0.7742992 0.9223099 0.8478226 0.9223099 0.8625288 0.954854 0.862536 0.4945912 0.9447348 0.4862585 0.9343644 0.484128 0.9370497 0.9223099 0.8037055 0.9082802 0.8037109 0.9082802 0.7890037 0.9921415 0.8772309 0.9921415 0.8625256 0.954854 0.8625256 0.9921415 0.7595883 0.9921415 0.744883 0.954854 0.744883 0.4862585 0.9343644 0.4743135 0.9286237 0.473573 0.931957 0.4610732 0.9286237 0.4618137 0.931957 0.473573 0.931957 0.9223099 0.7155527 0.9082802 0.7155422 0.9082802 0.7008351 0.954854 0.7448869 0.9223099 0.7448783 0.9223099 0.7595847 0.9921415 0.8184096 0.954854 0.8184096 0.954854 0.8331149 0.954854 0.8478297 0.954854 0.8331237 0.9223099 0.8331163 0.954854 0.8037114 0.9223099 0.8037037 0.9223099 0.8184099 0.9082802 0.8037109 0.9223099 0.8037055 0.9223099 0.8184099 0.9082802 0.818418 0.9223099 0.8184099 0.9223099 0.8331144 0.9223099 0.7595922 0.9082802 0.7595896 0.9082802 0.7448825 0.9223099 0.7448877 0.9082802 0.7448825 0.9082802 0.7301754 0.9223099 0.7301831 0.9082802 0.7301754 0.9082802 0.7155422 0.9921415 0.7155461 0.954854 0.715546 0.954854 0.7301775 0.9223099 0.6714208 0.9223099 0.6861271 0.954854 0.6861363 0.4945912 0.9706608 0.4914434 0.9691793 0.484128 0.9783459 0.440795 0.9706608 0.4490357 0.9810311 0.4511654 0.9783459 0.4378324 0.9576978 0.440795 0.9706608 0.443851 0.9691793 0.4945912 0.9447348 0.4914434 0.9462164 0.4941285 0.9576978 0.4610732 0.986772 0.4743135 0.986772 0.473573 0.9834386 0.954854 0.7008424 0.9223099 0.7008334 0.9223099 0.7155397 0.9921415 0.6861354 0.9921415 0.67143 0.954854 0.67143 0.9921415 0.788999 0.954854 0.788999 0.954854 0.8037043 0.9223099 0.7742965 0.9082802 0.7742968 0.9082802 0.7595896 0.9921415 0.7008408 0.954854 0.7008408 0.954854 0.715546 0.4378324 0.9576978 0.4412582 0.9576978 0.443851 0.9462164 0.497555 0.9576978 0.4941285 0.9576978 0.4914434 0.9691793 0.9223099 0.7008482 0.9082802 0.7008351 0.9082802 0.6861279 0.9082802 0.8625393 0.9223099 0.8625234 0.9223099 0.8772278 0.954854 0.8772421 0.954854 0.862536 0.9223099 0.8625288 0.9223099 0.7008334 0.954854 0.7008424 0.954854 0.6861363 0.954854 0.8037114 0.954854 0.7890052 0.9223099 0.7889973 0.9921415 0.8331149 0.954854 0.8331149 0.954854 0.8478203 0.4426055 0.9577146 0.4451099 0.9685658 0.4520657 0.9772839 0.9082802 0.8331251 0.9223099 0.8331144 0.9223099 0.8478189 0.9921415 0.7742937 0.954854 0.7742937 0.954854 0.788999 0.4490357 0.9810311 0.4610732 0.986772 0.4618137 0.9834386 0.9223099 0.8625234 0.9082802 0.8625393 0.9082802 0.8478323 0.440795 0.9447348 0.443851 0.9462164 0.4511654 0.9370497 0.9921415 0.8331149 0.954854 0.8331149 0.954854 0.8478203 0.954854 0.8037114 0.954854 0.7890052 0.9223099 0.7889973 0.9223099 0.7008334 0.954854 0.7008424 0.954854 0.6861363 0.954854 0.8772421 0.954854 0.862536 0.9223099 0.8625288 0.9082802 0.8625393 0.9223099 0.8625234 0.9223099 0.8772278 0.9223099 0.7008482 0.9082802 0.7008351 0.9082802 0.6861279 0.497555 0.9576978 0.4941285 0.9576978 0.4914434 0.9691793 0.4378324 0.9576978 0.4412582 0.9576978 0.443851 0.9462164 0.9921415 0.7008408 0.954854 0.7008408 0.954854 0.715546 0.9223099 0.7742965 0.9082802 0.7742968 0.9082802 0.7595896 0.9921415 0.788999 0.954854 0.788999 0.954854 0.8037043 0.9921415 0.6861354 0.9921415 0.67143 0.954854 0.67143 0.954854 0.7008424 0.9223099 0.7008334 0.9223099 0.7155397 0.4610732 0.986772 0.4743135 0.986772 0.473573 0.9834386 0.4945912 0.9447348 0.4914434 0.9462164 0.4941285 0.9576978 0.4378324 0.9576978 0.440795 0.9706608 0.443851 0.9691793 0.440795 0.9706608 0.4490357 0.9810311 0.4511654 0.9783459 0.4945912 0.9706608 0.4914434 0.9691793 0.484128 0.9783459 0.9223099 0.6714208 0.9223099 0.6861271 0.954854 0.6861363 0.9921415 0.7155461 0.954854 0.715546 0.954854 0.7301775 0.9223099 0.7301831 0.9082802 0.7301754 0.9082802 0.7155422 0.9223099 0.7448877 0.9082802 0.7448825 0.9082802 0.7301754 0.9223099 0.7595922 0.9082802 0.7595896 0.9082802 0.7448825 0.9082802 0.818418 0.9223099 0.8184099 0.9223099 0.8331144 0.9082802 0.8037109 0.9223099 0.8037055 0.9223099 0.8184099 0.954854 0.8037114 0.9223099 0.8037037 0.9223099 0.8184099 0.954854 0.8478297 0.954854 0.8331237 0.9223099 0.8331163 0.9921415 0.8184096 0.954854 0.8184096 0.954854 0.8331149 0.954854 0.7448869 0.9223099 0.7448783 0.9223099 0.7595847 0.9223099 0.7155527 0.9082802 0.7155422 0.9082802 0.7008351 0.4610732 0.9286237 0.4618137 0.931957 0.473573 0.931957 0.4862585 0.9343644 0.4743135 0.9286237 0.473573 0.931957 0.9921415 0.7595883 0.9921415 0.744883 0.954854 0.744883 0.9921415 0.8772309 0.9921415 0.8625256 0.954854 0.8625256 0.9223099 0.8037055 0.9082802 0.8037109 0.9082802 0.7890037 0.4945912 0.9447348 0.4862585 0.9343644 0.484128 0.9370497 0.9223099 0.8478226 0.9223099 0.8625288 0.954854 0.862536 0.9223099 0.7889973 0.954854 0.7890052 0.954854 0.7742992 0.9223099 0.7448783 0.954854 0.7448869 0.954854 0.7301806 0.9921415 0.744883 0.9921415 0.7301775 0.954854 0.7301775 0.9082802 0.7742968 0.9223099 0.7742965 0.9223099 0.789001 0.9223099 0.8331163 0.954854 0.8331237 0.954854 0.8184176 0.954854 0.759593 0.9223099 0.7595847 0.9223099 0.7742909 0.9921415 0.6861354 0.954854 0.6861354 0.954854 0.7008408 0.9921415 0.8625256 0.9921415 0.8478203 0.954854 0.8478203 0.9223099 0.6861436 0.9082802 0.6861279 0.9082802 0.6714208 0.9223099 0.7301722 0.954854 0.7301806 0.954854 0.7155485 0.9921415 0.7595883 0.954854 0.7595883 0.954854 0.7742937 0.4490357 0.9343644 0.4511654 0.9370497 0.4618137 0.931957 0.4862585 0.9810311 0.484128 0.9783459 0.473573 0.9834386 0.9921415 0.8184096 0.9921415 0.8037043 0.954854 0.8037043 0.440795 0.9447348 0.443851 0.9462164 0.4511654 0.9370497 0.4451099 0.9468633 0.4520657 0.9772839 0.4620826 0.9821066 0.4620826 0.9332298 0.4520657 0.9381452 0.4620826 0.9821066 0.4732118 0.9332298 0.4620826 0.9332298 0.4732118 0.9821066 0.483321 0.9381452 0.4732118 0.9332298 0.483321 0.9772839 0.4927812 0.9577146 0.4902766 0.9468633 0.483321 0.9381452 0.9223099 0.8625234 0.9082802 0.8625393 0.9082802 0.8478323 0.4490357 0.9810311 0.4610732 0.986772 0.4618137 0.9834386 0.9921415 0.7742937 0.954854 0.7742937 0.954854 0.788999 0.9082802 0.8331251 0.9223099 0.8331144 0.9223099 0.8478189 0.4426055 0.9577146 0.4451099 0.9685658 0.4520657 0.9772839 0.4426055 0.9577146 0.4451099 0.9685658 0.4520657 0.9772839 0.9082802 0.8478323 0.9082802 0.8331251 0.9223099 0.8331144 0.9921415 0.7742937 0.954854 0.7742937 0.954854 0.788999 0.4490357 0.9810311 0.4610732 0.986772 0.4618137 0.9834386 0.9223099 0.8478189 0.9223099 0.8625234 0.9082802 0.8625393 0.440795 0.9447348 0.443851 0.9462164 0.4511654 0.9370497 0.9921415 0.8331149 0.954854 0.8331149 0.954854 0.8478203 0.954854 0.8037114 0.954854 0.7890052 0.9223099 0.7889973 0.9223099 0.7008334 0.954854 0.7008424 0.954854 0.6861363 0.954854 0.8772421 0.954854 0.862536 0.9223099 0.8625288 0.9082802 0.8772464 0.9082802 0.8625393 0.9223099 0.8625234 0.9223099 0.6861436 0.9223099 0.7008482 0.9082802 0.7008351 0.497555 0.9576978 0.4941285 0.9576978 0.4914434 0.9691793 0.4378324 0.9576978 0.4412582 0.9576978 0.443851 0.9462164 0.9921415 0.7008408 0.954854 0.7008408 0.954854 0.715546 0.9223099 0.7742965 0.9082802 0.7742968 0.9082802 0.7595896 0.9921415 0.788999 0.954854 0.788999 0.954854 0.8037043 0.9921415 0.6861354 0.9921415 0.67143 0.954854 0.67143 0.954854 0.7008424 0.9223099 0.7008334 0.9223099 0.7155397 0.4743135 0.986772 0.473573 0.9834386 0.4618137 0.9834386 0.4945912 0.9447348 0.4914434 0.9462164 0.4941285 0.9576978 0.4378324 0.9576978 0.440795 0.9706608 0.443851 0.9691793 0.440795 0.9706608 0.4490357 0.9810311 0.4511654 0.9783459 0.4945912 0.9706608 0.4914434 0.9691793 0.484128 0.9783459 0.9223099 0.6714208 0.9223099 0.6861271 0.954854 0.6861363 0.9921415 0.7155461 0.954854 0.715546 0.954854 0.7301775 0.9223099 0.7301831 0.9082802 0.7301754 0.9082802 0.7155422 0.9223099 0.7448877 0.9082802 0.7448825 0.9082802 0.7301754 0.9223099 0.7595922 0.9082802 0.7595896 0.9082802 0.7448825 0.9082802 0.818418 0.9223099 0.8184099 0.9223099 0.8331144 0.9082802 0.8037109 0.9223099 0.8037055 0.9223099 0.8184099 0.954854 0.8037114 0.9223099 0.8037037 0.9223099 0.8184099 0.954854 0.8478297 0.954854 0.8331237 0.9223099 0.8331163 0.9921415 0.8184096 0.954854 0.8184096 0.954854 0.8331149 0.954854 0.7448869 0.9223099 0.7448783 0.9223099 0.7595847 0.9223099 0.7155527 0.9082802 0.7155422 0.9082802 0.7008351 0.4743135 0.9286237 0.4610732 0.9286237 0.4618137 0.931957 0.4862585 0.9343644 0.4743135 0.9286237 0.473573 0.931957 0.9921415 0.7595883 0.9921415 0.744883 0.954854 0.744883 0.9921415 0.8772309 0.9921415 0.8625256 0.954854 0.8625256 0.9223099 0.8037055 0.9082802 0.8037109 0.9082802 0.7890037 0.4945912 0.9447348 0.4862585 0.9343644 0.484128 0.9370497 0.9223099 0.8478226 0.9223099 0.8625288 0.954854 0.862536 0.9223099 0.7889973 0.954854 0.7890052 0.954854 0.7742992 0.9223099 0.7301722 0.9223099 0.7448783 0.954854 0.7448869 0.9921415 0.744883 0.9921415 0.7301775 0.954854 0.7301775 0.9082802 0.7742968 0.9223099 0.7742965 0.9223099 0.789001 0.9223099 0.8331163 0.954854 0.8331237 0.954854 0.8184176 0.954854 0.759593 0.9223099 0.7595847 0.9223099 0.7742909 0.9921415 0.6861354 0.954854 0.6861354 0.954854 0.7008408 0.9921415 0.8625256 0.9921415 0.8478203 0.954854 0.8478203 0.9223099 0.6714393 0.9223099 0.6861436 0.9082802 0.6861279 0.9223099 0.7155397 0.9223099 0.7301722 0.954854 0.7301806 0.9921415 0.7595883 0.954854 0.7595883 0.954854 0.7742937 0.4490357 0.9343644 0.4511654 0.9370497 0.4618137 0.931957 0.4862585 0.9810311 0.484128 0.9783459 0.473573 0.9834386 0.9921415 0.8184096 0.9921415 0.8037043 0.954854 0.8037043 0.4451099 0.9468633 0.4520657 0.9772839 0.4620826 0.9821066 0.4620826 0.9332298 0.4520657 0.9381452 0.4620826 0.9821066 0.4732118 0.9332298 0.4620826 0.9332298 0.4732118 0.9821066 0.483321 0.9381452 0.4732118 0.9332298 0.483321 0.9772839 0.4927812 0.9577146 0.4902766 0.9468633 0.483321 0.9381452 0.4520657 0.9772839 0.4451099 0.9685658 0.4426055 0.9577146 0.9223099 0.8478189 0.9223099 0.8331144 0.9082802 0.8331251 0.954854 0.788999 0.954854 0.7742937 0.9921415 0.7742937 0.4490357 0.9810311 0.4511654 0.9783459 0.4618137 0.9834386 0.9082802 0.8478323 0.9082802 0.8625393 0.9223099 0.8625234 0.4511654 0.9370497 0.443851 0.9462164 0.440795 0.9447348 0.954854 0.8478203 0.954854 0.8331149 0.9921415 0.8331149 0.954854 0.8037114 0.9223099 0.8037037 0.9223099 0.7889973 0.954854 0.6861363 0.954854 0.7008424 0.9223099 0.7008334 0.954854 0.8772421 0.9223099 0.8772351 0.9223099 0.8625288 0.9223099 0.8772278 0.9223099 0.8625234 0.9082802 0.8625393 0.9082802 0.6861279 0.9082802 0.7008351 0.9223099 0.7008482 0.4914434 0.9691793 0.4941285 0.9576978 0.497555 0.9576978 0.443851 0.9462164 0.4412582 0.9576978 0.4378324 0.9576978 0.954854 0.715546 0.954854 0.7008408 0.9921415 0.7008408 0.9082802 0.7595896 0.9082802 0.7742968 0.9223099 0.7742965 0.954854 0.8037043 0.954854 0.788999 0.9921415 0.788999 0.9921415 0.6861354 0.954854 0.6861354 0.954854 0.67143 0.954854 0.7155485 0.9223099 0.7155397 0.9223099 0.7008334 0.4610732 0.986772 0.4618137 0.9834386 0.473573 0.9834386 0.4941285 0.9576978 0.4914434 0.9462164 0.4945912 0.9447348 0.4378324 0.9576978 0.4412582 0.9576978 0.443851 0.9691793 0.440795 0.9706608 0.443851 0.9691793 0.4511654 0.9783459 0.484128 0.9783459 0.4914434 0.9691793 0.4945912 0.9706608 0.9223099 0.6714208 0.954854 0.67143 0.954854 0.6861363 0.954854 0.7301775 0.954854 0.715546 0.9921415 0.7155461 0.9082802 0.7155422 0.9082802 0.7301754 0.9223099 0.7301831 0.9082802 0.7301754 0.9082802 0.7448825 0.9223099 0.7448877 0.9082802 0.7448825 0.9082802 0.7595896 0.9223099 0.7595922 0.9223099 0.8331144 0.9223099 0.8184099 0.9082802 0.818418 0.9223099 0.8184099 0.9223099 0.8037055 0.9082802 0.8037109 0.9223099 0.8184099 0.9223099 0.8037037 0.954854 0.8037114 0.954854 0.8478297 0.9223099 0.8478226 0.9223099 0.8331163 0.954854 0.8331149 0.954854 0.8184096 0.9921415 0.8184096 0.9223099 0.7595847 0.9223099 0.7448783 0.954854 0.7448869 0.9082802 0.7008351 0.9082802 0.7155422 0.9223099 0.7155527 0.473573 0.931957 0.4618137 0.931957 0.4610732 0.9286237 0.4862585 0.9343644 0.484128 0.9370497 0.473573 0.931957 0.9921415 0.7595883 0.954854 0.7595883 0.954854 0.744883 0.9921415 0.8772309 0.954854 0.8772309 0.954854 0.8625256 0.9082802 0.7890037 0.9082802 0.8037109 0.9223099 0.8037055 0.4945912 0.9447348 0.4914434 0.9462164 0.484128 0.9370497 0.9223099 0.8478226 0.954854 0.8478297 0.954854 0.862536 0.954854 0.7742992 0.954854 0.7890052 0.9223099 0.7889973 0.954854 0.7301806 0.954854 0.7448869 0.9223099 0.7448783 0.9921415 0.744883 0.954854 0.744883 0.954854 0.7301775 0.9223099 0.789001 0.9223099 0.7742965 0.9082802 0.7742968 0.954854 0.8184176 0.954854 0.8331237 0.9223099 0.8331163 0.9223099 0.7742909 0.9223099 0.7595847 0.954854 0.759593 0.954854 0.7008408 0.954854 0.6861354 0.9921415 0.6861354 0.9921415 0.8625256 0.954854 0.8625256 0.954854 0.8478203 0.9082802 0.6714208 0.9082802 0.6861279 0.9223099 0.6861436 0.954854 0.7155485 0.954854 0.7301806 0.9223099 0.7301722 0.954854 0.7742937 0.954854 0.7595883 0.9921415 0.7595883 0.4618137 0.931957 0.4511654 0.9370497 0.4490357 0.9343644 0.473573 0.9834386 0.484128 0.9783459 0.4862585 0.9810311 0.9921415 0.8184096 0.954854 0.8184096 0.954854 0.8037043 0.4620826 0.9821066 0.4520657 0.9772839 0.4451099 0.9468633 0.4620826 0.9332298 0.4732118 0.9821066 0.4620826 0.9821066 0.4732118 0.9821066 0.4620826 0.9332298 0.4732118 0.9332298 0.483321 0.9772839 0.4732118 0.9332298 0.483321 0.9381452 0.4927812 0.9577146 0.4902766 0.9685658 0.483321 0.9381452 0.4520657 0.9772839 0.4451099 0.9685658 0.4426055 0.9577146 0.9223099 0.8478189 0.9223099 0.8331144 0.9082802 0.8331251 0.954854 0.788999 0.954854 0.7742937 0.9921415 0.7742937 0.4490357 0.9810311 0.4511654 0.9783459 0.4618137 0.9834386 0.9082802 0.8478323 0.9082802 0.8625393 0.9223099 0.8625234 0.4511654 0.9370497 0.443851 0.9462164 0.440795 0.9447348 0.954854 0.8478203 0.954854 0.8331149 0.9921415 0.8331149 0.954854 0.8037114 0.9223099 0.8037037 0.9223099 0.7889973 0.954854 0.6861363 0.954854 0.7008424 0.9223099 0.7008334 0.954854 0.8772421 0.9223099 0.8772351 0.9223099 0.8625288 0.9223099 0.8772278 0.9223099 0.8625234 0.9082802 0.8625393 0.9082802 0.6861279 0.9082802 0.7008351 0.9223099 0.7008482 0.4914434 0.9691793 0.4941285 0.9576978 0.497555 0.9576978 0.443851 0.9462164 0.4412582 0.9576978 0.4378324 0.9576978 0.954854 0.715546 0.954854 0.7008408 0.9921415 0.7008408 0.9082802 0.7595896 0.9082802 0.7742968 0.9223099 0.7742965 0.954854 0.8037043 0.954854 0.788999 0.9921415 0.788999 0.9921415 0.6861354 0.954854 0.6861354 0.954854 0.67143 0.954854 0.7155485 0.9223099 0.7155397 0.9223099 0.7008334 0.4610732 0.986772 0.4618137 0.9834386 0.473573 0.9834386 0.4941285 0.9576978 0.4914434 0.9462164 0.4945912 0.9447348 0.4378324 0.9576978 0.4412582 0.9576978 0.443851 0.9691793 0.440795 0.9706608 0.443851 0.9691793 0.4511654 0.9783459 0.484128 0.9783459 0.4914434 0.9691793 0.4945912 0.9706608 0.9223099 0.6714208 0.954854 0.67143 0.954854 0.6861363 0.954854 0.7301775 0.954854 0.715546 0.9921415 0.7155461 0.9082802 0.7155422 0.9082802 0.7301754 0.9223099 0.7301831 0.9082802 0.7301754 0.9082802 0.7448825 0.9223099 0.7448877 0.9082802 0.7448825 0.9082802 0.7595896 0.9223099 0.7595922 0.9223099 0.8331144 0.9223099 0.8184099 0.9082802 0.818418 0.9223099 0.8184099 0.9223099 0.8037055 0.9082802 0.8037109 0.9223099 0.8184099 0.9223099 0.8037037 0.954854 0.8037114 0.954854 0.8478297 0.9223099 0.8478226 0.9223099 0.8331163 0.954854 0.8331149 0.954854 0.8184096 0.9921415 0.8184096 0.9223099 0.7595847 0.9223099 0.7448783 0.954854 0.7448869 0.9082802 0.7008351 0.9082802 0.7155422 0.9223099 0.7155527 0.473573 0.931957 0.4618137 0.931957 0.4610732 0.9286237 0.4862585 0.9343644 0.484128 0.9370497 0.473573 0.931957 0.9921415 0.7595883 0.954854 0.7595883 0.954854 0.744883 0.9921415 0.8772309 0.954854 0.8772309 0.954854 0.8625256 0.9082802 0.7890037 0.9082802 0.8037109 0.9223099 0.8037055 0.4945912 0.9447348 0.4914434 0.9462164 0.484128 0.9370497 0.9223099 0.8478226 0.954854 0.8478297 0.954854 0.862536 0.954854 0.7742992 0.954854 0.7890052 0.9223099 0.7889973 0.954854 0.7301806 0.954854 0.7448869 0.9223099 0.7448783 0.9921415 0.744883 0.954854 0.744883 0.954854 0.7301775 0.9223099 0.789001 0.9223099 0.7742965 0.9082802 0.7742968 0.954854 0.8184176 0.954854 0.8331237 0.9223099 0.8331163 0.9223099 0.7742909 0.9223099 0.7595847 0.954854 0.759593 0.954854 0.7008408 0.954854 0.6861354 0.9921415 0.6861354 0.9921415 0.8625256 0.954854 0.8625256 0.954854 0.8478203 0.9082802 0.6714208 0.9082802 0.6861279 0.9223099 0.6861436 0.954854 0.7155485 0.954854 0.7301806 0.9223099 0.7301722 0.954854 0.7742937 0.954854 0.7595883 0.9921415 0.7595883 0.4618137 0.931957 0.4511654 0.9370497 0.4490357 0.9343644 0.473573 0.9834386 0.484128 0.9783459 0.4862585 0.9810311 0.9921415 0.8184096 0.954854 0.8184096 0.954854 0.8037043 0.4620826 0.9821066 0.4520657 0.9772839 0.4451099 0.9468633 0.4620826 0.9332298 0.4732118 0.9821066 0.4620826 0.9821066 0.4732118 0.9821066 0.4620826 0.9332298 0.4732118 0.9332298 0.483321 0.9772839 0.4732118 0.9332298 0.483321 0.9381452 0.4927812 0.9577146 0.4902766 0.9685658 0.483321 0.9381452</float_array>
          <technique_common>
            <accessor source="#Engines_med-mesh-map-0-array" count="4092" stride="2">
              <param name="S" type="float"/>
              <param name="T" type="float"/>
            </accessor>
          </technique_common>
        </source>
        <vertices id="Engines_med-mesh-vertices">
          <input semantic="POSITION" source="#Engines_med-mesh-positions"/>
        </vertices>
        <triangles material="fuselage-material" count="1364">
          <input semantic="VERTEX" source="#Engines_med-mesh-vertices" offset="0"/>
          <input semantic="NORMAL" source="#Engines_med-mesh-normals" offset="1"/>
          <input semantic="TEXCOORD" source="#Engines_med-mesh-map-0" offset="2" set="0"/>
          <p>39 0 0 669 1 1 18 2 2 36 3 3 21 4 4 645 5 5 40 6 6 13 6 7 30 6 8 29 7 9 61 8 10 62 9 11 9 10 12 32 10 13 31 10 14 16 11 15 20 12 16 19 13 17 69 14 18 36 3 19 643 15 20 53 16 21 21 4 22 5 17 23 662 18 24 63 18 25 42 18 26 10 19 27 12 19 28 32 19 29 7 20 30 659 21 31 663 22 32 27 23 33 28 24 34 60 25 35 68 26 36 24 27 37 6 28 38 8 29 39 661 30 40 632 31 41 56 32 42 631 33 43 649 34 44 33 35 45 6 28 46 55 36 47 51 37 48 18 2 49 2 38 50 1 39 51 43 40 52 634 41 53 62 9 54 645 5 55 21 4 56 56 32 57 24 27 58 67 42 59 13 10 60 14 10 61 30 10 62 52 43 63 45 43 64 660 43 65 671 10 66 47 10 67 635 10 68 49 10 69 44 10 70 50 10 71 638 10 72 644 10 73 63 10 74 12 44 75 651 44 76 65 44 77 65 45 78 652 45 79 40 45 80 59 46 81 26 47 82 58 48 83 655 10 84 42 10 85 64 10 86 52 10 87 47 10 88 46 10 89 38 49 90 632 31 91 633 50 92 25 51 93 59 46 94 58 48 95 69 14 96 53 16 97 5 17 98 57 52 99 66 53 100 25 51 101 20 12 102 653 54 103 665 55 104 54 56 105 69 14 106 23 57 107 637 10 108 34 10 109 37 10 110 0 58 111 637 58 112 37 58 113 667 59 114 646 60 115 666 61 116 634 41 117 41 62 118 3 63 119 671 64 120 49 64 121 48 64 122 644 65 123 636 65 124 0 65 125 67 42 126 630 66 127 631 33 128 666 61 129 38 49 130 633 50 131 55 36 132 23 57 133 33 35 134 23 57 135 643 15 136 641 67 137 4 68 138 62 9 139 21 4 140 17 69 141 1 39 142 661 30 143 3 63 144 16 11 145 19 13 146 27 23 147 26 47 148 7 20 149 648 70 150 667 59 151 669 1 152 640 71 153 31 71 154 34 71 155 15 72 156 64 72 157 14 72 158 665 55 159 51 37 160 2 38 161 44 73 162 668 73 163 50 73 164 658 74 165 61 8 166 657 75 167 66 53 168 649 34 169 650 76 170 7 20 171 656 77 172 27 23 173 33 35 174 630 66 175 68 26 176 27 23 177 657 75 178 61 8 179 642 78 180 23 57 181 641 67 182 66 53 183 659 21 184 59 46 185 706 79 186 711 79 187 709 79 188 98 80 189 97 81 190 131 82 191 109 83 192 120 84 193 88 85 194 701 10 195 83 10 196 100 10 197 131 82 198 99 86 199 98 80 200 79 10 201 102 10 202 101 10 203 86 87 204 90 88 205 89 89 206 110 90 207 136 91 208 692 92 209 686 93 210 139 94 211 75 95 212 133 96 213 132 97 214 700 98 215 74 99 216 132 97 217 91 100 218 75 95 219 92 101 220 123 102 221 704 10 222 687 10 223 112 10 224 80 10 225 82 10 226 102 10 227 78 103 228 115 104 229 116 105 230 137 106 231 127 107 232 94 108 233 121 109 234 88 85 235 72 110 236 71 111 237 113 112 238 122 113 239 93 114 240 70 115 241 683 116 242 83 10 243 84 10 244 100 10 245 680 10 246 106 10 247 687 10 248 82 117 249 693 117 250 135 117 251 135 10 252 694 10 253 701 10 254 697 10 255 112 10 256 699 10 257 91 100 258 686 93 259 75 95 260 108 118 261 116 105 262 117 119 263 93 114 264 125 120 265 124 121 266 103 122 267 76 123 268 125 120 269 138 124 270 94 108 271 76 123 272 130 125 273 77 126 274 97 81 275 96 127 276 129 128 277 77 126 278 77 126 279 110 90 280 705 129 281 134 130 282 97 81 283 698 131 284 696 132 285 114 133 286 90 88 287 137 106 288 672 134 289 673 135 290 139 94 291 124 121 292 92 101 293 107 10 294 682 10 295 104 10 296 685 10 297 679 10 298 107 10 299 119 136 300 688 137 301 118 138 302 122 113 303 111 139 304 73 140 305 136 91 306 128 141 307 95 142 308 106 143 309 678 143 310 685 143 311 131 82 312 700 98 313 132 97 314 691 144 315 136 91 316 126 145 317 103 122 318 672 134 319 138 124 320 688 137 321 117 119 322 118 138 323 95 142 324 126 145 325 136 91 326 705 129 327 97 81 328 77 126 329 126 145 330 673 135 331 691 144 332 87 146 333 71 111 334 115 104 335 73 140 336 86 87 337 89 89 338 91 100 339 123 102 340 74 99 341 93 114 342 684 147 343 103 122 344 690 148 345 119 136 346 120 84 347 682 10 348 101 10 349 104 10 350 85 10 351 699 10 352 84 10 353 114 133 354 121 109 355 72 110 356 707 149 357 709 149 358 708 149 359 675 150 360 707 150 361 708 150 362 712 151 363 674 151 364 713 151 365 713 10 366 703 10 367 677 10 368 676 10 369 703 10 370 702 10 371 739 10 372 164 10 373 738 10 374 190 10 375 164 10 376 206 10 377 189 152 378 163 152 379 190 152 380 162 150 381 165 150 382 161 150 383 165 149 384 160 149 385 161 149 386 717 153 387 158 154 388 721 155 389 194 10 390 747 10 391 733 10 392 750 10 393 743 10 394 742 10 395 198 156 396 720 157 397 159 158 398 186 159 399 175 160 400 176 161 401 188 162 402 156 163 403 205 164 404 715 165 405 193 166 406 714 167 407 192 168 408 208 169 409 722 170 410 153 171 411 177 172 412 197 173 413 179 174 414 182 175 415 202 176 416 184 177 417 153 171 418 143 178 419 200 179 420 724 180 421 725 181 422 176 161 423 178 182 424 141 183 425 197 173 426 143 178 427 153 171 428 148 184 429 167 185 430 147 186 431 740 187 432 753 187 433 209 187 434 143 178 435 151 141 436 184 177 437 157 188 438 168 189 439 715 165 440 720 157 441 200 179 442 725 181 443 209 10 444 755 10 445 754 10 446 755 10 447 742 10 448 754 10 449 140 190 450 155 191 451 187 192 452 142 193 453 178 182 454 177 172 455 748 194 456 717 153 457 716 195 458 145 196 459 182 175 460 195 197 461 202 176 462 169 198 463 179 174 464 183 199 465 150 200 466 202 176 467 149 201 468 202 176 469 182 175 470 141 183 471 185 202 472 203 203 473 176 161 474 203 203 475 154 204 476 186 159 477 154 204 478 155 191 479 171 205 480 723 206 481 724 180 482 188 162 483 173 207 484 204 208 485 737 10 486 729 10 487 747 10 488 746 10 489 730 10 490 734 10 491 736 117 492 745 117 493 746 117 494 726 10 495 740 10 496 146 10 497 732 10 498 194 10 499 733 10 500 186 159 501 741 209 502 172 210 503 208 169 504 166 211 505 157 188 506 158 154 507 191 212 508 721 155 509 142 193 510 152 107 511 185 202 512 201 213 513 722 170 514 723 206 515 749 10 516 736 10 517 735 10 518 727 10 519 146 10 520 729 10 521 204 208 522 187 192 523 156 163 524 205 164 525 147 186 526 188 162 527 728 214 528 147 186 529 167 185 530 173 207 531 140 190 532 204 208 533 169 198 534 143 178 535 144 215 536 193 166 537 716 195 538 714 167 539 790 10 540 795 10 541 793 10 542 238 216 543 237 217 544 271 218 545 249 219 546 260 220 547 228 221 548 785 222 549 223 222 550 240 222 551 271 218 552 239 223 553 238 216 554 219 10 555 242 10 556 241 10 557 226 224 558 230 225 559 229 226 560 250 227 561 276 228 562 776 229 563 770 230 564 279 231 565 215 232 566 273 233 567 272 234 568 784 235 569 214 236 570 272 234 571 231 237 572 215 232 573 232 238 574 263 239 575 788 240 576 771 240 577 252 240 578 220 10 579 222 10 580 242 10 581 218 241 582 255 242 583 256 243 584 277 244 585 267 245 586 234 246 587 261 247 588 228 221 589 212 248 590 211 249 591 253 250 592 262 251 593 233 252 594 210 253 595 767 254 596 240 10 597 225 10 598 224 10 599 764 10 600 246 10 601 771 10 602 222 255 603 777 255 604 275 255 605 275 256 606 778 256 607 785 256 608 781 10 609 252 10 610 783 10 611 231 237 612 770 230 613 215 232 614 248 257 615 256 243 616 257 258 617 233 252 618 265 259 619 264 260 620 243 261 621 216 262 622 265 259 623 278 263 624 234 246 625 216 262 626 270 264 627 217 265 628 237 217 629 236 266 630 269 267 631 217 265 632 217 265 633 250 227 634 789 268 635 274 269 636 237 217 637 782 270 638 780 271 639 254 272 640 230 225 641 277 244 642 756 273 643 757 274 644 279 231 645 264 260 646 232 238 647 763 10 648 244 10 649 247 10 650 769 10 651 763 10 652 247 10 653 259 275 654 772 276 655 258 277 656 262 251 657 251 278 658 213 279 659 276 228 660 268 280 661 235 281 662 246 282 663 762 282 664 769 282 665 271 218 666 784 235 667 272 234 668 775 283 669 276 228 670 266 284 671 768 285 672 278 263 673 243 261 674 258 277 675 248 257 676 257 258 677 235 281 678 266 284 679 276 228 680 789 268 681 237 217 682 217 265 683 266 284 684 757 274 685 775 283 686 227 286 687 211 249 688 255 242 689 213 279 690 226 224 691 229 226 692 231 237 693 263 239 694 214 236 695 767 254 696 243 261 697 233 252 698 774 287 699 259 275 700 260 220 701 766 10 702 241 10 703 244 10 704 225 10 705 783 10 706 224 10 707 254 272 708 261 247 709 212 248 710 751 10 711 735 10 712 743 10 713 791 288 714 793 288 715 792 288 716 759 289 717 791 289 718 792 289 719 796 10 720 758 10 721 797 10 722 797 290 723 787 290 724 761 290 725 760 10 726 787 10 727 786 10 728 148 184 729 180 291 730 181 292 731 734 10 732 731 10 733 732 10 734 170 293 735 159 158 736 191 212 737 181 292 738 182 175 739 148 184 740 207 294 741 718 294 742 160 294 743 832 295 744 837 295 745 835 295 746 341 296 747 340 297 748 307 298 749 319 299 750 330 300 751 298 301 752 827 302 753 293 302 754 310 302 755 308 303 756 342 304 757 309 305 758 289 10 759 312 10 760 311 10 761 296 306 762 300 307 763 299 308 764 320 309 765 346 310 766 818 311 767 812 312 768 349 313 769 285 314 770 343 315 771 342 304 772 826 316 773 301 317 774 309 305 775 342 304 776 333 318 777 349 313 778 302 319 779 830 320 780 813 320 781 322 320 782 290 10 783 292 10 784 312 10 785 288 321 786 325 322 787 326 323 788 347 324 789 337 325 790 304 326 791 331 327 792 298 301 793 282 328 794 281 329 795 323 330 796 332 331 797 303 332 798 280 333 799 809 334 800 293 10 801 294 10 802 310 10 803 806 10 804 316 10 805 813 10 806 292 335 807 819 335 808 345 335 809 345 336 810 820 336 811 827 336 812 823 337 813 322 337 814 825 337 815 301 317 816 812 312 817 285 314 818 318 338 819 326 323 820 327 339 821 303 332 822 335 340 823 334 341 824 313 342 825 286 343 826 335 340 827 348 344 828 304 326 829 286 343 830 340 297 831 287 345 832 307 298 833 306 346 834 339 347 835 287 345 836 287 345 837 320 309 838 831 348 839 344 349 840 307 298 841 824 350 842 822 351 843 324 352 844 300 307 845 347 324 846 798 353 847 799 354 848 349 313 849 334 341 850 302 319 851 317 10 852 808 10 853 314 10 854 811 10 855 805 10 856 317 10 857 329 355 858 814 356 859 328 357 860 332 331 861 321 358 862 283 359 863 346 310 864 338 360 865 305 361 866 316 362 867 804 362 868 811 362 869 341 296 870 826 316 871 342 304 872 817 363 873 346 310 874 336 364 875 313 342 876 798 353 877 348 344 878 328 357 879 318 338 880 327 339 881 305 361 882 336 364 883 346 310 884 831 348 885 307 298 886 287 345 887 336 364 888 799 354 889 817 363 890 297 365 891 281 329 892 325 322 893 283 359 894 296 306 895 299 308 896 284 366 897 285 314 898 333 318 899 303 332 900 810 367 901 313 342 902 816 368 903 329 355 904 330 300 905 808 10 906 311 10 907 314 10 908 295 369 909 825 369 910 294 369 911 324 352 912 331 327 913 282 328 914 833 370 915 835 370 916 834 370 917 801 10 918 833 10 919 834 10 920 838 371 921 800 371 922 839 371 923 839 10 924 829 10 925 803 10 926 802 372 927 829 372 928 828 372 929 879 10 930 874 10 931 877 10 932 377 373 933 378 374 934 411 375 935 400 376 936 389 377 937 368 378 938 869 10 939 363 10 940 862 10 941 379 379 942 411 375 943 378 374 944 382 380 945 359 380 946 381 380 947 370 381 948 366 382 949 369 383 950 390 384 951 416 385 952 409 386 953 419 387 954 854 388 955 355 389 956 413 390 957 412 391 958 371 392 959 412 391 960 354 393 961 371 392 962 372 394 963 355 389 964 403 395 965 855 396 966 872 396 967 392 396 968 362 10 969 360 10 970 382 10 971 395 397 972 358 398 973 396 399 974 407 400 975 417 401 976 374 402 977 368 378 978 401 403 979 352 404 980 351 405 981 393 406 982 385 407 983 350 408 984 373 409 985 851 410 986 364 10 987 363 10 988 380 10 989 386 10 990 848 10 991 855 10 992 362 10 993 861 10 994 361 10 995 415 411 996 862 411 997 861 411 998 392 10 999 865 10 1000 867 10 1001 371 392 1002 854 388 1003 413 390 1004 396 399 1005 388 412 1006 397 413 1007 405 414 1008 373 409 1009 404 415 1010 356 416 1011 383 417 1012 405 414 1013 374 402 1014 418 418 1015 356 416 1016 357 419 1017 410 420 1018 377 373 1019 409 386 1020 376 421 1021 357 419 1022 390 384 1023 357 419 1024 873 422 1025 414 423 1026 377 373 1027 411 375 1028 394 424 1029 864 425 1030 370 381 1031 840 426 1032 417 401 1033 841 427 1034 404 415 1035 419 387 1036 372 394 1037 387 10 1038 850 10 1039 847 10 1040 853 10 1041 847 10 1042 846 10 1043 399 428 1044 856 429 1045 857 430 1046 402 431 1047 391 432 1048 393 406 1049 408 433 1050 416 385 1051 375 434 1052 386 10 1053 846 10 1054 849 10 1055 411 375 1056 868 435 1057 414 423 1058 416 385 1059 859 436 1060 406 437 1061 383 417 1062 840 426 1063 852 438 1064 397 413 1065 856 429 1066 398 439 1067 406 437 1068 375 434 1069 416 385 1070 377 373 1071 873 422 1072 357 419 1073 841 427 1074 406 437 1075 859 436 1076 351 405 1077 367 440 1078 395 397 1079 353 441 1080 366 382 1081 391 432 1082 403 395 1083 371 392 1084 354 393 1085 373 409 1086 852 438 1087 851 410 1088 399 428 1089 858 442 1090 400 376 1091 381 10 1092 850 10 1093 384 10 1094 867 10 1095 365 10 1096 364 10 1097 394 424 1098 401 403 1099 863 443 1100 877 10 1101 875 10 1102 876 10 1103 843 10 1104 875 10 1105 880 10 1106 842 444 1107 880 444 1108 881 444 1109 871 445 1110 881 445 1111 845 445 1112 844 10 1113 871 10 1114 845 10 1115 907 10 1116 444 10 1117 486 10 1118 444 446 1119 470 446 1120 486 446 1121 443 447 1122 469 447 1123 470 447 1124 442 10 1125 445 10 1126 469 10 1127 440 10 1128 445 10 1129 441 10 1130 885 448 1131 438 449 1132 476 450 1133 915 10 1134 474 10 1135 901 10 1136 911 10 1137 918 10 1138 910 10 1139 888 451 1140 478 452 1141 439 453 1142 466 454 1143 455 455 1144 452 456 1145 436 457 1146 468 458 1147 485 459 1148 883 460 1149 473 461 1150 448 462 1151 488 463 1152 472 464 1153 890 465 1154 457 466 1155 433 467 1156 477 468 1157 462 469 1158 459 470 1159 482 471 1160 433 467 1161 464 472 1162 423 473 1163 892 474 1164 480 475 1165 893 476 1166 456 477 1167 458 478 1168 455 455 1169 423 473 1170 477 468 1171 433 467 1172 428 479 1173 447 480 1174 425 481 1175 908 10 1176 921 10 1177 920 10 1178 431 482 1179 423 473 1180 464 472 1181 437 483 1182 448 462 1183 446 484 1184 888 451 1185 480 475 1186 479 485 1187 489 10 1188 923 10 1189 921 10 1190 910 10 1191 923 10 1192 922 10 1193 435 486 1194 420 487 1195 467 488 1196 458 478 1197 422 489 1198 457 466 1199 885 448 1200 916 490 1201 884 491 1202 425 481 1203 462 469 1204 428 479 1205 449 492 1206 482 471 1207 459 470 1208 430 493 1209 463 494 1210 482 471 1211 482 471 1212 429 495 1213 462 469 1214 465 496 1215 421 497 1216 483 498 1217 483 498 1218 456 477 1219 434 499 1220 434 499 1221 466 454 1222 435 486 1223 891 500 1224 451 501 1225 892 474 1226 468 458 1227 453 502 1228 896 503 1229 897 10 1230 905 10 1231 915 10 1232 914 411 1233 898 411 1234 913 411 1235 904 10 1236 913 10 1237 912 10 1238 908 10 1239 894 10 1240 426 10 1241 900 10 1242 474 10 1243 899 10 1244 909 504 1245 466 454 1246 452 456 1247 488 463 1248 446 484 1249 454 505 1250 471 506 1251 438 449 1252 889 507 1253 432 508 1254 422 489 1255 465 496 1256 890 465 1257 481 509 1258 891 500 1259 904 10 1260 917 10 1261 903 10 1262 426 510 1263 895 510 1264 897 510 1265 467 488 1266 484 511 1267 436 457 1268 427 512 1269 485 459 1270 468 458 1271 896 503 1272 427 512 1273 468 458 1274 420 487 1275 453 502 1276 484 511 1277 449 492 1278 423 473 1279 430 493 1280 884 491 1281 473 461 1282 882 513 1283 963 10 1284 958 10 1285 961 10 1286 517 514 1287 518 515 1288 551 516 1289 540 517 1290 529 518 1291 508 519 1292 953 10 1293 503 10 1294 946 10 1295 519 520 1296 551 516 1297 518 515 1298 522 521 1299 499 521 1300 521 521 1301 510 522 1302 506 523 1303 509 524 1304 530 525 1305 556 526 1306 549 527 1307 559 528 1308 938 529 1309 495 530 1310 553 531 1311 552 532 1312 511 533 1313 552 532 1314 494 534 1315 511 533 1316 512 535 1317 495 530 1318 543 536 1319 939 537 1320 956 537 1321 532 537 1322 502 538 1323 500 538 1324 522 538 1325 535 539 1326 498 540 1327 536 541 1328 547 542 1329 557 543 1330 514 544 1331 508 519 1332 541 545 1333 492 546 1334 491 547 1335 533 548 1336 525 549 1337 490 550 1338 513 551 1339 935 552 1340 520 10 1341 505 10 1342 503 10 1343 526 10 1344 932 10 1345 939 10 1346 502 10 1347 945 10 1348 501 10 1349 555 10 1350 946 10 1351 945 10 1352 532 553 1353 949 553 1354 951 553 1355 511 533 1356 938 529 1357 553 531 1358 536 541 1359 528 554 1360 537 555 1361 545 556 1362 513 551 1363 544 557 1364 496 558 1365 523 559 1366 545 556 1367 514 544 1368 558 560 1369 496 558 1370 497 561 1371 550 562 1372 517 514 1373 549 527 1374 516 563 1375 497 561 1376 530 525 1377 497 561 1378 957 564 1379 554 565 1380 517 514 1381 551 516 1382 534 566 1383 948 567 1384 510 522 1385 924 568 1386 557 543 1387 925 569 1388 544 557 1389 559 528 1390 512 535 1391 524 10 1392 931 10 1393 527 10 1394 937 10 1395 931 10 1396 930 10 1397 539 570 1398 940 571 1399 941 572 1400 542 573 1401 531 574 1402 533 548 1403 548 575 1404 556 526 1405 515 576 1406 526 10 1407 930 10 1408 933 10 1409 551 516 1410 952 577 1411 554 565 1412 556 526 1413 943 578 1414 546 579 1415 558 560 1416 936 580 1417 523 559 1418 538 581 1419 528 554 1420 940 571 1421 546 579 1422 515 576 1423 556 526 1424 517 514 1425 957 564 1426 497 561 1427 925 569 1428 546 579 1429 943 578 1430 491 547 1431 507 582 1432 535 539 1433 493 583 1434 506 523 1435 531 574 1436 543 536 1437 511 533 1438 494 534 1439 523 559 1440 935 552 1441 513 551 1442 539 570 1443 942 584 1444 540 517 1445 521 10 1446 934 10 1447 524 10 1448 951 585 1449 505 585 1450 504 585 1451 534 566 1452 541 545 1453 947 586 1454 903 587 1455 919 587 1456 911 587 1457 961 10 1458 959 10 1459 960 10 1460 927 10 1461 959 10 1462 964 10 1463 926 10 1464 964 10 1465 965 10 1466 955 588 1467 965 588 1468 929 588 1469 928 589 1470 955 589 1471 929 589 1472 460 590 1473 428 479 1474 461 591 1475 902 10 1476 899 10 1477 898 10 1478 439 453 1479 450 592 1480 471 506 1481 462 469 1482 461 591 1483 428 479 1484 886 10 1485 487 10 1486 440 10 1487 1005 593 1488 1000 593 1489 1003 593 1490 621 594 1491 620 595 1492 588 596 1493 610 597 1494 599 598 1495 578 599 1496 995 600 1497 573 600 1498 988 600 1499 588 596 1500 622 601 1501 621 594 1502 592 602 1503 569 602 1504 591 602 1505 580 603 1506 576 604 1507 579 605 1508 600 606 1509 626 607 1510 619 608 1511 629 609 1512 980 610 1513 565 611 1514 623 612 1515 622 601 1516 581 613 1517 581 613 1518 589 614 1519 564 615 1520 613 616 1521 629 609 1522 565 611 1523 981 617 1524 998 617 1525 602 617 1526 572 618 1527 570 618 1528 592 618 1529 605 619 1530 568 620 1531 606 621 1532 617 622 1533 627 623 1534 584 624 1535 578 599 1536 611 625 1537 562 626 1538 561 627 1539 603 628 1540 595 629 1541 560 630 1542 583 631 1543 977 632 1544 574 10 1545 573 10 1546 590 10 1547 596 10 1548 974 10 1549 981 10 1550 572 10 1551 987 10 1552 571 10 1553 625 633 1554 988 633 1555 987 633 1556 602 634 1557 991 634 1558 993 634 1559 581 613 1560 980 610 1561 623 612 1562 606 621 1563 598 635 1564 607 636 1565 615 637 1566 583 631 1567 614 638 1568 566 639 1569 593 640 1570 615 637 1571 584 624 1572 628 641 1573 566 639 1574 567 642 1575 620 595 1576 587 643 1577 619 608 1578 586 644 1579 567 642 1580 600 606 1581 567 642 1582 999 645 1583 624 646 1584 587 643 1585 621 594 1586 604 647 1587 990 648 1588 580 603 1589 966 649 1590 627 623 1591 967 650 1592 614 638 1593 629 609 1594 582 651 1595 597 10 1596 976 10 1597 973 10 1598 979 10 1599 973 10 1600 972 10 1601 609 652 1602 982 653 1603 983 654 1604 612 655 1605 601 656 1606 603 628 1607 618 657 1608 626 607 1609 585 658 1610 596 10 1611 972 10 1612 975 10 1613 621 594 1614 994 659 1615 624 646 1616 626 607 1617 985 660 1618 616 661 1619 593 640 1620 966 649 1621 978 662 1622 608 663 1623 598 635 1624 982 653 1625 616 661 1626 585 658 1627 626 607 1628 587 643 1629 999 645 1630 567 642 1631 967 650 1632 616 661 1633 985 660 1634 561 627 1635 577 664 1636 605 619 1637 563 665 1638 576 604 1639 601 656 1640 564 615 1641 565 611 1642 581 613 1643 583 631 1644 978 662 1645 977 632 1646 609 652 1647 984 666 1648 610 597 1649 591 10 1650 976 10 1651 594 10 1652 993 667 1653 575 667 1654 574 667 1655 604 647 1656 611 625 1657 989 668 1658 1003 669 1659 1001 669 1660 1002 669 1661 969 10 1662 1001 10 1663 1006 10 1664 968 670 1665 1006 670 1666 1007 670 1667 997 671 1668 1007 671 1669 971 671 1670 970 10 1671 997 10 1672 971 10 1673 1112 672 1674 1117 672 1675 1115 672 1676 1036 673 1677 1035 674 1678 1069 675 1679 1047 676 1680 1058 677 1681 1026 678 1682 1107 679 1683 1021 679 1684 1038 679 1685 1069 675 1686 1037 680 1687 1036 673 1688 1017 10 1689 1040 10 1690 1039 10 1691 1024 681 1692 1028 682 1693 1027 683 1694 1048 684 1695 1074 685 1696 1098 686 1697 1092 687 1698 1077 688 1699 1013 689 1700 1071 690 1701 1070 691 1702 1106 692 1703 1012 693 1704 1070 691 1705 1029 694 1706 1013 689 1707 1030 695 1708 1061 696 1709 1110 697 1710 1093 697 1711 1050 697 1712 1018 10 1713 1020 10 1714 1040 10 1715 1016 698 1716 1053 699 1717 1054 700 1718 1075 701 1719 1065 702 1720 1032 703 1721 1059 704 1722 1026 678 1723 1010 705 1724 1009 706 1725 1051 707 1726 1060 708 1727 1089 709 1728 1077 688 1729 1008 710 1730 1038 10 1731 1023 10 1732 1022 10 1733 1086 10 1734 1044 10 1735 1093 10 1736 1020 711 1737 1099 711 1738 1073 711 1739 1073 712 1740 1100 712 1741 1107 712 1742 1103 713 1743 1050 713 1744 1105 713 1745 1029 694 1746 1092 687 1747 1013 689 1748 1046 714 1749 1054 700 1750 1055 715 1751 1031 716 1752 1063 717 1753 1062 260 1754 1041 718 1755 1014 719 1756 1063 717 1757 1076 720 1758 1032 703 1759 1014 719 1760 1068 721 1761 1015 722 1762 1035 674 1763 1034 723 1764 1067 724 1765 1015 722 1766 1015 722 1767 1048 684 1768 1111 725 1769 1072 726 1770 1035 674 1771 1104 727 1772 1102 728 1773 1052 729 1774 1028 682 1775 1075 701 1776 1078 730 1777 1079 731 1778 1077 688 1779 1062 260 1780 1030 695 1781 1085 10 1782 1042 10 1783 1045 10 1784 1091 10 1785 1085 10 1786 1045 10 1787 1057 732 1788 1094 733 1789 1056 734 1790 1060 708 1791 1049 735 1792 1011 736 1793 1074 685 1794 1066 737 1795 1033 738 1796 1044 739 1797 1084 739 1798 1091 739 1799 1069 675 1800 1106 692 1801 1070 691 1802 1097 740 1803 1074 685 1804 1064 741 1805 1090 742 1806 1076 720 1807 1041 718 1808 1056 734 1809 1046 714 1810 1055 715 1811 1033 738 1812 1064 741 1813 1074 685 1814 1111 725 1815 1035 674 1816 1015 722 1817 1064 741 1818 1079 731 1819 1097 740 1820 1025 743 1821 1009 706 1822 1053 699 1823 1011 736 1824 1024 681 1825 1027 683 1826 1029 694 1827 1061 696 1828 1012 693 1829 1089 709 1830 1041 718 1831 1031 716 1832 1096 744 1833 1057 732 1834 1058 677 1835 1088 10 1836 1039 10 1837 1042 10 1838 1023 745 1839 1105 745 1840 1022 745 1841 1052 729 1842 1059 704 1843 1010 705 1844 1113 746 1845 1115 746 1846 1114 746 1847 1081 10 1848 1113 10 1849 1114 10 1850 1118 10 1851 1080 10 1852 1119 10 1853 1119 10 1854 1109 10 1855 1083 10 1856 1082 10 1857 1109 10 1858 1108 10 1859 1224 672 1860 1229 672 1861 1227 672 1862 1148 673 1863 1147 674 1864 1181 747 1865 1159 676 1866 1170 677 1867 1138 678 1868 1219 679 1869 1133 679 1870 1150 679 1871 1181 747 1872 1149 748 1873 1148 673 1874 1129 10 1875 1152 10 1876 1151 10 1877 1136 681 1878 1140 682 1879 1139 683 1880 1160 684 1881 1186 749 1882 1210 686 1883 1204 750 1884 1189 751 1885 1125 752 1886 1183 753 1887 1182 754 1888 1218 755 1889 1124 693 1890 1182 754 1891 1141 756 1892 1125 752 1893 1142 757 1894 1173 758 1895 1222 759 1896 1205 759 1897 1162 759 1898 1130 10 1899 1132 10 1900 1152 10 1901 1128 698 1902 1165 699 1903 1166 700 1904 1187 760 1905 1177 761 1906 1144 762 1907 1171 704 1908 1138 678 1909 1122 705 1910 1121 706 1911 1163 707 1912 1172 708 1913 1201 709 1914 1189 751 1915 1120 710 1916 1150 10 1917 1135 10 1918 1134 10 1919 1198 10 1920 1156 10 1921 1205 10 1922 1132 711 1923 1211 711 1924 1185 711 1925 1185 712 1926 1212 712 1927 1219 712 1928 1215 713 1929 1162 713 1930 1217 713 1931 1141 756 1932 1204 750 1933 1125 752 1934 1158 714 1935 1166 700 1936 1167 715 1937 1143 716 1938 1175 717 1939 1174 260 1940 1153 718 1941 1126 719 1942 1175 717 1943 1188 720 1944 1144 762 1945 1126 719 1946 1180 721 1947 1127 722 1948 1147 674 1949 1146 723 1950 1179 724 1951 1127 722 1952 1127 722 1953 1160 684 1954 1223 725 1955 1184 726 1956 1147 674 1957 1216 727 1958 1214 728 1959 1164 729 1960 1140 682 1961 1187 760 1962 1190 730 1963 1191 763 1964 1189 751 1965 1174 260 1966 1142 757 1967 1197 10 1968 1154 10 1969 1157 10 1970 1203 10 1971 1197 10 1972 1157 10 1973 1169 732 1974 1206 733 1975 1168 734 1976 1172 708 1977 1161 735 1978 1123 736 1979 1186 749 1980 1178 737 1981 1145 764 1982 1156 739 1983 1196 739 1984 1203 739 1985 1181 747 1986 1218 755 1987 1182 754 1988 1209 765 1989 1186 749 1990 1176 766 1991 1202 742 1992 1188 720 1993 1153 718 1994 1168 734 1995 1158 714 1996 1167 715 1997 1145 764 1998 1176 766 1999 1186 749 2000 1223 725 2001 1147 674 2002 1127 722 2003 1176 766 2004 1191 763 2005 1209 765 2006 1137 743 2007 1121 706 2008 1165 699 2009 1123 736 2010 1136 681 2011 1139 683 2012 1141 756 2013 1173 758 2014 1124 693 2015 1201 709 2016 1153 718 2017 1143 716 2018 1208 744 2019 1169 732 2020 1170 677 2021 1200 10 2022 1151 10 2023 1154 10 2024 1135 745 2025 1217 745 2026 1134 745 2027 1164 729 2028 1171 704 2029 1122 705 2030 1225 746 2031 1227 746 2032 1226 746 2033 1193 10 2034 1225 10 2035 1226 10 2036 1230 10 2037 1192 10 2038 1231 10 2039 1231 10 2040 1221 10 2041 1195 10 2042 1194 10 2043 1221 10 2044 1220 10 2045 39 0 2046 648 70 2047 669 1 2048 36 3 2049 5 17 2050 21 4 2051 40 10 2052 652 10 2053 13 10 2054 29 7 2055 28 24 2056 61 8 2057 9 767 2058 10 767 2059 32 767 2060 16 11 2061 654 768 2062 20 12 2063 69 14 2064 5 17 2065 36 3 2066 53 16 2067 4 68 2068 21 4 2069 662 10 2070 638 10 2071 63 10 2072 10 10 2073 11 10 2074 12 10 2075 7 20 2076 59 46 2077 659 21 2078 27 23 2079 61 8 2080 28 24 2081 68 26 2082 67 42 2083 24 27 2084 8 29 2085 17 69 2086 661 30 2087 56 32 2088 67 42 2089 631 33 2090 33 35 2091 68 26 2092 6 28 2093 51 37 2094 39 0 2095 18 2 2096 1 39 2097 35 769 2098 43 40 2099 62 9 2100 658 74 2101 645 5 2102 56 32 2103 57 52 2104 24 27 2105 13 10 2106 15 10 2107 14 10 2108 52 10 2109 46 10 2110 45 10 2111 671 770 2112 48 770 2113 47 770 2114 49 10 2115 670 10 2116 44 10 2117 638 771 2118 639 771 2119 644 771 2120 12 10 2121 11 10 2122 651 10 2123 65 10 2124 651 10 2125 652 10 2126 59 46 2127 7 20 2128 26 47 2129 655 772 2130 662 772 2131 42 772 2132 52 773 2133 635 773 2134 47 773 2135 38 49 2136 8 29 2137 632 31 2138 25 51 2139 66 53 2140 59 46 2141 69 14 2142 22 774 2143 53 16 2144 57 52 2145 56 32 2146 66 53 2147 20 12 2148 654 768 2149 653 54 2150 54 56 2151 22 774 2152 69 14 2153 637 10 2154 640 10 2155 34 10 2156 0 10 2157 636 10 2158 637 10 2159 667 59 2160 647 775 2161 646 60 2162 634 41 2163 43 40 2164 41 62 2165 671 10 2166 670 10 2167 49 10 2168 644 10 2169 639 10 2170 636 10 2171 67 42 2172 68 26 2173 630 66 2174 666 61 2175 646 60 2176 38 49 2177 55 36 2178 54 56 2179 23 57 2180 23 57 2181 69 14 2182 643 15 2183 4 68 2184 29 7 2185 62 9 2186 17 69 2187 35 769 2188 1 39 2189 3 63 2190 41 62 2191 16 11 2192 27 23 2193 60 25 2194 26 47 2195 648 70 2196 647 775 2197 667 59 2198 640 10 2199 9 10 2200 31 10 2201 15 776 2202 655 776 2203 64 776 2204 665 55 2205 653 54 2206 51 37 2207 44 10 2208 664 10 2209 668 10 2210 658 74 2211 62 9 2212 61 8 2213 66 53 2214 56 32 2215 649 34 2216 7 20 2217 663 22 2218 656 77 2219 33 35 2220 642 78 2221 630 66 2222 27 23 2223 656 77 2224 657 75 2225 642 78 2226 33 35 2227 23 57 2228 66 53 2229 650 76 2230 659 21 2231 706 777 2232 710 777 2233 711 777 2234 98 80 2235 130 125 2236 97 81 2237 109 83 2238 690 148 2239 120 84 2240 701 10 2241 694 10 2242 83 10 2243 131 82 2244 132 97 2245 99 86 2246 79 10 2247 80 10 2248 102 10 2249 86 87 2250 696 132 2251 90 88 2252 110 90 2253 129 128 2254 136 91 2255 686 93 2256 70 115 2257 139 94 2258 133 96 2259 91 100 2260 132 97 2261 74 99 2262 99 86 2263 132 97 2264 75 95 2265 139 94 2266 92 101 2267 704 10 2268 680 10 2269 687 10 2270 80 10 2271 81 10 2272 82 10 2273 78 103 2274 87 146 2275 115 104 2276 137 106 2277 126 145 2278 127 107 2279 121 109 2280 109 83 2281 88 85 2282 71 111 2283 105 778 2284 113 112 2285 93 114 2286 139 94 2287 70 115 2288 83 10 2289 85 10 2290 84 10 2291 680 10 2292 681 10 2293 106 10 2294 82 10 2295 81 10 2296 693 10 2297 135 779 2298 693 779 2299 694 779 2300 697 780 2301 704 780 2302 112 780 2303 91 100 2304 133 96 2305 686 93 2306 108 118 2307 78 103 2308 116 105 2309 93 114 2310 103 122 2311 125 120 2312 103 122 2313 138 124 2314 76 123 2315 138 124 2316 137 106 2317 94 108 2318 130 125 2319 96 127 2320 77 126 2321 96 127 2322 128 141 2323 129 128 2324 77 126 2325 129 128 2326 110 90 2327 134 130 2328 131 82 2329 97 81 2330 696 132 2331 695 781 2332 114 133 2333 137 106 2334 138 124 2335 672 134 2336 139 94 2337 93 114 2338 124 121 2339 107 10 2340 679 10 2341 682 10 2342 685 10 2343 678 10 2344 679 10 2345 119 136 2346 689 782 2347 688 137 2348 122 113 2349 113 112 2350 111 139 2351 136 91 2352 129 128 2353 128 141 2354 106 10 2355 681 10 2356 678 10 2357 131 82 2358 134 130 2359 700 98 2360 691 144 2361 692 92 2362 136 91 2363 103 122 2364 684 147 2365 672 134 2366 688 137 2367 108 118 2368 117 119 2369 95 142 2370 127 107 2371 126 145 2372 705 129 2373 698 131 2374 97 81 2375 126 145 2376 137 106 2377 673 135 2378 87 146 2379 105 778 2380 71 111 2381 73 140 2382 111 139 2383 86 87 2384 91 100 2385 75 95 2386 123 102 2387 93 114 2388 683 116 2389 684 147 2390 690 148 2391 689 782 2392 119 136 2393 682 10 2394 79 10 2395 101 10 2396 85 783 2397 697 783 2398 699 783 2399 114 133 2400 695 781 2401 121 109 2402 707 10 2403 706 10 2404 709 10 2405 675 10 2406 712 10 2407 707 10 2408 712 10 2409 675 10 2410 674 10 2411 713 10 2412 674 10 2413 703 10 2414 676 10 2415 677 10 2416 703 10 2417 739 10 2418 206 10 2419 164 10 2420 190 10 2421 163 10 2422 164 10 2423 189 10 2424 162 10 2425 163 10 2426 162 10 2427 189 10 2428 165 10 2429 165 10 2430 207 10 2431 160 10 2432 717 153 2433 196 784 2434 158 154 2435 194 785 2436 737 785 2437 747 785 2438 750 10 2439 751 10 2440 743 10 2441 198 156 2442 199 786 2443 720 157 2444 186 159 2445 172 210 2446 175 160 2447 188 162 2448 204 208 2449 156 163 2450 715 165 2451 168 189 2452 193 166 2453 192 168 2454 174 787 2455 208 169 2456 153 171 2457 142 193 2458 177 172 2459 179 174 2460 195 197 2461 182 175 2462 184 177 2463 152 107 2464 153 171 2465 200 179 2466 171 205 2467 724 180 2468 176 161 2469 175 160 2470 178 182 2471 197 173 2472 144 215 2473 143 178 2474 148 184 2475 145 196 2476 167 185 2477 740 10 2478 752 10 2479 753 10 2480 143 178 2481 150 200 2482 151 141 2483 157 188 2484 166 211 2485 168 189 2486 720 157 2487 199 786 2488 200 179 2489 209 10 2490 753 10 2491 755 10 2492 755 10 2493 750 10 2494 742 10 2495 140 190 2496 186 159 2497 155 191 2498 142 193 2499 141 183 2500 178 182 2501 748 194 2502 196 784 2503 717 153 2504 145 196 2505 148 184 2506 182 175 2507 202 176 2508 150 200 2509 169 198 2510 183 199 2511 151 141 2512 150 200 2513 149 201 2514 183 199 2515 202 176 2516 141 183 2517 142 193 2518 185 202 2519 176 161 2520 141 183 2521 203 203 2522 186 159 2523 176 161 2524 154 204 2525 171 205 2526 201 213 2527 723 206 2528 188 162 2529 728 214 2530 173 207 2531 737 788 2532 727 788 2533 729 788 2534 746 779 2535 745 779 2536 730 779 2537 736 10 2538 744 10 2539 745 10 2540 726 10 2541 752 10 2542 740 10 2543 732 10 2544 731 10 2545 194 10 2546 186 159 2547 140 190 2548 741 209 2549 208 169 2550 174 787 2551 166 211 2552 158 154 2553 170 293 2554 191 212 2555 142 193 2556 153 171 2557 152 107 2558 201 213 2559 192 168 2560 722 170 2561 749 10 2562 744 10 2563 736 10 2564 727 10 2565 726 10 2566 146 10 2567 204 208 2568 140 190 2569 187 192 2570 205 164 2571 180 291 2572 147 186 2573 728 214 2574 188 162 2575 147 186 2576 173 207 2577 741 209 2578 140 190 2579 169 198 2580 150 200 2581 143 178 2582 193 166 2583 748 194 2584 716 195 2585 790 789 2586 794 789 2587 795 789 2588 238 216 2589 270 264 2590 237 217 2591 249 219 2592 774 287 2593 260 220 2594 785 10 2595 778 10 2596 223 10 2597 271 218 2598 272 234 2599 239 223 2600 219 790 2601 220 790 2602 242 790 2603 226 224 2604 780 271 2605 230 225 2606 250 227 2607 269 267 2608 276 228 2609 770 230 2610 210 253 2611 279 231 2612 273 233 2613 231 237 2614 272 234 2615 214 236 2616 239 223 2617 272 234 2618 215 232 2619 279 231 2620 232 238 2621 788 10 2622 764 10 2623 771 10 2624 220 10 2625 221 10 2626 222 10 2627 218 241 2628 227 286 2629 255 242 2630 277 244 2631 266 284 2632 267 245 2633 261 247 2634 249 219 2635 228 221 2636 211 249 2637 245 791 2638 253 250 2639 233 252 2640 279 231 2641 210 253 2642 240 10 2643 223 10 2644 225 10 2645 764 792 2646 765 792 2647 246 792 2648 222 10 2649 221 10 2650 777 10 2651 275 10 2652 777 10 2653 778 10 2654 781 793 2655 788 793 2656 252 793 2657 231 237 2658 273 233 2659 770 230 2660 248 257 2661 218 241 2662 256 243 2663 233 252 2664 243 261 2665 265 259 2666 243 261 2667 278 263 2668 216 262 2669 278 263 2670 277 244 2671 234 246 2672 270 264 2673 236 266 2674 217 265 2675 236 266 2676 268 280 2677 269 267 2678 217 265 2679 269 267 2680 250 227 2681 274 269 2682 271 218 2683 237 217 2684 780 271 2685 779 794 2686 254 272 2687 277 244 2688 278 263 2689 756 273 2690 279 231 2691 233 252 2692 264 260 2693 763 10 2694 766 10 2695 244 10 2696 769 10 2697 762 10 2698 763 10 2699 259 275 2700 773 795 2701 772 276 2702 262 251 2703 253 250 2704 251 278 2705 276 228 2706 269 267 2707 268 280 2708 246 10 2709 765 10 2710 762 10 2711 271 218 2712 274 269 2713 784 235 2714 775 283 2715 776 229 2716 276 228 2717 768 285 2718 756 273 2719 278 263 2720 258 277 2721 772 276 2722 248 257 2723 235 281 2724 267 245 2725 266 284 2726 789 268 2727 782 270 2728 237 217 2729 266 284 2730 277 244 2731 757 274 2732 227 286 2733 245 791 2734 211 249 2735 213 279 2736 251 278 2737 226 224 2738 231 237 2739 215 232 2740 263 239 2741 767 254 2742 768 285 2743 243 261 2744 774 287 2745 773 795 2746 259 275 2747 766 10 2748 219 10 2749 241 10 2750 225 10 2751 781 10 2752 783 10 2753 254 272 2754 779 794 2755 261 247 2756 751 10 2757 749 10 2758 735 10 2759 791 10 2760 790 10 2761 793 10 2762 759 10 2763 796 10 2764 791 10 2765 796 10 2766 759 10 2767 758 10 2768 797 796 2769 758 796 2770 787 796 2771 760 797 2772 761 797 2773 787 797 2774 148 184 2775 147 186 2776 180 291 2777 734 10 2778 730 10 2779 731 10 2780 170 293 2781 198 156 2782 159 158 2783 181 292 2784 149 201 2785 182 175 2786 207 798 2787 719 798 2788 718 798 2789 832 799 2790 836 799 2791 837 799 2792 341 296 2793 308 303 2794 340 297 2795 319 299 2796 816 368 2797 330 300 2798 827 800 2799 820 800 2800 293 800 2801 308 303 2802 341 296 2803 342 304 2804 289 801 2805 290 801 2806 312 801 2807 296 306 2808 822 351 2809 300 307 2810 320 309 2811 339 347 2812 346 310 2813 812 312 2814 280 333 2815 349 313 2816 343 315 2817 301 317 2818 342 304 2819 301 317 2820 284 366 2821 309 305 2822 333 318 2823 285 314 2824 349 313 2825 830 10 2826 806 10 2827 813 10 2828 290 10 2829 291 10 2830 292 10 2831 288 321 2832 297 365 2833 325 322 2834 347 324 2835 336 364 2836 337 325 2837 331 327 2838 319 299 2839 298 301 2840 281 329 2841 315 802 2842 323 330 2843 303 332 2844 349 313 2845 280 333 2846 293 10 2847 295 10 2848 294 10 2849 806 803 2850 807 803 2851 316 803 2852 292 10 2853 291 10 2854 819 10 2855 345 804 2856 819 804 2857 820 804 2858 823 805 2859 830 805 2860 322 805 2861 301 317 2862 343 315 2863 812 312 2864 318 338 2865 288 321 2866 326 323 2867 303 332 2868 313 342 2869 335 340 2870 313 342 2871 348 344 2872 286 343 2873 348 344 2874 347 324 2875 304 326 2876 340 297 2877 306 346 2878 287 345 2879 306 346 2880 338 360 2881 339 347 2882 287 345 2883 339 347 2884 320 309 2885 344 349 2886 341 296 2887 307 298 2888 822 351 2889 821 806 2890 324 352 2891 347 324 2892 348 344 2893 798 353 2894 349 313 2895 303 332 2896 334 341 2897 317 10 2898 805 10 2899 808 10 2900 811 10 2901 804 10 2902 805 10 2903 329 355 2904 815 807 2905 814 356 2906 332 331 2907 323 330 2908 321 358 2909 346 310 2910 339 347 2911 338 360 2912 316 10 2913 807 10 2914 804 10 2915 341 296 2916 344 349 2917 826 316 2918 817 363 2919 818 311 2920 346 310 2921 313 342 2922 810 367 2923 798 353 2924 328 357 2925 814 356 2926 318 338 2927 305 361 2928 337 325 2929 336 364 2930 831 348 2931 824 350 2932 307 298 2933 336 364 2934 347 324 2935 799 354 2936 297 365 2937 315 802 2938 281 329 2939 283 359 2940 321 358 2941 296 306 2942 284 366 2943 301 317 2944 285 314 2945 303 332 2946 809 334 2947 810 367 2948 816 368 2949 815 807 2950 329 355 2951 808 808 2952 289 808 2953 311 808 2954 295 809 2955 823 809 2956 825 809 2957 324 352 2958 821 806 2959 331 327 2960 833 810 2961 832 810 2962 835 810 2963 801 10 2964 838 10 2965 833 10 2966 838 10 2967 801 10 2968 800 10 2969 839 811 2970 800 811 2971 829 811 2972 802 10 2973 803 10 2974 829 10 2975 879 812 2976 878 812 2977 874 812 2978 377 373 2979 410 420 2980 378 374 2981 400 376 2982 858 442 2983 389 377 2984 869 10 2985 380 10 2986 363 10 2987 379 379 2988 412 391 2989 411 375 2990 382 10 2991 360 10 2992 359 10 2993 370 381 2994 864 425 2995 366 382 2996 390 384 2997 860 813 2998 416 385 2999 419 387 3000 350 408 3001 854 388 3002 413 390 3003 868 435 3004 412 391 3005 412 391 3006 379 379 3007 354 393 3008 372 394 3009 419 387 3010 355 389 3011 855 10 3012 848 10 3013 872 10 3014 362 10 3015 361 10 3016 360 10 3017 395 397 3018 367 440 3019 358 398 3020 407 400 3021 406 437 3022 417 401 3023 368 378 3024 389 377 3025 401 403 3026 351 405 3027 402 431 3028 393 406 3029 350 408 3030 419 387 3031 373 409 3032 364 10 3033 365 10 3034 363 10 3035 386 10 3036 849 10 3037 848 10 3038 362 814 3039 415 814 3040 861 814 3041 415 10 3042 869 10 3043 862 10 3044 392 815 3045 872 815 3046 865 815 3047 371 392 3048 355 389 3049 854 388 3050 396 399 3051 358 398 3052 388 412 3053 405 414 3054 383 417 3055 373 409 3056 356 416 3057 418 418 3058 383 417 3059 374 402 3060 417 401 3061 418 418 3062 357 419 3063 376 421 3064 410 420 3065 409 386 3066 408 433 3067 376 421 3068 390 384 3069 409 386 3070 357 419 3071 414 423 3072 866 816 3073 377 373 3074 394 424 3075 863 443 3076 864 425 3077 840 426 3078 418 418 3079 417 401 3080 404 415 3081 373 409 3082 419 387 3083 387 10 3084 384 10 3085 850 10 3086 853 10 3087 387 10 3088 847 10 3089 399 428 3090 398 439 3091 856 429 3092 402 431 3093 353 441 3094 391 432 3095 408 433 3096 409 386 3097 416 385 3098 386 817 3099 853 817 3100 846 817 3101 411 375 3102 412 391 3103 868 435 3104 416 385 3105 860 813 3106 859 436 3107 383 417 3108 418 418 3109 840 426 3110 397 413 3111 388 412 3112 856 429 3113 406 437 3114 407 400 3115 375 434 3116 377 373 3117 866 816 3118 873 422 3119 841 427 3120 417 401 3121 406 437 3122 351 405 3123 385 407 3124 367 440 3125 353 441 3126 369 383 3127 366 382 3128 403 395 3129 355 389 3130 371 392 3131 373 409 3132 383 417 3133 852 438 3134 399 428 3135 857 430 3136 858 442 3137 381 10 3138 359 10 3139 850 10 3140 867 10 3141 865 10 3142 365 10 3143 394 424 3144 352 404 3145 401 403 3146 877 818 3147 874 818 3148 875 818 3149 843 289 3150 876 289 3151 875 289 3152 842 10 3153 843 10 3154 880 10 3155 871 10 3156 842 10 3157 881 10 3158 844 10 3159 870 10 3160 871 10 3161 907 10 3162 906 10 3163 444 10 3164 444 10 3165 443 10 3166 470 10 3167 443 10 3168 442 10 3169 469 10 3170 442 289 3171 441 289 3172 445 289 3173 440 818 3174 487 818 3175 445 818 3176 885 448 3177 889 507 3178 438 449 3179 915 10 3180 905 10 3181 474 10 3182 911 10 3183 919 10 3184 918 10 3185 888 451 3186 479 485 3187 478 452 3188 466 454 3189 456 477 3190 455 455 3191 436 457 3192 484 511 3193 468 458 3194 883 460 3195 882 513 3196 473 461 3197 488 463 3198 454 505 3199 472 464 3200 457 466 3201 422 489 3202 433 467 3203 462 469 3204 475 819 3205 459 470 3206 433 467 3207 432 508 3208 464 472 3209 892 474 3210 451 501 3211 480 475 3212 456 477 3213 421 497 3214 458 478 3215 423 473 3216 424 820 3217 477 468 3218 428 479 3219 427 512 3220 447 480 3221 908 821 3222 489 821 3223 921 821 3224 431 482 3225 430 493 3226 423 473 3227 437 483 3228 883 460 3229 448 462 3230 888 451 3231 893 476 3232 480 475 3233 489 10 3234 922 10 3235 923 10 3236 910 10 3237 918 10 3238 923 10 3239 435 486 3240 466 454 3241 420 487 3242 458 478 3243 421 497 3244 422 489 3245 885 448 3246 476 450 3247 916 490 3248 425 481 3249 475 819 3250 462 469 3251 449 492 3252 430 493 3253 482 471 3254 430 493 3255 431 482 3256 463 494 3257 482 471 3258 463 494 3259 429 495 3260 465 496 3261 422 489 3262 421 497 3263 483 498 3264 421 497 3265 456 477 3266 434 499 3267 456 477 3268 466 454 3269 891 500 3270 481 509 3271 451 501 3272 468 458 3273 484 511 3274 453 502 3275 897 822 3276 895 822 3277 905 822 3278 914 10 3279 902 10 3280 898 10 3281 904 814 3282 914 814 3283 913 814 3284 908 10 3285 920 10 3286 894 10 3287 900 10 3288 901 10 3289 474 10 3290 909 504 3291 420 487 3292 466 454 3293 488 463 3294 437 483 3295 446 484 3296 471 506 3297 450 592 3298 438 449 3299 432 508 3300 433 467 3301 422 489 3302 890 465 3303 472 464 3304 481 509 3305 904 10 3306 912 10 3307 917 10 3308 426 10 3309 894 10 3310 895 10 3311 467 488 3312 420 487 3313 484 511 3314 427 512 3315 460 590 3316 485 459 3317 896 503 3318 447 480 3319 427 512 3320 420 487 3321 909 504 3322 453 502 3323 449 492 3324 424 820 3325 423 473 3326 884 491 3327 916 490 3328 473 461 3329 963 777 3330 962 777 3331 958 777 3332 517 514 3333 550 562 3334 518 515 3335 540 517 3336 942 584 3337 529 518 3338 953 823 3339 520 823 3340 503 823 3341 519 520 3342 552 532 3343 551 516 3344 522 10 3345 500 10 3346 499 10 3347 510 522 3348 948 567 3349 506 523 3350 530 525 3351 944 824 3352 556 526 3353 559 528 3354 490 550 3355 938 529 3356 553 531 3357 952 577 3358 552 532 3359 552 532 3360 519 520 3361 494 534 3362 512 535 3363 559 528 3364 495 530 3365 939 10 3366 932 10 3367 956 10 3368 502 10 3369 501 10 3370 500 10 3371 535 539 3372 507 582 3373 498 540 3374 547 542 3375 546 579 3376 557 543 3377 508 519 3378 529 518 3379 541 545 3380 491 547 3381 542 573 3382 533 548 3383 490 550 3384 559 528 3385 513 551 3386 520 10 3387 504 10 3388 505 10 3389 526 10 3390 933 10 3391 932 10 3392 502 825 3393 555 825 3394 945 825 3395 555 826 3396 953 826 3397 946 826 3398 532 10 3399 956 10 3400 949 10 3401 511 533 3402 495 530 3403 938 529 3404 536 541 3405 498 540 3406 528 554 3407 545 556 3408 523 559 3409 513 551 3410 496 558 3411 558 560 3412 523 559 3413 514 544 3414 557 543 3415 558 560 3416 497 561 3417 516 563 3418 550 562 3419 549 527 3420 548 575 3421 516 563 3422 530 525 3423 549 527 3424 497 561 3425 554 565 3426 950 827 3427 517 514 3428 534 566 3429 947 586 3430 948 567 3431 924 568 3432 558 560 3433 557 543 3434 544 557 3435 513 551 3436 559 528 3437 524 10 3438 934 10 3439 931 10 3440 937 10 3441 527 10 3442 931 10 3443 539 570 3444 538 581 3445 940 571 3446 542 573 3447 493 583 3448 531 574 3449 548 575 3450 549 527 3451 556 526 3452 526 828 3453 937 828 3454 930 828 3455 551 516 3456 552 532 3457 952 577 3458 556 526 3459 944 824 3460 943 578 3461 558 560 3462 924 568 3463 936 580 3464 538 581 3465 537 555 3466 528 554 3467 546 579 3468 547 542 3469 515 576 3470 517 514 3471 950 827 3472 957 564 3473 925 569 3474 557 543 3475 546 579 3476 491 547 3477 525 549 3478 507 582 3479 493 583 3480 509 524 3481 506 523 3482 543 536 3483 495 530 3484 511 533 3485 523 559 3486 936 580 3487 935 552 3488 539 570 3489 941 572 3490 942 584 3491 521 10 3492 499 10 3493 934 10 3494 951 10 3495 949 10 3496 505 10 3497 534 566 3498 492 546 3499 541 545 3500 903 10 3501 917 10 3502 919 10 3503 961 10 3504 958 10 3505 959 10 3506 927 150 3507 960 150 3508 959 150 3509 926 10 3510 927 10 3511 964 10 3512 955 829 3513 926 829 3514 965 829 3515 928 10 3516 954 10 3517 955 10 3518 460 590 3519 427 512 3520 428 479 3521 902 10 3522 900 10 3523 899 10 3524 439 453 3525 478 452 3526 450 592 3527 462 469 3528 429 495 3529 461 591 3530 886 830 3531 887 830 3532 487 830 3533 1005 831 3534 1004 831 3535 1000 831 3536 621 594 3537 587 643 3538 620 595 3539 610 597 3540 984 666 3541 599 598 3542 995 832 3543 590 832 3544 573 832 3545 588 596 3546 589 614 3547 622 601 3548 592 10 3549 570 10 3550 569 10 3551 580 603 3552 990 648 3553 576 604 3554 600 606 3555 986 833 3556 626 607 3557 629 609 3558 560 630 3559 980 610 3560 623 612 3561 994 659 3562 622 601 3563 581 613 3564 622 601 3565 589 614 3566 613 616 3567 582 651 3568 629 609 3569 981 10 3570 974 10 3571 998 10 3572 572 10 3573 571 10 3574 570 10 3575 605 619 3576 577 664 3577 568 620 3578 617 622 3579 616 661 3580 627 623 3581 578 599 3582 599 598 3583 611 625 3584 561 627 3585 612 655 3586 603 628 3587 560 630 3588 629 609 3589 583 631 3590 574 10 3591 575 10 3592 573 10 3593 596 834 3594 975 834 3595 974 834 3596 572 835 3597 625 835 3598 987 835 3599 625 836 3600 995 836 3601 988 836 3602 602 837 3603 998 837 3604 991 837 3605 581 613 3606 565 611 3607 980 610 3608 606 621 3609 568 620 3610 598 635 3611 615 637 3612 593 640 3613 583 631 3614 566 639 3615 628 641 3616 593 640 3617 584 624 3618 627 623 3619 628 641 3620 567 642 3621 586 644 3622 620 595 3623 619 608 3624 618 657 3625 586 644 3626 600 606 3627 619 608 3628 567 642 3629 624 646 3630 992 838 3631 587 643 3632 604 647 3633 989 668 3634 990 648 3635 966 649 3636 628 641 3637 627 623 3638 614 638 3639 583 631 3640 629 609 3641 597 10 3642 594 10 3643 976 10 3644 979 10 3645 597 10 3646 973 10 3647 609 652 3648 608 663 3649 982 653 3650 612 655 3651 563 665 3652 601 656 3653 618 657 3654 619 608 3655 626 607 3656 596 839 3657 979 839 3658 972 839 3659 621 594 3660 622 601 3661 994 659 3662 626 607 3663 986 833 3664 985 660 3665 593 640 3666 628 641 3667 966 649 3668 608 663 3669 607 636 3670 598 635 3671 616 661 3672 617 622 3673 585 658 3674 587 643 3675 992 838 3676 999 645 3677 967 650 3678 627 623 3679 616 661 3680 561 627 3681 595 629 3682 577 664 3683 563 665 3684 579 605 3685 576 604 3686 564 615 3687 613 616 3688 565 611 3689 583 631 3690 593 640 3691 978 662 3692 609 652 3693 983 654 3694 984 666 3695 591 10 3696 569 10 3697 976 10 3698 993 840 3699 991 840 3700 575 840 3701 604 647 3702 562 626 3703 611 625 3704 1003 841 3705 1000 841 3706 1001 841 3707 969 10 3708 1002 10 3709 1001 10 3710 968 10 3711 969 10 3712 1006 10 3713 997 10 3714 968 10 3715 1007 10 3716 970 842 3717 996 842 3718 997 842 3719 1112 10 3720 1116 10 3721 1117 10 3722 1036 673 3723 1068 721 3724 1035 674 3725 1047 676 3726 1096 744 3727 1058 677 3728 1107 10 3729 1100 10 3730 1021 10 3731 1069 675 3732 1070 691 3733 1037 680 3734 1017 843 3735 1018 843 3736 1040 843 3737 1024 681 3738 1102 728 3739 1028 682 3740 1048 684 3741 1067 724 3742 1074 685 3743 1092 687 3744 1008 710 3745 1077 688 3746 1071 690 3747 1029 694 3748 1070 691 3749 1012 693 3750 1037 680 3751 1070 691 3752 1013 689 3753 1077 688 3754 1030 695 3755 1110 10 3756 1086 10 3757 1093 10 3758 1018 10 3759 1019 10 3760 1020 10 3761 1016 698 3762 1025 743 3763 1053 699 3764 1075 701 3765 1064 741 3766 1065 702 3767 1059 704 3768 1047 676 3769 1026 678 3770 1009 706 3771 1043 844 3772 1051 707 3773 1089 709 3774 1031 716 3775 1077 688 3776 1038 10 3777 1021 10 3778 1023 10 3779 1086 845 3780 1087 845 3781 1044 845 3782 1020 10 3783 1019 10 3784 1099 10 3785 1073 10 3786 1099 10 3787 1100 10 3788 1103 846 3789 1110 846 3790 1050 846 3791 1029 694 3792 1071 690 3793 1092 687 3794 1046 714 3795 1016 698 3796 1054 700 3797 1031 716 3798 1041 718 3799 1063 717 3800 1041 718 3801 1076 720 3802 1014 719 3803 1076 720 3804 1075 701 3805 1032 703 3806 1068 721 3807 1034 723 3808 1015 722 3809 1034 723 3810 1066 737 3811 1067 724 3812 1015 722 3813 1067 724 3814 1048 684 3815 1072 726 3816 1069 675 3817 1035 674 3818 1102 728 3819 1101 847 3820 1052 729 3821 1075 701 3822 1076 720 3823 1078 730 3824 1077 688 3825 1031 716 3826 1062 260 3827 1085 10 3828 1088 10 3829 1042 10 3830 1091 10 3831 1084 10 3832 1085 10 3833 1057 732 3834 1095 848 3835 1094 733 3836 1060 708 3837 1051 707 3838 1049 735 3839 1074 685 3840 1067 724 3841 1066 737 3842 1044 10 3843 1087 10 3844 1084 10 3845 1069 675 3846 1072 726 3847 1106 692 3848 1097 740 3849 1098 686 3850 1074 685 3851 1090 742 3852 1078 730 3853 1076 720 3854 1056 734 3855 1094 733 3856 1046 714 3857 1033 738 3858 1065 702 3859 1064 741 3860 1111 725 3861 1104 727 3862 1035 674 3863 1064 741 3864 1075 701 3865 1079 731 3866 1025 743 3867 1043 844 3868 1009 706 3869 1011 736 3870 1049 735 3871 1024 681 3872 1029 694 3873 1013 689 3874 1061 696 3875 1089 709 3876 1090 742 3877 1041 718 3878 1096 744 3879 1095 848 3880 1057 732 3881 1088 10 3882 1017 10 3883 1039 10 3884 1023 10 3885 1103 10 3886 1105 10 3887 1052 729 3888 1101 847 3889 1059 704 3890 1113 849 3891 1112 849 3892 1115 849 3893 1081 10 3894 1118 10 3895 1113 10 3896 1118 10 3897 1081 10 3898 1080 10 3899 1119 850 3900 1080 850 3901 1109 850 3902 1082 10 3903 1083 10 3904 1109 10 3905 1224 10 3906 1228 10 3907 1229 10 3908 1148 673 3909 1180 721 3910 1147 674 3911 1159 676 3912 1208 744 3913 1170 677 3914 1219 10 3915 1212 10 3916 1133 10 3917 1181 747 3918 1182 754 3919 1149 748 3920 1129 843 3921 1130 843 3922 1152 843 3923 1136 681 3924 1214 728 3925 1140 682 3926 1160 684 3927 1179 724 3928 1186 749 3929 1204 750 3930 1120 710 3931 1189 751 3932 1183 753 3933 1141 756 3934 1182 754 3935 1124 693 3936 1149 748 3937 1182 754 3938 1125 752 3939 1189 751 3940 1142 757 3941 1222 10 3942 1198 10 3943 1205 10 3944 1130 10 3945 1131 10 3946 1132 10 3947 1128 698 3948 1137 743 3949 1165 699 3950 1187 760 3951 1176 766 3952 1177 761 3953 1171 704 3954 1159 676 3955 1138 678 3956 1121 706 3957 1155 844 3958 1163 707 3959 1201 709 3960 1143 716 3961 1189 751 3962 1150 10 3963 1133 10 3964 1135 10 3965 1198 845 3966 1199 845 3967 1156 845 3968 1132 10 3969 1131 10 3970 1211 10 3971 1185 10 3972 1211 10 3973 1212 10 3974 1215 846 3975 1222 846 3976 1162 846 3977 1141 756 3978 1183 753 3979 1204 750 3980 1158 714 3981 1128 698 3982 1166 700 3983 1143 716 3984 1153 718 3985 1175 717 3986 1153 718 3987 1188 720 3988 1126 719 3989 1188 720 3990 1187 760 3991 1144 762 3992 1180 721 3993 1146 723 3994 1127 722 3995 1146 723 3996 1178 737 3997 1179 724 3998 1127 722 3999 1179 724 4000 1160 684 4001 1184 726 4002 1181 747 4003 1147 674 4004 1214 728 4005 1213 847 4006 1164 729 4007 1187 760 4008 1188 720 4009 1190 730 4010 1189 751 4011 1143 716 4012 1174 260 4013 1197 10 4014 1200 10 4015 1154 10 4016 1203 10 4017 1196 10 4018 1197 10 4019 1169 732 4020 1207 848 4021 1206 733 4022 1172 708 4023 1163 707 4024 1161 735 4025 1186 749 4026 1179 724 4027 1178 737 4028 1156 10 4029 1199 10 4030 1196 10 4031 1181 747 4032 1184 726 4033 1218 755 4034 1209 765 4035 1210 686 4036 1186 749 4037 1202 742 4038 1190 730 4039 1188 720 4040 1168 734 4041 1206 733 4042 1158 714 4043 1145 764 4044 1177 761 4045 1176 766 4046 1223 725 4047 1216 727 4048 1147 674 4049 1176 766 4050 1187 760 4051 1191 763 4052 1137 743 4053 1155 844 4054 1121 706 4055 1123 736 4056 1161 735 4057 1136 681 4058 1141 756 4059 1125 752 4060 1173 758 4061 1201 709 4062 1202 742 4063 1153 718 4064 1208 744 4065 1207 848 4066 1169 732 4067 1200 10 4068 1129 10 4069 1151 10 4070 1135 10 4071 1215 10 4072 1217 10 4073 1164 729 4074 1213 847 4075 1171 704 4076 1225 849 4077 1224 849 4078 1227 849 4079 1193 10 4080 1230 10 4081 1225 10 4082 1230 10 4083 1193 10 4084 1192 10 4085 1231 850 4086 1192 850 4087 1221 850 4088 1194 10 4089 1195 10 4090 1221 10 4091</p>
        </triangles>
      </mesh>
    </geometry>
    <geometry id="cargo_med-mesh" name="cargo_med">
      <mesh>
        <source id="cargo_med-mesh-positions">
          <float_array id="cargo_med-mesh-positions-array" count="11394">-12.10127 -3.999551 -5.565749 -12.10127 -1.265056 -10.92201 -9.549061 -6.734107 -5.452956 -9.549061 7.497018 -5.452957 -9.636259 7.697665 -10.80922 -3.734451 -1.264757 -9.814527 -4.462286 4.640159 -7.640231 -4.462286 -3.888194 -8.734734 -3.734451 -3.403455 -9.40795 -2.770371 4.249279 -6.944821 -2.770371 4.131286 -9.432088 -2.770371 -3.403455 -9.40795 -4.444644 -3.999552 -11.0348 -4.444644 -3.999552 -16.27827 -4.241185 2.027665 -16.27827 -12.10127 2.016841 -16.27827 -12.32004 2.016841 -16.27827 -4.462286 2.016661 -16.39106 -4.444704 -3.999552 -16.50385 -4.444704 -3.999553 -21.86011 -12.10139 -1.265057 -16.39106 -9.54918 -6.734108 -16.50385 -12.32016 -1.265057 -16.50385 -12.30491 -4.079812 -16.50385 -6.996912 7.497016 -21.86011 -6.996912 7.497016 -16.39106 -9.54912 7.497016 -21.86011 -12.10139 -1.264758 -16.39106 -3.734511 -1.264758 -17.49854 -3.734511 -1.264758 -20.75263 -4.462406 -1.264758 -20.83462 -3.734511 4.558104 -19.65651 -4.462406 3.478312 -17.41649 -3.734511 -2.710082 -20.75263 -4.462406 -2.726409 -17.41649 -2.770491 -3.444982 -17.83059 -2.770491 2.016661 -20.75263 -2.770371 2.016663 0.01609492 -12.10127 -3.999551 0.1288892 -6.996852 -6.734107 0.1288895 -12.30479 -4.07981 0.1288892 -12.32004 -1.265055 0.1288889 -9.549061 7.497018 5.372352 -12.32004 2.016844 5.372357 -4.462286 2.016664 4.459658 -4.462286 2.016664 5.485146 -4.462286 -1.264755 5.485146 -3.734451 4.140783 3.985729 -3.734451 -2.710079 4.377665 -2.770371 4.225827 1.484505 -2.770371 -1.264758 -21.86011 -1.802847 -6.190357 -31.64319 -1.712421 -6.076128 -31.90621 -1.802847 -6.190357 -31.67046 -3.403547 6.460528 18.02903 -3.625605 6.70268 10.9359 -10.16817 3.053337 13.20523 -10.16817 3.162722 19.40803 -11.59107 3.162722 16.06101 -11.59107 3.162721 12.9596 -10.41379 3.162722 22.26387 -11.59107 3.162722 19.16241 -11.59107 3.436152 7.247979 -11.59107 3.436152 9.85814 -11.59107 3.436154 22.26387 -10.41379 3.436153 19.65371 -11.59107 3.436153 16.55225 -11.35095 3.712336 13.69097 -11.35095 3.712335 12.71948 -11.83669 -2.415714 22.5095 -11.83669 -2.415716 7.002357 -10.16817 -2.415716 7.002357 -4.241185 -4.079812 -10.80921 -4.444644 -1.265056 -10.80921 -12.10127 -3.999552 -10.92201 -6.996852 -6.734107 -5.452956 -6.996852 -6.734107 -5.565749 -6.996852 -6.734107 -10.92201 -4.241185 -1.264757 -10.80921 -4.444644 -3.999552 -10.80921 -9.636259 -6.934755 -10.80921 -9.549061 -6.734107 -5.565749 -4.444644 -3.999551 -5.565749 -6.909656 -6.934754 -5.565749 -9.636259 -6.934754 -5.565749 -12.30479 -4.079812 -10.80921 -12.10127 -1.265056 -10.80921 -4.241185 4.842721 -5.56575 -4.444644 4.762461 -10.80922 -12.10127 2.016842 -10.92201 -6.996852 7.497017 -10.80922 -6.996852 7.497018 -5.452957 -9.549061 7.497018 -5.565751 -9.549061 7.497017 -10.80922 -4.444644 2.027965 -10.80921 -4.241185 4.84272 -10.80922 -6.996852 7.497018 -5.565751 -12.30479 4.842721 -5.56575 -12.30479 4.84272 -10.80922 -6.909656 7.697665 -10.80922 -4.462286 4.640158 -8.734737 -2.770371 2.016662 -6.478385 -4.462286 2.016662 -10.92201 -4.462286 -1.264757 -10.92201 -3.734451 4.558105 -7.656497 -2.770371 3.478314 -6.478385 -3.734451 -2.710081 -6.560439 -3.734451 -1.264757 -6.560439 -3.734451 -3.80614 -8.718407 -4.462286 -2.726408 -9.896579 -4.462286 -2.726408 -6.478385 -4.462286 4.188028 -9.491371 -4.462286 -3.506299 -6.953804 -2.770371 -2.726408 -6.478385 -2.770371 2.016662 -6.560439 -2.770371 3.462047 -6.56044 -2.770371 4.189224 -7.000789 -2.770371 4.558105 -7.656497 -2.770371 -1.264757 -9.896579 -2.770371 -2.710081 -9.814527 -3.734451 2.016662 -6.560439 -3.734451 4.189224 -7.000789 -3.734451 4.558105 -8.718408 -2.770371 4.558105 -8.718408 -2.770371 3.462046 -9.814527 -3.734451 -2.710081 -9.814527 -2.770371 -3.80614 -8.718407 -3.734451 -3.445757 -7.009286 -12.10127 -1.265057 -16.39106 -12.10127 -3.999552 -16.39106 -6.996852 -6.734108 -16.27827 -9.549061 -6.734108 -16.27827 -12.10127 -3.999552 -16.27827 -12.10127 -3.999552 -11.0348 -9.549061 -6.734107 -11.0348 -4.241185 -1.264757 -11.0348 -9.636259 -6.934755 -11.0348 -6.909656 -6.934756 -16.27827 -4.241185 -4.079812 -11.0348 -12.10127 -1.265057 -16.27827 -12.32004 -1.265057 -16.27827 -12.32004 -1.265056 -11.0348 -4.444644 -1.265056 -10.92201 -12.10127 4.762461 -10.92201 -12.10127 2.016841 -16.39106 -12.10127 4.76246 -16.39106 -4.444644 4.762461 -10.92201 -12.10127 4.76246 -16.27827 -12.10127 4.762461 -11.0348 -6.909656 7.697665 -11.0348 -6.996852 7.497017 -11.0348 -6.909656 7.697665 -16.27827 -12.30479 4.84272 -11.0348 -9.636259 7.697665 -11.0348 -12.32004 2.016842 -11.0348 -4.241185 4.84272 -11.0348 -4.241185 4.84272 -16.27827 -4.444644 2.027964 -16.27827 -2.770371 2.016662 -10.92201 -2.770371 -1.264757 -10.92201 -4.444704 -1.265057 -16.39106 -12.10139 -1.265057 -16.50385 -6.996912 -6.734108 -21.86011 -4.444704 -3.999552 -16.39106 -12.10139 -3.999553 -21.86011 -9.54918 -6.734108 -16.39106 -6.996912 -6.734108 -16.50385 -4.241245 -4.079812 -16.50385 -4.444704 -1.265057 -16.50385 -6.909774 -6.934756 -16.50385 -12.32016 -1.265057 -21.74732 -4.241245 -1.264758 -16.50385 -4.241245 -1.264758 -21.74732 -4.241245 2.027665 -21.74732 -4.241245 4.84272 -16.50386 -4.444704 2.027964 -16.50385 -4.444704 4.76246 -16.50386 -4.444704 2.027964 -16.39106 -4.444704 2.027964 -21.86011 -12.10139 4.76246 -16.39106 -12.10139 4.76246 -16.50386 -12.10127 2.01684 -21.86011 -12.10139 4.76246 -21.74732 -9.54912 7.497016 -16.50386 -9.54912 7.497016 -16.39106 -4.444704 2.027964 -21.74732 -4.444704 4.76246 -21.74732 -6.996912 7.497016 -21.74732 -9.54912 7.497016 -21.74732 -12.10139 2.01684 -21.74732 -12.10139 2.016841 -16.50385 -9.636318 7.697665 -16.50386 -12.30491 4.84272 -16.50386 -6.996912 7.497016 -16.50386 -6.909715 7.697664 -21.74732 -9.636318 7.697664 -21.74732 -12.32016 2.01684 -21.74732 -4.241245 2.027665 -16.50385 -12.92174 -0.8109527 -21.86011 -12.92162 -0.8109527 -21.86011 -12.42625 2.016661 -21.86011 -12.42625 -1.264758 -21.86011 -2.770491 -3.888195 -19.67284 -4.462406 2.016661 -16.39106 -2.770491 2.016661 -21.86011 -4.462406 2.016661 -21.86011 -2.770491 -1.264758 -16.39106 -4.462406 -1.264758 -16.39106 -3.734511 4.147454 -20.35399 -3.734511 2.016661 -20.75263 -3.734511 2.016661 -17.49854 -4.462406 2.016661 -17.41649 -2.770491 2.016661 -20.83462 -3.734511 -2.710082 -17.49854 -4.462406 -1.264758 -17.41649 -4.462406 4.640157 -18.57828 -2.770491 4.184618 -17.81826 -4.462406 -3.888195 -19.67284 -4.462406 -3.888195 -18.57827 -4.462406 3.478312 -20.83462 -2.770491 3.462045 -17.49854 -2.770491 4.128061 -17.87773 -2.770491 4.558104 -19.65651 -2.770491 4.147454 -20.35399 -2.770491 -1.264758 -20.75263 -2.770491 -2.726409 -20.83462 -2.770491 -3.387757 -17.88939 -2.770491 -2.726409 -17.41649 -2.770491 -1.264758 -17.49854 -3.734511 3.462045 -17.49854 -3.734511 4.128061 -17.87773 -3.734511 4.558104 -18.5946 -2.770491 3.462045 -20.75263 -2.770491 -3.806141 -19.65651 -4.444644 -1.265055 0.01609534 -12.10127 -1.265055 -5.340162 -12.10127 -1.265055 -5.452956 -12.10127 -3.999551 -5.452956 -6.996852 -6.734107 0.01609599 -9.549061 -6.734107 -0.09669744 -12.10127 -3.999551 -0.0966978 -4.241185 -1.264757 -5.340162 -12.10127 -3.999551 -5.340162 -9.549061 -6.734107 -5.340161 -4.444644 -1.265055 -0.0966981 -9.636259 -6.934754 -5.340161 -12.30479 -4.079811 -5.340162 -6.909656 -6.934754 -5.340161 -4.241185 -4.07981 -0.0966978 -12.32004 -1.265055 -0.0966981 -12.10127 -1.265055 -0.0966981 -4.444644 2.027966 0.01609492 -4.444644 2.027966 -5.340162 -12.10127 2.016844 -0.09669607 -12.10127 4.762461 -5.452957 -12.10127 4.762461 -5.340163 -4.241185 2.027667 -5.340162 -6.996852 7.497018 -5.340163 -9.549061 7.497018 -0.09669917 -12.30479 4.842721 -0.09669888 -4.241185 2.027667 -0.09669852 -9.636259 7.697666 -0.09669917 -4.241185 4.842721 -0.09669888 -12.32004 2.016842 -5.34016 -4.444644 2.027966 -0.09669852 -12.10127 2.016844 0.01609706 -2.770371 2.016662 -5.452956 -2.770371 -1.264757 -5.452956 -4.241185 -1.264756 0.1288889 -12.10127 -1.265055 0.01609534 -4.444644 -3.99955 5.372354 -12.10127 -3.999551 0.01609563 -9.549061 -6.734106 5.372354 -12.10127 -3.99955 5.372354 -9.636259 -6.934753 5.372354 -6.909656 -6.934753 5.372354 -12.30485 -4.079809 5.372354 -12.10127 -1.265055 0.1288889 -12.10127 2.016844 0.1288905 -6.996852 7.497018 5.485145 -6.996852 7.497018 0.1288878 -4.241185 4.842721 0.1288881 -6.909656 7.697666 0.1288878 -9.549061 7.497018 0.1288878 -9.636259 7.697666 0.1288878 -12.10127 4.762462 0.1288881 -12.10127 4.762463 5.372353 -9.636259 7.697667 5.372352 -6.909656 7.697667 5.372352 -12.30479 4.842722 5.372353 -12.32004 2.016844 0.1288905 -12.10127 2.016844 5.372357 -4.241185 2.027668 5.372354 -4.444644 2.027967 5.372354 -4.462286 4.64016 3.297873 -2.770371 -1.264755 4.459659 -2.770371 -1.264755 5.485146 -2.770371 2.016663 1.041524 -4.462286 3.478315 1.041523 -3.734451 -3.404096 1.530766 -4.462286 -3.462255 1.472902 -4.462286 -3.469499 4.021037 -2.770371 4.198069 4.044435 -4.462286 4.198069 4.044435 -2.770371 3.478315 1.041523 -4.462286 4.225827 1.484505 -2.770371 -2.726406 4.459659 -2.770371 4.140783 3.985729 -2.770371 4.558106 2.219635 -2.770371 4.64016 2.203308 -2.770371 4.16704 1.541741 -2.770371 2.016663 1.123577 -2.770371 -1.264756 1.123577 -2.770371 -1.264756 1.041524 -2.770371 -3.806138 3.281546 -2.770371 -2.710079 4.377665 -3.734451 3.462048 4.377664 -2.770371 3.462048 1.123577 -2.770371 -3.404096 1.530766 -3.734451 -3.806139 2.219636 -2.770371 -3.806139 2.219636 -3.734451 -3.410948 3.963593 -12.40921 -1.164404 -22.32061 -2.770371 2.016661 -21.86011 -9.549061 7.486011 -21.86011 -12.10127 4.751515 -21.86011 -4.444644 4.751515 -21.86011 -6.996852 7.486011 -21.86011 -12.20162 -1.164524 -21.86011 -12.10139 -1.264757 -10.92201 -12.40921 -1.164404 -21.86011 -12.20162 1.916486 -21.86011 -12.40921 1.916366 -22.32061 -12.20162 1.916489 5.94565 -9.549061 7.486014 5.485145 -6.996852 7.486014 5.485145 -9.549061 -6.734106 5.485147 -12.10127 2.016843 5.485146 -12.10127 4.751518 5.485146 -4.444644 4.751518 5.485146 -4.444644 -1.264875 5.485146 -4.444704 2.016843 5.485146 -12.20162 -1.164521 5.485146 -12.10127 -1.264875 5.485146 -12.82133 1.542943 5.485146 -12.40921 -1.164401 5.485146 -12.82133 1.542943 5.94565 -12.20162 -1.164521 5.94565 -1.802847 -5.892524 -31.55922 -1.984297 -6.051428 -31.63439 -1.984297 -5.892524 -31.99718 -1.621456 -5.892524 -31.99718 -1.802847 -6.051428 -32.07229 -1.54634 -5.892524 -31.81579 -1.802847 -6.051428 -31.55922 -2.059413 -6.051428 -31.81579 -1.621456 -6.051428 -31.99718 -1.64478 -6.051428 -31.97385 -1.64478 -6.051428 -31.65766 -2.02646 -6.051428 -31.81579 -1.802847 -6.051428 -32.03934 -1.92491 -6.190357 -31.93779 -1.802847 -6.190357 -31.96105 -1.657579 -6.190357 -31.81579 -1.680843 -6.190357 -31.69372 -1.802847 -6.076128 -31.68786 -1.930771 -6.076128 -31.81579 -1.674982 -6.076128 -31.81579 -4.622566 6.29642 10.71384 -3.403547 6.296421 15.59063 -4.400507 6.702681 13.22628 -4.622566 6.460527 15.59063 -4.622566 6.460528 18.02903 -3.403547 6.460527 10.71384 -3.403547 6.296421 13.15223 -4.400507 6.702681 17.80698 -3.625605 6.702681 15.51665 -4.400507 6.70268 10.9359 -3.625605 6.702681 17.80698 -10.16817 3.053336 7.002356 -10.16817 3.053338 22.5095 -11.83669 3.162722 22.5095 -10.16817 3.16272 7.002356 -10.16817 3.053337 19.40803 -11.83669 3.162722 16.30663 -11.83669 3.053337 19.40803 -11.83669 3.053336 10.10376 -10.41379 3.162721 13.45085 -10.16817 3.16272 10.10376 -11.59107 3.16272 7.247979 -11.83669 3.16272 7.002356 -10.41379 3.162721 12.9596 -11.59107 3.162722 22.26387 -10.41379 3.162722 19.65371 -10.41379 3.162722 19.16241 -10.41379 3.436153 16.06101 -11.59107 3.162721 13.45085 -10.41379 3.436152 9.85814 -10.41379 3.436152 12.9596 -11.59107 3.16272 10.34938 -11.59107 3.436152 12.9596 -11.59107 3.436153 19.16241 -11.59107 3.436153 13.45085 -10.65391 3.712336 15.82089 -10.65391 3.712335 9.61802 -11.59107 3.436152 10.34938 -11.59107 3.436153 19.65371 -10.41379 3.436153 19.16241 -10.65391 3.712335 7.488098 -11.35095 3.712335 10.5895 -10.65391 3.712335 10.5895 -11.35095 3.712337 22.02376 -11.35095 3.712336 16.79237 -10.65391 3.712337 18.92229 -10.65391 3.712336 16.79237 -14.3511 0.1366131 15.35129 -12.89967 -0.8610067 7.494199 -12.89967 -0.8610048 22.01766 -12.89967 1.498569 22.01766 -13.86571 1.172686 7.820081 -13.86571 0.5010098 19.8107 -13.86571 0.1366137 19.8107 -10.16817 -2.415714 22.5095 -4.241185 -1.264757 -5.56575 -12.10127 -1.265055 -5.56575 -4.444644 -3.999551 -5.452956 -6.996852 -6.734107 -10.80921 -12.10127 -3.999552 -10.80921 -9.549061 -6.734107 -10.92201 -9.549061 -6.734107 -10.80921 -12.32004 -1.265055 -5.56575 -4.444644 -1.265055 -5.56575 -12.30479 -4.079811 -5.565749 -12.32004 -1.265056 -10.80921 -6.909656 -6.934755 -10.80921 -4.241185 -4.079811 -5.565749 -4.241185 2.027667 -5.56575 -4.444644 2.027966 -5.452956 -12.10127 2.016842 -5.565747 -4.444644 4.762461 -5.452957 -4.444644 4.762461 -5.56575 -6.996852 7.497017 -10.92201 -9.549061 7.497017 -10.92201 -4.241185 2.027666 -10.80921 -12.10127 4.762461 -10.80922 -12.32004 2.016842 -10.80921 -12.10127 4.762461 -5.56575 -6.909656 7.697666 -5.565751 -9.636259 7.697666 -5.565751 -12.32004 2.016842 -5.565747 -12.10127 2.016842 -10.80921 -4.444644 2.027966 -5.56575 -2.770371 4.640159 -7.640231 -4.462286 -3.888194 -7.64023 -2.770371 -3.888194 -8.734734 -2.770371 2.016662 -9.896579 -4.462286 2.016662 -9.896579 -4.462286 -1.264757 -5.452956 -3.734451 3.462046 -9.814527 -3.734451 3.462047 -6.56044 -4.462286 2.016662 -6.478385 -4.462286 -1.264757 -9.896579 -2.770371 -2.726408 -9.896579 -2.770371 -1.264757 -6.478385 -4.462286 -1.264757 -6.478385 -4.462286 4.249279 -6.944821 -4.462286 -3.461577 -9.465851 -2.770371 -3.506299 -6.953804 -2.770371 4.640158 -8.734737 -4.462286 3.478314 -6.478385 -4.462286 3.478313 -9.896579 -2.770371 -1.264757 -6.560439 -2.770371 4.188028 -9.491371 -2.770371 3.478313 -9.896579 -2.770371 -3.461577 -9.465851 -2.770371 -3.888194 -7.64023 -2.770371 -3.80614 -7.656496 -2.770371 -2.710081 -6.560439 -3.734451 4.131286 -9.432088 -3.734451 2.016662 -9.814527 -2.770371 2.016662 -9.814527 -2.770371 -1.264757 -9.814527 -3.734451 -3.80614 -7.656496 -2.770371 -3.445757 -7.009286 -4.444644 -3.999552 -10.92201 -9.549061 -6.734108 -16.39106 -6.996852 -6.734107 -11.0348 -4.241185 -4.079812 -16.27827 -12.30479 -4.079812 -16.27827 -12.30479 -4.079812 -11.0348 -9.636259 -6.934756 -16.27827 -6.909656 -6.934755 -11.0348 -12.10127 -1.265056 -11.0348 -4.241185 -1.264758 -16.27827 -4.444644 -1.265057 -16.27827 -4.444644 -1.265056 -11.0348 -4.444644 2.027965 -10.92201 -12.10127 2.016842 -11.0348 -9.549061 7.497017 -11.0348 -4.444644 4.76246 -16.27827 -9.549061 7.497016 -16.27827 -4.444644 4.762461 -11.0348 -9.636259 7.697665 -16.27827 -12.30479 4.84272 -16.27827 -4.241185 2.027666 -11.0348 -4.444644 2.027965 -11.0348 -12.42625 2.016661 -16.39106 -2.770371 2.016661 -16.39106 -4.462286 -1.264758 -16.39106 -2.770371 -1.264758 -16.39106 -4.444704 -1.265057 -21.86011 -12.10139 -3.999552 -16.50385 -12.10139 -3.999552 -16.39106 -12.10139 -1.265057 -21.74732 -12.10139 -3.999553 -21.74732 -9.54918 -6.734108 -21.86011 -6.996912 -6.734108 -16.39106 -9.54918 -6.734108 -21.74732 -6.996912 -6.734108 -21.74732 -4.444704 -3.999553 -21.74732 -9.636379 -6.934756 -16.50385 -12.30491 -4.079813 -21.74732 -9.636318 -6.934756 -21.74732 -6.909774 -6.934756 -21.74732 -4.241245 -4.079813 -21.74732 -4.444704 -1.265057 -21.74732 -4.444704 4.76246 -21.86011 -12.10139 4.76246 -21.86011 -4.241245 4.84272 -21.74732 -12.30491 4.84272 -21.74732 -6.909715 7.697665 -16.50386 -12.32016 2.016841 -16.50385 -12.10139 2.016841 -16.39106 -12.92174 -0.8109521 -16.39106 -12.10139 2.016661 -21.86011 -12.92174 1.562915 -21.86011 -2.770491 2.016661 -16.39106 -2.770491 -1.264758 -17.41649 -2.770491 -1.264758 -21.86011 -2.770491 2.016661 -17.41649 -4.462406 2.016661 -20.83462 -2.770491 -1.264758 -20.83462 -4.462406 -1.264758 -21.86011 -3.734511 3.462045 -20.75263 -2.770491 3.478312 -20.83462 -3.734511 -3.806141 -19.65651 -3.734511 -3.806141 -18.5946 -3.734511 -3.398824 -20.35066 -4.462406 -2.726409 -20.83462 -4.462406 -3.444982 -17.83059 -4.462406 4.184618 -17.81826 -2.770491 4.640157 -18.57828 -4.462406 4.640157 -19.67284 -4.462406 -3.456681 -20.40882 -2.770491 -3.888195 -18.57827 -2.770491 4.205121 -20.41234 -4.462406 4.205121 -20.41234 -2.770491 2.016661 -17.49854 -2.770491 3.478312 -17.41649 -2.770491 4.640157 -19.67284 -2.770491 -3.456681 -20.40882 -2.770491 4.558104 -18.5946 -2.770491 -2.710082 -20.75263 -2.770491 -3.398824 -20.35066 -2.770491 -3.806141 -18.5946 -3.734511 -3.387757 -17.88939 -2.770491 -2.710082 -17.49854 -4.241185 -1.264756 -0.0966981 -4.444644 -1.265055 -5.452956 -6.996852 -6.734107 -0.09669744 -9.549061 -6.734107 0.01609599 -4.444644 -3.999551 -5.340162 -6.996852 -6.734107 -5.340161 -9.636259 -6.934753 -0.09669744 -4.444644 -3.999551 -0.0966978 -6.909656 -6.934753 -0.09669744 -12.30479 -4.07981 -0.0966978 -12.32004 -1.265055 -5.340162 -4.241185 -4.079811 -5.340162 -4.444644 -1.265055 -5.340162 -12.10127 2.016842 -5.452953 -6.996852 7.497018 0.01609426 -4.444644 4.762461 -5.340163 -9.636259 7.697666 -5.340163 -6.909656 7.697666 -5.340163 -9.549061 7.497018 -5.340163 -12.10127 2.016842 -5.34016 -12.10127 4.762462 -0.09669888 -12.32004 2.016844 -0.09669607 -6.996852 7.497018 -0.09669917 -4.444644 4.762462 -0.09669888 -6.909656 7.697666 -0.09669917 -12.30479 4.842721 -5.340163 -4.241185 4.842721 -5.340163 -4.462286 2.016662 -5.452956 -2.770371 -1.264756 0.01609534 -4.462286 -1.264756 0.01609534 -4.444644 -1.265054 5.485146 -4.444644 -3.999551 0.01609563 -6.996852 -6.734106 5.485147 -4.444644 -3.999551 0.1288892 -4.241185 -4.07981 0.1288892 -9.549061 -6.734107 0.1288895 -6.996852 -6.734106 5.372354 -9.636259 -6.934753 0.1288895 -12.32004 -1.265054 5.372354 -6.909656 -6.934753 0.1288895 -4.241185 -4.079809 5.372354 -12.10127 -1.265054 5.372354 -4.241185 -1.264755 5.372354 -4.444644 -1.265055 0.1288889 -4.444644 -1.265054 5.372354 -4.241185 2.027667 0.1288884 -4.444644 4.762462 0.01609462 -4.444644 4.762463 5.485146 -6.996852 7.497018 5.372352 -9.549061 7.497018 0.01609426 -12.10127 4.762462 0.01609462 -9.549061 7.497018 5.485145 -12.10127 4.762463 5.485146 -4.444644 4.762462 0.1288881 -4.444644 4.762463 5.372353 -12.30479 4.842721 0.1288881 -4.241185 4.842722 5.372353 -4.444644 2.027966 0.1288884 -4.444644 2.027967 5.485146 -12.92162 1.562918 5.485146 -12.40921 1.91637 5.94565 -4.462286 4.64016 2.203308 -4.462286 -3.888192 3.297873 -4.462286 -3.888192 2.203309 -2.770371 -3.888192 3.297873 -2.770371 2.016664 5.485146 -4.462286 2.016663 0.01609492 -4.462286 -1.264755 4.459659 -3.734451 4.558107 3.281545 -3.734451 4.558106 2.219635 -3.734451 2.016664 4.377665 -4.462286 3.478315 4.459658 -2.770371 2.016664 4.459658 -4.462286 2.016663 1.041524 -4.462286 -1.264756 1.041524 -2.770371 -3.888192 2.203309 -2.770371 3.478315 4.459658 -4.462286 -2.726407 1.041524 -2.770371 -2.726407 1.041524 -4.462286 -2.726406 4.459659 -2.770371 2.016664 4.377665 -2.770371 3.462048 4.377664 -2.770371 4.558107 3.281545 -2.770371 4.64016 3.297873 -2.770371 -2.71008 1.123577 -2.770371 -3.462255 1.472902 -2.770371 -3.410948 3.963593 -2.770371 -3.469499 4.021037 -3.734451 -1.264755 4.377665 -3.734451 4.16704 1.541741 -3.734451 3.462048 1.123577 -3.734451 2.016663 1.123577 -3.734451 -1.264756 1.123577 -3.734451 -2.71008 1.123577 -3.734451 -3.806138 3.281546 -2.770371 -1.264755 4.377665 -12.20162 1.916486 -22.32061 -12.82133 1.54294 -22.32061 -12.82133 -0.7909777 -22.32061 -4.444644 -1.264878 -21.86011 -9.549061 -6.734108 -21.86011 -12.10127 -3.999553 -21.86011 -12.10139 -1.264758 -21.86011 -4.444704 2.01684 -21.86011 -12.20162 -1.164524 -22.32061 -12.40921 1.916366 -21.86011 -12.40921 -1.164401 5.94565 -12.10127 -3.99955 5.485147 -4.444644 -3.99955 5.485147 -12.82133 -0.7909744 5.485146 -12.20162 1.916489 5.485146 -12.40921 1.91637 5.485146 -12.82133 -0.7909743 5.94565 -1.984297 -5.892524 -31.63439 -2.059413 -5.892524 -31.81579 -1.802847 -5.892524 -32.07229 -1.621456 -5.892524 -31.63439 -1.712421 -6.076128 -31.7253 -1.802847 -6.051428 -31.59217 -1.984297 -6.051428 -31.99718 -1.54634 -6.051428 -31.81579 -1.579293 -6.051428 -31.81579 -1.621456 -6.051428 -31.63439 -1.92491 -6.190357 -31.69372 -1.960973 -6.051428 -31.65766 -1.975446 -6.190357 -31.81579 -1.960973 -6.051428 -31.97385 -1.680843 -6.190357 -31.93779 -1.630307 -6.190357 -31.81579 -1.893333 -6.076128 -31.90621 -1.893333 -6.076128 -31.7253 -1.802847 -6.076128 -31.94371 -1.905593 -6.190357 -31.71304 -1.802847 -6.190357 -31.98832 -1.700101 -6.190357 -31.91853 -1.948175 -6.190357 -31.81579 -1.905593 -6.190357 -31.91853 -1.700101 -6.190357 -31.71304 -3.403547 6.29642 10.71384 -4.622566 6.296421 13.15223 -4.622566 6.296421 15.59063 -3.403547 6.460527 15.59063 -4.622566 6.296422 18.02903 -4.622566 6.460527 10.71384 -3.403547 6.296422 18.02903 -4.400507 6.702681 15.51665 -4.622566 6.460527 13.15223 -3.403547 6.460527 13.15223 -3.625605 6.702681 13.22628 -10.16817 3.053337 16.30663 -10.16817 3.162722 22.5095 -10.16817 3.053336 10.10376 -10.16817 3.162721 13.20523 -11.83669 3.053338 22.5095 -11.83669 3.162722 19.40803 -11.83669 3.053337 16.30663 -11.83669 3.053336 7.002356 -11.83669 3.053337 13.20523 -10.41379 3.162722 16.06101 -10.16817 3.162722 16.30663 -10.41379 3.16272 9.85814 -11.83669 3.16272 10.10376 -11.59107 3.16272 9.85814 -10.41379 3.16272 10.34938 -11.83669 3.162721 13.20523 -11.59107 3.162722 16.55225 -10.41379 3.16272 7.247979 -10.41379 3.436152 7.247979 -10.41379 3.436152 10.34938 -10.41379 3.436154 22.26387 -11.59107 3.162722 19.65371 -10.41379 3.162722 16.55225 -10.41379 3.436153 13.45085 -11.35095 3.712336 15.82089 -11.59107 3.436153 16.06101 -10.65391 3.712335 12.71948 -10.65391 3.712337 19.89384 -11.35095 3.712337 18.92229 -10.41379 3.436153 16.55225 -10.65391 3.712336 13.69097 -11.35095 3.712335 7.488098 -11.35095 3.712335 9.61802 -11.35095 3.712337 19.89384 -10.65391 3.712337 22.02376 -14.3511 0.5010098 19.8107 -12.89967 1.498567 7.49414 -13.86571 -0.5350655 7.820081 -13.86571 -0.5350639 21.69178 -13.86571 1.172688 21.69178 -13.86571 0.136613 14.29853 -14.3511 0.5010093 15.35129 -14.3511 0.1366137 19.8107 -13.86571 0.5010092 14.29853 -10.49405 -3.381815 22.18362 -11.51081 -3.381817 7.328299 -11.51081 -3.381815 22.18362 -10.49405 -3.381817 7.328299 -4.444704 4.76246 -16.39106 -6.996852 7.497016 -16.27827 -12.82133 1.54294 -21.86011 -12.82133 -0.7909776 -21.86011 -12.92162 -0.8109518 -16.39106 -12.42625 -1.264758 -16.39106 -12.92174 -0.8109512 -10.92201 -12.10139 2.016662 -16.39106 -12.92174 1.562916 -16.39106 -12.10139 2.016663 -5.45296 -12.10139 -1.264756 -5.45296 -12.92162 -0.8109509 -10.92201 -12.42625 2.016663 -10.92201 -12.42625 -1.264757 -10.92201 -12.42625 2.016663 -5.45296 -12.92174 -0.8109503 -5.45296 -12.10139 2.016663 -10.92201 -12.92174 1.562917 -10.92201 -12.42625 -1.264756 -5.45296 -12.92162 -0.8109501 -5.45296 -12.92174 -0.8109493 0.01609003 -12.92174 1.562917 -5.45296 -12.42625 -1.264755 0.01609003 -12.10127 -1.265054 5.485146 -12.10139 -1.264755 0.01609009 -12.92162 -0.8109492 0.01609009 -12.42625 2.016664 0.01609009 -12.42613 2.016664 5.485146 -12.92162 -0.8109495 5.485146 -12.10139 2.016664 0.01609009 -12.92174 1.562918 0.01609009 -12.42613 -1.264755 5.485146 12.10127 -3.999551 -5.565749 12.10127 -1.265056 -10.92201 9.549061 -6.734107 -5.452956 9.549061 7.497018 -5.452957 9.636259 7.697665 -10.80922 3.734451 -1.264757 -9.814527 4.462286 4.640159 -7.640231 4.462286 -3.888194 -8.734734 3.734451 -3.403455 -9.40795 2.770371 4.249279 -6.944821 2.770371 4.131286 -9.432088 2.770371 -3.403455 -9.40795 4.444644 -3.999552 -11.0348 4.444644 -3.999552 -16.27827 4.241185 2.027665 -16.27827 12.10127 2.016841 -16.27827 12.32004 2.016841 -16.27827 4.462286 2.016661 -16.39106 4.444704 -3.999552 -16.50385 4.444704 -3.999553 -21.86011 12.10139 -1.265057 -16.39106 9.54918 -6.734108 -16.50385 12.32016 -1.265057 -16.50385 12.30491 -4.079812 -16.50385 6.996912 7.497016 -21.86011 6.996912 7.497016 -16.39106 9.54912 7.497016 -21.86011 12.10139 -1.264758 -16.39106 3.734511 -1.264758 -17.49854 3.734511 -1.264758 -20.75263 4.462406 -1.264758 -20.83462 3.734511 4.558104 -19.65651 4.462406 3.478312 -17.41649 3.734511 -2.710082 -20.75263 4.462406 -2.726409 -17.41649 2.770491 -3.444982 -17.83059 2.770491 2.016661 -20.75263 2.770371 2.016663 0.01609492 12.10127 -3.999551 0.1288892 6.996852 -6.734107 0.1288895 12.30479 -4.07981 0.1288892 12.32004 -1.265055 0.1288889 9.549061 7.497018 5.372352 12.32004 2.016844 5.372357 4.462286 2.016664 4.459658 4.462286 2.016664 5.485146 4.462286 -1.264755 5.485146 3.734451 4.140783 3.985729 3.734451 -2.710079 4.377665 2.770371 4.225827 1.484505 2.770371 -1.264758 -21.86011 1.802847 -6.190357 -31.64319 1.712421 -6.076128 -31.90621 1.802847 -6.190357 -31.67046 3.403547 6.460528 18.02903 3.625605 6.70268 10.9359 10.16817 3.053337 13.20523 10.16817 3.162722 19.40803 11.59107 3.162722 16.06101 11.59107 3.162721 12.9596 10.41379 3.162722 22.26387 11.59107 3.162722 19.16241 11.59107 3.436152 7.247979 11.59107 3.436152 9.85814 11.59107 3.436154 22.26387 10.41379 3.436153 19.65371 11.59107 3.436153 16.55225 11.35095 3.712336 13.69097 11.35095 3.712335 12.71948 11.83669 -2.415714 22.5095 11.83669 -2.415716 7.002357 10.16817 -2.415716 7.002357 4.241185 -4.079812 -10.80921 4.444644 -1.265056 -10.80921 12.10127 -3.999552 -10.92201 6.996852 -6.734107 -5.452956 6.996852 -6.734107 -5.565749 6.996852 -6.734107 -10.92201 4.241185 -1.264757 -10.80921 4.444644 -3.999552 -10.80921 9.636259 -6.934755 -10.80921 9.549061 -6.734107 -5.565749 4.444644 -3.999551 -5.565749 6.909656 -6.934754 -5.565749 9.636259 -6.934754 -5.565749 12.30479 -4.079812 -10.80921 12.10127 -1.265056 -10.80921 4.241185 4.842721 -5.56575 4.444644 4.762461 -10.80922 12.10127 2.016842 -10.92201 6.996852 7.497017 -10.80922 6.996852 7.497018 -5.452957 9.549061 7.497018 -5.565751 9.549061 7.497017 -10.80922 4.444644 2.027965 -10.80921 4.241185 4.84272 -10.80922 6.996852 7.497018 -5.565751 12.30479 4.842721 -5.56575 12.30479 4.84272 -10.80922 6.909656 7.697665 -10.80922 4.462286 4.640158 -8.734737 2.770371 2.016662 -6.478385 4.462286 2.016662 -10.92201 4.462286 -1.264757 -10.92201 3.734451 4.558105 -7.656497 2.770371 3.478314 -6.478385 3.734451 -2.710081 -6.560439 3.734451 -1.264757 -6.560439 3.734451 -3.80614 -8.718407 4.462286 -2.726408 -9.896579 4.462286 -2.726408 -6.478385 4.462286 4.188028 -9.491371 4.462286 -3.506299 -6.953804 2.770371 -2.726408 -6.478385 2.770371 2.016662 -6.560439 2.770371 3.462047 -6.56044 2.770371 4.189224 -7.000789 2.770371 4.558105 -7.656497 2.770371 -1.264757 -9.896579 2.770371 -2.710081 -9.814527 3.734451 2.016662 -6.560439 3.734451 4.189224 -7.000789 3.734451 4.558105 -8.718408 2.770371 4.558105 -8.718408 2.770371 3.462046 -9.814527 3.734451 -2.710081 -9.814527 2.770371 -3.80614 -8.718407 3.734451 -3.445757 -7.009286 12.10127 -1.265057 -16.39106 12.10127 -3.999552 -16.39106 6.996852 -6.734108 -16.27827 9.549061 -6.734108 -16.27827 12.10127 -3.999552 -16.27827 12.10127 -3.999552 -11.0348 9.549061 -6.734107 -11.0348 4.241185 -1.264757 -11.0348 9.636259 -6.934755 -11.0348 6.909656 -6.934756 -16.27827 4.241185 -4.079812 -11.0348 12.10127 -1.265057 -16.27827 12.32004 -1.265057 -16.27827 12.32004 -1.265056 -11.0348 4.444644 -1.265056 -10.92201 12.10127 4.762461 -10.92201 12.10127 2.016841 -16.39106 12.10127 4.76246 -16.39106 4.444644 4.762461 -10.92201 12.10127 4.76246 -16.27827 12.10127 4.762461 -11.0348 6.909656 7.697665 -11.0348 6.996852 7.497017 -11.0348 6.909656 7.697665 -16.27827 12.30479 4.84272 -11.0348 9.636259 7.697665 -11.0348 12.32004 2.016842 -11.0348 4.241185 4.84272 -11.0348 4.241185 4.84272 -16.27827 4.444644 2.027964 -16.27827 2.770371 2.016662 -10.92201 2.770371 -1.264757 -10.92201 4.444704 -1.265057 -16.39106 12.10139 -1.265057 -16.50385 6.996912 -6.734108 -21.86011 4.444704 -3.999552 -16.39106 12.10139 -3.999553 -21.86011 9.54918 -6.734108 -16.39106 6.996912 -6.734108 -16.50385 4.241245 -4.079812 -16.50385 4.444704 -1.265057 -16.50385 6.909774 -6.934756 -16.50385 12.32016 -1.265057 -21.74732 4.241245 -1.264758 -16.50385 4.241245 -1.264758 -21.74732 4.241245 2.027665 -21.74732 4.241245 4.84272 -16.50386 4.444704 2.027964 -16.50385 4.444704 4.76246 -16.50386 4.444704 2.027964 -16.39106 4.444704 2.027964 -21.86011 12.10139 4.76246 -16.39106 12.10139 4.76246 -16.50386 12.10127 2.01684 -21.86011 12.10139 4.76246 -21.74732 9.54912 7.497016 -16.50386 9.54912 7.497016 -16.39106 4.444704 2.027964 -21.74732 4.444704 4.76246 -21.74732 6.996912 7.497016 -21.74732 9.54912 7.497016 -21.74732 12.10139 2.01684 -21.74732 12.10139 2.016841 -16.50385 9.636318 7.697665 -16.50386 12.30491 4.84272 -16.50386 6.996912 7.497016 -16.50386 6.909715 7.697664 -21.74732 9.636318 7.697664 -21.74732 12.32016 2.01684 -21.74732 4.241245 2.027665 -16.50385 12.92174 -0.8109527 -21.86011 12.92162 -0.8109527 -21.86011 12.42625 2.016661 -21.86011 12.42625 -1.264758 -21.86011 2.770491 -3.888195 -19.67284 4.462406 2.016661 -16.39106 2.770491 2.016661 -21.86011 4.462406 2.016661 -21.86011 2.770491 -1.264758 -16.39106 4.462406 -1.264758 -16.39106 3.734511 4.147454 -20.35399 3.734511 2.016661 -20.75263 3.734511 2.016661 -17.49854 4.462406 2.016661 -17.41649 2.770491 2.016661 -20.83462 3.734511 -2.710082 -17.49854 4.462406 -1.264758 -17.41649 4.462406 4.640157 -18.57828 2.770491 4.184618 -17.81826 4.462406 -3.888195 -19.67284 4.462406 -3.888195 -18.57827 4.462406 3.478312 -20.83462 2.770491 3.462045 -17.49854 2.770491 4.128061 -17.87773 2.770491 4.558104 -19.65651 2.770491 4.147454 -20.35399 2.770491 -1.264758 -20.75263 2.770491 -2.726409 -20.83462 2.770491 -3.387757 -17.88939 2.770491 -2.726409 -17.41649 2.770491 -1.264758 -17.49854 3.734511 3.462045 -17.49854 3.734511 4.128061 -17.87773 3.734511 4.558104 -18.5946 2.770491 3.462045 -20.75263 2.770491 -3.806141 -19.65651 4.444644 -1.265055 0.01609534 12.10127 -1.265055 -5.340162 12.10127 -1.265055 -5.452956 12.10127 -3.999551 -5.452956 6.996852 -6.734107 0.01609599 9.549061 -6.734107 -0.09669744 12.10127 -3.999551 -0.0966978 4.241185 -1.264757 -5.340162 12.10127 -3.999551 -5.340162 9.549061 -6.734107 -5.340161 4.444644 -1.265055 -0.0966981 9.636259 -6.934754 -5.340161 12.30479 -4.079811 -5.340162 6.909656 -6.934754 -5.340161 4.241185 -4.07981 -0.0966978 12.32004 -1.265055 -0.0966981 12.10127 -1.265055 -0.0966981 4.444644 2.027966 0.01609492 4.444644 2.027966 -5.340162 12.10127 2.016844 -0.09669607 12.10127 4.762461 -5.452957 12.10127 4.762461 -5.340163 4.241185 2.027667 -5.340162 6.996852 7.497018 -5.340163 9.549061 7.497018 -0.09669917 12.30479 4.842721 -0.09669888 4.241185 2.027667 -0.09669852 9.636259 7.697666 -0.09669917 4.241185 4.842721 -0.09669888 12.32004 2.016842 -5.34016 4.444644 2.027966 -0.09669852 12.10127 2.016844 0.01609706 2.770371 2.016662 -5.452956 2.770371 -1.264757 -5.452956 4.241185 -1.264756 0.1288889 12.10127 -1.265055 0.01609534 4.444644 -3.99955 5.372354 12.10127 -3.999551 0.01609563 9.549061 -6.734106 5.372354 12.10127 -3.99955 5.372354 9.636259 -6.934753 5.372354 6.909656 -6.934753 5.372354 12.30485 -4.079809 5.372354 12.10127 -1.265055 0.1288889 12.10127 2.016844 0.1288905 6.996852 7.497018 5.485145 6.996852 7.497018 0.1288878 4.241185 4.842721 0.1288881 6.909656 7.697666 0.1288878 9.549061 7.497018 0.1288878 9.636259 7.697666 0.1288878 12.10127 4.762462 0.1288881 12.10127 4.762463 5.372353 9.636259 7.697667 5.372352 6.909656 7.697667 5.372352 12.30479 4.842722 5.372353 12.32004 2.016844 0.1288905 12.10127 2.016844 5.372357 4.241185 2.027668 5.372354 4.444644 2.027967 5.372354 4.462286 4.64016 3.297873 2.770371 -1.264755 4.459659 2.770371 -1.264755 5.485146 2.770371 2.016663 1.041524 4.462286 3.478315 1.041523 3.734451 -3.404096 1.530766 4.462286 -3.462255 1.472902 4.462286 -3.469499 4.021037 2.770371 4.198069 4.044435 4.462286 4.198069 4.044435 2.770371 3.478315 1.041523 4.462286 4.225827 1.484505 2.770371 -2.726406 4.459659 2.770371 4.140783 3.985729 2.770371 4.558106 2.219635 2.770371 4.64016 2.203308 2.770371 4.16704 1.541741 2.770371 2.016663 1.123577 2.770371 -1.264756 1.123577 2.770371 -1.264756 1.041524 2.770371 -3.806138 3.281546 2.770371 -2.710079 4.377665 3.734451 3.462048 4.377664 2.770371 3.462048 1.123577 2.770371 -3.404096 1.530766 3.734451 -3.806139 2.219636 2.770371 -3.806139 2.219636 3.734451 -3.410948 3.963593 12.40921 -1.164404 -22.32061 2.770371 2.016661 -21.86011 9.549061 7.486011 -21.86011 12.10127 4.751515 -21.86011 4.444644 4.751515 -21.86011 6.996852 7.486011 -21.86011 12.20162 -1.164524 -21.86011 12.10139 -1.264757 -10.92201 12.40921 -1.164404 -21.86011 12.20162 1.916486 -21.86011 12.40921 1.916366 -22.32061 12.20162 1.916489 5.94565 9.549061 7.486014 5.485145 6.996852 7.486014 5.485145 9.549061 -6.734106 5.485147 12.10127 2.016843 5.485146 12.10127 4.751518 5.485146 4.444644 4.751518 5.485146 4.444644 -1.264875 5.485146 4.444704 2.016843 5.485146 12.20162 -1.164521 5.485146 12.10127 -1.264875 5.485146 12.82133 1.542943 5.485146 12.40921 -1.164401 5.485146 12.82133 1.542943 5.94565 12.20162 -1.164521 5.94565 1.802847 -5.892524 -31.55922 1.984297 -6.051428 -31.63439 1.984297 -5.892524 -31.99718 1.621456 -5.892524 -31.99718 1.802847 -6.051428 -32.07229 1.54634 -5.892524 -31.81579 1.802847 -6.051428 -31.55922 2.059413 -6.051428 -31.81579 1.621456 -6.051428 -31.99718 1.64478 -6.051428 -31.97385 1.64478 -6.051428 -31.65766 2.02646 -6.051428 -31.81579 1.802847 -6.051428 -32.03934 1.92491 -6.190357 -31.93779 1.802847 -6.190357 -31.96105 1.657579 -6.190357 -31.81579 1.680843 -6.190357 -31.69372 1.802847 -6.076128 -31.68786 1.930771 -6.076128 -31.81579 1.674982 -6.076128 -31.81579 4.622566 6.29642 10.71384 3.403547 6.296421 15.59063 4.400507 6.702681 13.22628 4.622566 6.460527 15.59063 4.622566 6.460528 18.02903 3.403547 6.460527 10.71384 3.403547 6.296421 13.15223 4.400507 6.702681 17.80698 3.625605 6.702681 15.51665 4.400507 6.70268 10.9359 3.625605 6.702681 17.80698 10.16817 3.053336 7.002356 10.16817 3.053338 22.5095 11.83669 3.162722 22.5095 10.16817 3.16272 7.002356 10.16817 3.053337 19.40803 11.83669 3.162722 16.30663 11.83669 3.053337 19.40803 11.83669 3.053336 10.10376 10.41379 3.162721 13.45085 10.16817 3.16272 10.10376 11.59107 3.16272 7.247979 11.83669 3.16272 7.002356 10.41379 3.162721 12.9596 11.59107 3.162722 22.26387 10.41379 3.162722 19.65371 10.41379 3.162722 19.16241 10.41379 3.436153 16.06101 11.59107 3.162721 13.45085 10.41379 3.436152 9.85814 10.41379 3.436152 12.9596 11.59107 3.16272 10.34938 11.59107 3.436152 12.9596 11.59107 3.436153 19.16241 11.59107 3.436153 13.45085 10.65391 3.712336 15.82089 10.65391 3.712335 9.61802 11.59107 3.436152 10.34938 11.59107 3.436153 19.65371 10.41379 3.436153 19.16241 10.65391 3.712335 7.488098 11.35095 3.712335 10.5895 10.65391 3.712335 10.5895 11.35095 3.712337 22.02376 11.35095 3.712336 16.79237 10.65391 3.712337 18.92229 10.65391 3.712336 16.79237 14.3511 0.1366131 15.35129 12.89967 -0.8610067 7.494199 12.89967 -0.8610048 22.01766 12.89967 1.498569 22.01766 13.86571 1.172686 7.820081 13.86571 0.5010098 19.8107 13.86571 0.1366137 19.8107 10.16817 -2.415714 22.5095 4.241185 -1.264757 -5.56575 12.10127 -1.265055 -5.56575 4.444644 -3.999551 -5.452956 6.996852 -6.734107 -10.80921 12.10127 -3.999552 -10.80921 9.549061 -6.734107 -10.92201 9.549061 -6.734107 -10.80921 12.32004 -1.265055 -5.56575 4.444644 -1.265055 -5.56575 12.30479 -4.079811 -5.565749 12.32004 -1.265056 -10.80921 6.909656 -6.934755 -10.80921 4.241185 -4.079811 -5.565749 4.241185 2.027667 -5.56575 4.444644 2.027966 -5.452956 12.10127 2.016842 -5.565747 4.444644 4.762461 -5.452957 4.444644 4.762461 -5.56575 6.996852 7.497017 -10.92201 9.549061 7.497017 -10.92201 4.241185 2.027666 -10.80921 12.10127 4.762461 -10.80922 12.32004 2.016842 -10.80921 12.10127 4.762461 -5.56575 6.909656 7.697666 -5.565751 9.636259 7.697666 -5.565751 12.32004 2.016842 -5.565747 12.10127 2.016842 -10.80921 4.444644 2.027966 -5.56575 2.770371 4.640159 -7.640231 4.462286 -3.888194 -7.64023 2.770371 -3.888194 -8.734734 2.770371 2.016662 -9.896579 4.462286 2.016662 -9.896579 4.462286 -1.264757 -5.452956 3.734451 3.462046 -9.814527 3.734451 3.462047 -6.56044 4.462286 2.016662 -6.478385 4.462286 -1.264757 -9.896579 2.770371 -2.726408 -9.896579 2.770371 -1.264757 -6.478385 4.462286 -1.264757 -6.478385 4.462286 4.249279 -6.944821 4.462286 -3.461577 -9.465851 2.770371 -3.506299 -6.953804 2.770371 4.640158 -8.734737 4.462286 3.478314 -6.478385 4.462286 3.478313 -9.896579 2.770371 -1.264757 -6.560439 2.770371 4.188028 -9.491371 2.770371 3.478313 -9.896579 2.770371 -3.461577 -9.465851 2.770371 -3.888194 -7.64023 2.770371 -3.80614 -7.656496 2.770371 -2.710081 -6.560439 3.734451 4.131286 -9.432088 3.734451 2.016662 -9.814527 2.770371 2.016662 -9.814527 2.770371 -1.264757 -9.814527 3.734451 -3.80614 -7.656496 2.770371 -3.445757 -7.009286 4.444644 -3.999552 -10.92201 9.549061 -6.734108 -16.39106 6.996852 -6.734107 -11.0348 4.241185 -4.079812 -16.27827 12.30479 -4.079812 -16.27827 12.30479 -4.079812 -11.0348 9.636259 -6.934756 -16.27827 6.909656 -6.934755 -11.0348 12.10127 -1.265056 -11.0348 4.241185 -1.264758 -16.27827 4.444644 -1.265057 -16.27827 4.444644 -1.265056 -11.0348 4.444644 2.027965 -10.92201 12.10127 2.016842 -11.0348 9.549061 7.497017 -11.0348 4.444644 4.76246 -16.27827 9.549061 7.497016 -16.27827 4.444644 4.762461 -11.0348 9.636259 7.697665 -16.27827 12.30479 4.84272 -16.27827 4.241185 2.027666 -11.0348 4.444644 2.027965 -11.0348 12.42625 2.016661 -16.39106 2.770371 2.016661 -16.39106 4.462286 -1.264758 -16.39106 2.770371 -1.264758 -16.39106 4.444704 -1.265057 -21.86011 12.10139 -3.999552 -16.50385 12.10139 -3.999552 -16.39106 12.10139 -1.265057 -21.74732 12.10139 -3.999553 -21.74732 9.54918 -6.734108 -21.86011 6.996912 -6.734108 -16.39106 9.54918 -6.734108 -21.74732 6.996912 -6.734108 -21.74732 4.444704 -3.999553 -21.74732 9.636379 -6.934756 -16.50385 12.30491 -4.079813 -21.74732 9.636318 -6.934756 -21.74732 6.909774 -6.934756 -21.74732 4.241245 -4.079813 -21.74732 4.444704 -1.265057 -21.74732 4.444704 4.76246 -21.86011 12.10139 4.76246 -21.86011 4.241245 4.84272 -21.74732 12.30491 4.84272 -21.74732 6.909715 7.697665 -16.50386 12.32016 2.016841 -16.50385 12.10139 2.016841 -16.39106 12.92174 -0.8109521 -16.39106 12.10139 2.016661 -21.86011 12.92174 1.562915 -21.86011 2.770491 2.016661 -16.39106 2.770491 -1.264758 -17.41649 2.770491 -1.264758 -21.86011 2.770491 2.016661 -17.41649 4.462406 2.016661 -20.83462 2.770491 -1.264758 -20.83462 4.462406 -1.264758 -21.86011 3.734511 3.462045 -20.75263 2.770491 3.478312 -20.83462 3.734511 -3.806141 -19.65651 3.734511 -3.806141 -18.5946 3.734511 -3.398824 -20.35066 4.462406 -2.726409 -20.83462 4.462406 -3.444982 -17.83059 4.462406 4.184618 -17.81826 2.770491 4.640157 -18.57828 4.462406 4.640157 -19.67284 4.462406 -3.456681 -20.40882 2.770491 -3.888195 -18.57827 2.770491 4.205121 -20.41234 4.462406 4.205121 -20.41234 2.770491 2.016661 -17.49854 2.770491 3.478312 -17.41649 2.770491 4.640157 -19.67284 2.770491 -3.456681 -20.40882 2.770491 4.558104 -18.5946 2.770491 -2.710082 -20.75263 2.770491 -3.398824 -20.35066 2.770491 -3.806141 -18.5946 3.734511 -3.387757 -17.88939 2.770491 -2.710082 -17.49854 4.241185 -1.264756 -0.0966981 4.444644 -1.265055 -5.452956 6.996852 -6.734107 -0.09669744 9.549061 -6.734107 0.01609599 4.444644 -3.999551 -5.340162 6.996852 -6.734107 -5.340161 9.636259 -6.934753 -0.09669744 4.444644 -3.999551 -0.0966978 6.909656 -6.934753 -0.09669744 12.30479 -4.07981 -0.0966978 12.32004 -1.265055 -5.340162 4.241185 -4.079811 -5.340162 4.444644 -1.265055 -5.340162 12.10127 2.016842 -5.452953 6.996852 7.497018 0.01609426 4.444644 4.762461 -5.340163 9.636259 7.697666 -5.340163 6.909656 7.697666 -5.340163 9.549061 7.497018 -5.340163 12.10127 2.016842 -5.34016 12.10127 4.762462 -0.09669888 12.32004 2.016844 -0.09669607 6.996852 7.497018 -0.09669917 4.444644 4.762462 -0.09669888 6.909656 7.697666 -0.09669917 12.30479 4.842721 -5.340163 4.241185 4.842721 -5.340163 4.462286 2.016662 -5.452956 2.770371 -1.264756 0.01609534 4.462286 -1.264756 0.01609534 4.444644 -1.265054 5.485146 4.444644 -3.999551 0.01609563 6.996852 -6.734106 5.485147 4.444644 -3.999551 0.1288892 4.241185 -4.07981 0.1288892 9.549061 -6.734107 0.1288895 6.996852 -6.734106 5.372354 9.636259 -6.934753 0.1288895 12.32004 -1.265054 5.372354 6.909656 -6.934753 0.1288895 4.241185 -4.079809 5.372354 12.10127 -1.265054 5.372354 4.241185 -1.264755 5.372354 4.444644 -1.265055 0.1288889 4.444644 -1.265054 5.372354 4.241185 2.027667 0.1288884 4.444644 4.762462 0.01609462 4.444644 4.762463 5.485146 6.996852 7.497018 5.372352 9.549061 7.497018 0.01609426 12.10127 4.762462 0.01609462 9.549061 7.497018 5.485145 12.10127 4.762463 5.485146 4.444644 4.762462 0.1288881 4.444644 4.762463 5.372353 12.30479 4.842721 0.1288881 4.241185 4.842722 5.372353 4.444644 2.027966 0.1288884 4.444644 2.027967 5.485146 12.92162 1.562918 5.485146 12.40921 1.91637 5.94565 4.462286 4.64016 2.203308 4.462286 -3.888192 3.297873 4.462286 -3.888192 2.203309 2.770371 -3.888192 3.297873 2.770371 2.016664 5.485146 4.462286 2.016663 0.01609492 4.462286 -1.264755 4.459659 3.734451 4.558107 3.281545 3.734451 4.558106 2.219635 3.734451 2.016664 4.377665 4.462286 3.478315 4.459658 2.770371 2.016664 4.459658 4.462286 2.016663 1.041524 4.462286 -1.264756 1.041524 2.770371 -3.888192 2.203309 2.770371 3.478315 4.459658 4.462286 -2.726407 1.041524 2.770371 -2.726407 1.041524 4.462286 -2.726406 4.459659 2.770371 2.016664 4.377665 2.770371 3.462048 4.377664 2.770371 4.558107 3.281545 2.770371 4.64016 3.297873 2.770371 -2.71008 1.123577 2.770371 -3.462255 1.472902 2.770371 -3.410948 3.963593 2.770371 -3.469499 4.021037 3.734451 -1.264755 4.377665 3.734451 4.16704 1.541741 3.734451 3.462048 1.123577 3.734451 2.016663 1.123577 3.734451 -1.264756 1.123577 3.734451 -2.71008 1.123577 3.734451 -3.806138 3.281546 2.770371 -1.264755 4.377665 12.20162 1.916486 -22.32061 12.82133 1.54294 -22.32061 12.82133 -0.7909777 -22.32061 4.444644 -1.264878 -21.86011 9.549061 -6.734108 -21.86011 12.10127 -3.999553 -21.86011 12.10139 -1.264758 -21.86011 4.444704 2.01684 -21.86011 12.20162 -1.164524 -22.32061 12.40921 1.916366 -21.86011 12.40921 -1.164401 5.94565 12.10127 -3.99955 5.485147 4.444644 -3.99955 5.485147 12.82133 -0.7909744 5.485146 12.20162 1.916489 5.485146 12.40921 1.91637 5.485146 12.82133 -0.7909743 5.94565 1.984297 -5.892524 -31.63439 2.059413 -5.892524 -31.81579 1.802847 -5.892524 -32.07229 1.621456 -5.892524 -31.63439 1.712421 -6.076128 -31.7253 1.802847 -6.051428 -31.59217 1.984297 -6.051428 -31.99718 1.54634 -6.051428 -31.81579 1.579293 -6.051428 -31.81579 1.621456 -6.051428 -31.63439 1.92491 -6.190357 -31.69372 1.960973 -6.051428 -31.65766 1.975446 -6.190357 -31.81579 1.960973 -6.051428 -31.97385 1.680843 -6.190357 -31.93779 1.630307 -6.190357 -31.81579 1.893333 -6.076128 -31.90621 1.893333 -6.076128 -31.7253 1.802847 -6.076128 -31.94371 1.905593 -6.190357 -31.71304 1.802847 -6.190357 -31.98832 1.700101 -6.190357 -31.91853 1.948175 -6.190357 -31.81579 1.905593 -6.190357 -31.91853 1.700101 -6.190357 -31.71304 3.403547 6.29642 10.71384 4.622566 6.296421 13.15223 4.622566 6.296421 15.59063 3.403547 6.460527 15.59063 4.622566 6.296422 18.02903 4.622566 6.460527 10.71384 3.403547 6.296422 18.02903 4.400507 6.702681 15.51665 4.622566 6.460527 13.15223 3.403547 6.460527 13.15223 3.625605 6.702681 13.22628 10.16817 3.053337 16.30663 10.16817 3.162722 22.5095 10.16817 3.053336 10.10376 10.16817 3.162721 13.20523 11.83669 3.053338 22.5095 11.83669 3.162722 19.40803 11.83669 3.053337 16.30663 11.83669 3.053336 7.002356 11.83669 3.053337 13.20523 10.41379 3.162722 16.06101 10.16817 3.162722 16.30663 10.41379 3.16272 9.85814 11.83669 3.16272 10.10376 11.59107 3.16272 9.85814 10.41379 3.16272 10.34938 11.83669 3.162721 13.20523 11.59107 3.162722 16.55225 10.41379 3.16272 7.247979 10.41379 3.436152 7.247979 10.41379 3.436152 10.34938 10.41379 3.436154 22.26387 11.59107 3.162722 19.65371 10.41379 3.162722 16.55225 10.41379 3.436153 13.45085 11.35095 3.712336 15.82089 11.59107 3.436153 16.06101 10.65391 3.712335 12.71948 10.65391 3.712337 19.89384 11.35095 3.712337 18.92229 10.41379 3.436153 16.55225 10.65391 3.712336 13.69097 11.35095 3.712335 7.488098 11.35095 3.712335 9.61802 11.35095 3.712337 19.89384 10.65391 3.712337 22.02376 14.3511 0.5010098 19.8107 12.89967 1.498567 7.49414 13.86571 -0.5350655 7.820081 13.86571 -0.5350639 21.69178 13.86571 1.172688 21.69178 13.86571 0.136613 14.29853 14.3511 0.5010093 15.35129 14.3511 0.1366137 19.8107 13.86571 0.5010092 14.29853 10.49405 -3.381815 22.18362 11.51081 -3.381817 7.328299 11.51081 -3.381815 22.18362 10.49405 -3.381817 7.328299 4.444704 4.76246 -16.39106 6.996852 7.497016 -16.27827 12.82133 1.54294 -21.86011 12.82133 -0.7909776 -21.86011 12.92162 -0.8109518 -16.39106 12.42625 -1.264758 -16.39106 12.92174 -0.8109512 -10.92201 12.10139 2.016662 -16.39106 12.92174 1.562916 -16.39106 12.10139 2.016663 -5.45296 12.10139 -1.264756 -5.45296 12.92162 -0.8109509 -10.92201 12.42625 2.016663 -10.92201 12.42625 -1.264757 -10.92201 12.42625 2.016663 -5.45296 12.92174 -0.8109503 -5.45296 12.10139 2.016663 -10.92201 12.92174 1.562917 -10.92201 12.42625 -1.264756 -5.45296 12.92162 -0.8109501 -5.45296 12.92174 -0.8109493 0.01609003 12.92174 1.562917 -5.45296 12.42625 -1.264755 0.01609003 12.10127 -1.265054 5.485146 12.10139 -1.264755 0.01609009 12.92162 -0.8109492 0.01609009 12.42625 2.016664 0.01609009 12.42613 2.016664 5.485146 12.92162 -0.8109495 5.485146 12.10139 2.016664 0.01609009 12.92174 1.562918 0.01609009 12.42613 -1.264755 5.485146 -11.59107 3.436152 7.247979 -11.59107 3.436152 7.247979 -11.59107 3.436152 7.247979 -11.59107 3.436152 9.85814 -11.59107 3.436152 9.85814 -11.59107 3.436152 9.85814 -12.32016 -1.265057 -16.50385 -12.30491 -4.079812 -16.50385 -12.30491 -4.079812 -16.50385 -12.30479 -4.07981 0.1288892 -12.30479 -4.07981 0.1288892 -12.32004 -1.265055 0.1288889 -3.734511 -1.264758 -20.75263 -3.734511 -2.710082 -20.75263 -6.996852 -6.734107 -5.452956 -6.996852 -6.734107 -5.565749 -6.996852 -6.734107 -5.565749 -12.10139 4.76246 -16.39106 -12.10139 4.76246 -16.50386 -12.10139 4.76246 -16.50386 -4.444704 2.027964 -21.74732 -4.444704 2.027964 -21.74732 -4.444704 2.027964 -21.74732 -4.444704 4.76246 -21.74732 -4.444704 4.76246 -21.74732 -3.734511 4.128061 -17.87773 -3.734511 4.558104 -18.5946 -12.10127 -3.999551 -5.340162 -12.10127 -3.999551 -5.340162 -9.549061 -6.734107 -5.340161 -9.549061 -6.734107 -5.340161 -9.549061 -6.734107 -10.92201 -9.549061 -6.734107 -10.80921 -9.549061 -6.734107 -10.80921 -4.444644 4.762461 -5.452957 -4.444644 4.762461 -5.56575 -4.444644 4.762461 -5.56575 -2.770371 -1.264757 -6.478385 -2.770371 -1.264757 -6.478385 -4.462286 -1.264757 -6.478385 -4.241185 -1.264758 -16.27827 -4.241185 -1.264758 -16.27827 -4.444644 -1.265057 -16.27827 -4.444644 -1.265057 -16.27827 -4.444644 -1.265057 -16.27827 -12.10139 -3.999552 -16.50385 -12.10139 -3.999552 -16.50385 -12.10139 -3.999552 -16.39106 -6.996912 -6.734108 -21.74732 -6.996912 -6.734108 -21.74732 -4.444704 -3.999553 -21.74732 -4.444704 -3.999553 -21.74732 -4.444644 -1.265054 5.372354 -4.444644 -1.265054 5.372354 -4.444644 -1.265055 0.1288889 -4.444644 -1.265055 0.1288889 -4.444644 -1.265055 0.1288889 -2.770371 2.016664 4.377665 -2.770371 3.462048 4.377664 -3.734451 -1.264756 1.123577 -3.734451 -2.71008 1.123577 -11.35095 3.712336 15.82089 -11.35095 3.712336 15.82089 -11.59107 3.436153 16.06101 -11.59107 3.436153 16.06101 -11.59107 3.436153 16.06101 -4.444644 -3.999552 -10.92201 -4.444644 -3.999552 -11.0348 -4.444644 -3.999552 -11.0348 -4.444644 -1.265056 -10.92201 -4.444644 -1.265056 -11.0348 -4.444644 -1.265056 -11.0348 -4.444644 -1.265056 -11.0348 -12.10127 -3.999552 -10.92201 -12.10127 -3.999552 -11.0348 -12.10127 -3.999552 -11.0348 -9.549061 -6.734107 -11.0348 -9.549061 -6.734107 -11.0348 -6.996852 -6.734107 -10.92201 -6.996852 -6.734107 -11.0348 -6.996852 -6.734107 -11.0348 -13.86571 0.1366137 19.8107 -13.86571 0.1366137 19.8107 -13.86571 0.5010098 19.8107 -13.86571 0.5010098 19.8107 -13.86571 0.5010092 14.29853 -13.86571 0.136613 14.29853 -11.59107 3.162722 16.55225 -11.59107 3.162722 16.55225 -10.41379 3.162722 16.55225 -10.41379 3.162722 16.55225 -11.59107 3.162722 19.16241 -11.59107 3.162722 19.16241 -10.41379 3.162722 19.16241 -10.41379 3.162722 19.16241 -11.59107 3.162722 19.65371 -11.59107 3.162722 19.65371 -10.41379 3.162722 19.65371 -10.41379 3.162722 19.65371 -10.41379 3.162722 22.26387 -10.41379 3.162722 22.26387 -10.41379 3.436153 16.06101 -10.41379 3.436153 16.06101 -10.41379 3.436153 16.06101 -11.59107 3.436153 13.45085 -11.59107 3.436153 13.45085 -11.59107 3.436153 13.45085 -11.51081 -3.381815 22.18362 -11.51081 -3.381815 22.18362 -11.51081 -3.381817 7.328299 -11.51081 -3.381817 7.328299 -10.49405 -3.381815 22.18362 -10.49405 -3.381815 22.18362 -10.49405 -3.381817 7.328299 -10.49405 -3.381817 7.328299 -10.41379 3.436153 13.45085 -10.41379 3.436153 13.45085 -10.41379 3.436153 13.45085 -11.59107 3.162722 22.26387 -11.59107 3.162722 22.26387 -11.59107 3.16272 10.34938 -11.59107 3.16272 10.34938 -11.59107 3.162721 12.9596 -11.59107 3.162721 12.9596 -10.41379 3.16272 10.34938 -10.41379 3.16272 10.34938 -10.41379 3.162721 12.9596 -10.41379 3.162721 12.9596 -10.41379 3.16272 7.247979 -10.41379 3.16272 7.247979 -10.41379 3.16272 9.85814 -10.41379 3.16272 9.85814 -11.59107 3.162722 16.06101 -11.59107 3.162722 16.06101 -11.59107 3.16272 7.247979 -11.59107 3.16272 7.247979 -11.59107 3.16272 9.85814 -11.59107 3.16272 9.85814 -11.59107 3.162721 13.45085 -11.59107 3.162721 13.45085 -10.41379 3.162721 13.45085 -10.41379 3.162721 13.45085 -10.41379 3.162722 16.06101 -10.41379 3.162722 16.06101 -10.16817 3.053336 7.002356 -10.16817 3.16272 7.002356 -10.16817 3.16272 7.002356 -10.16817 3.162721 13.20523 -10.16817 3.162722 16.30663 -11.83669 3.16272 7.002356 -11.83669 3.16272 7.002356 -11.83669 3.053336 7.002356 -10.16817 3.16272 10.10376 -10.16817 3.162722 22.5095 -10.16817 3.162722 22.5095 -11.83669 3.162722 22.5095 -11.83669 3.162722 22.5095 -10.16817 3.053338 22.5095 -11.83669 3.162722 16.30663 -11.83669 3.162721 13.20523 -11.83669 3.053338 22.5095 -11.83669 -2.415714 22.5095 -10.16817 -2.415714 22.5095 -10.16817 3.162722 19.40803 -11.83669 3.16272 10.10376 -11.83669 3.162722 19.40803 -10.16817 -2.415716 7.002357 -11.83669 -2.415716 7.002357 -1.930771 -6.076128 -31.81579 -1.930771 -6.076128 -31.81579 -1.893333 -6.076128 -31.90621 -1.893333 -6.076128 -31.90621 -1.802847 -6.190357 -31.98832 -1.802847 -6.190357 -31.98832 -1.680843 -6.190357 -31.93779 -1.680843 -6.190357 -31.93779 -1.92491 -6.190357 -31.69372 -1.92491 -6.190357 -31.69372 -1.802847 -6.190357 -31.64319 -1.802847 -6.190357 -31.64319 -1.630307 -6.190357 -31.81579 -1.630307 -6.190357 -31.81579 -1.579293 -6.051428 -31.81579 -1.579293 -6.051428 -31.81579 -1.64478 -6.051428 -31.65766 -1.64478 -6.051428 -31.65766 -1.680843 -6.190357 -31.69372 -1.680843 -6.190357 -31.69372 -1.975446 -6.190357 -31.81579 -1.975446 -6.190357 -31.81579 -1.92491 -6.190357 -31.93779 -1.92491 -6.190357 -31.93779 -1.984297 -6.051428 -31.63439 -1.984297 -6.051428 -31.63439 -1.802847 -6.051428 -31.55922 -1.802847 -6.051428 -31.55922 -1.984297 -5.892524 -31.63439 -1.802847 -5.892524 -31.55922 -2.059413 -6.051428 -31.81579 -2.059413 -6.051428 -31.81579 -1.960973 -6.051428 -31.97385 -1.960973 -6.051428 -31.97385 -2.02646 -6.051428 -31.81579 -2.02646 -6.051428 -31.81579 -1.64478 -6.051428 -31.97385 -1.64478 -6.051428 -31.97385 -1.802847 -6.051428 -32.03934 -1.802847 -6.051428 -32.03934 -1.984297 -6.051428 -31.99718 -1.984297 -6.051428 -31.99718 -2.059413 -5.892524 -31.81579 -1.54634 -5.892524 -31.81579 -1.54634 -6.051428 -31.81579 -1.54634 -6.051428 -31.81579 -1.621456 -5.892524 -31.99718 -1.621456 -6.051428 -31.99718 -1.621456 -6.051428 -31.99718 -1.802847 -5.892524 -32.07229 -1.802847 -6.051428 -32.07229 -1.802847 -6.051428 -32.07229 -1.960973 -6.051428 -31.65766 -1.960973 -6.051428 -31.65766 -1.984297 -5.892524 -31.99718 -1.893333 -6.076128 -31.7253 -1.893333 -6.076128 -31.7253 -1.802847 -6.076128 -31.94371 -1.802847 -6.076128 -31.94371 -1.621456 -6.051428 -31.63439 -1.621456 -6.051428 -31.63439 -1.802847 -6.051428 -31.59217 -1.802847 -6.051428 -31.59217 -1.802847 -6.076128 -31.68786 -1.802847 -6.076128 -31.68786 -1.712421 -6.076128 -31.7253 -1.712421 -6.076128 -31.7253 -1.621456 -5.892524 -31.63439 -9.549061 7.497018 -5.452957 -9.549061 7.497018 -5.340163 -9.549061 7.497018 -5.340163 -4.444644 4.762461 -5.340163 -4.444644 4.762461 -5.340163 -6.996852 7.497018 -5.452957 -6.996852 7.497018 -5.340163 -6.996852 7.497018 -5.340163 -12.10127 4.762461 -5.452957 -12.10127 4.762461 -5.340163 -12.10127 4.762461 -5.340163 -11.59107 3.436154 22.26387 -11.59107 3.436154 22.26387 -11.59107 3.436154 22.26387 -10.41379 3.436152 12.9596 -10.41379 3.436152 12.9596 -10.41379 3.436152 12.9596 -10.41379 3.436152 10.34938 -10.41379 3.436152 10.34938 -10.41379 3.436152 10.34938 -11.35095 3.712336 13.69097 -11.35095 3.712336 13.69097 -10.65391 3.712336 13.69097 -10.65391 3.712336 13.69097 -11.59107 3.436152 12.9596 -11.59107 3.436152 12.9596 -11.59107 3.436152 12.9596 -11.59107 3.436152 10.34938 -11.59107 3.436152 10.34938 -11.59107 3.436152 10.34938 -10.65391 3.712336 15.82089 -10.65391 3.712336 15.82089 -9.636259 -6.934754 -5.565749 -9.636259 -6.934754 -5.565749 -6.909656 -6.934754 -5.565749 -6.909656 -6.934754 -5.565749 -12.30479 -4.079811 -5.565749 -12.30479 -4.079811 -5.565749 -12.10127 4.762462 0.01609462 -12.10127 4.762462 0.1288881 -12.10127 4.762462 0.1288881 -11.59107 3.436153 16.55225 -11.59107 3.436153 16.55225 -11.59107 3.436153 16.55225 -11.35095 3.712336 16.79237 -11.35095 3.712336 16.79237 -12.10127 -3.999551 -5.565749 -12.10127 -3.999551 -5.565749 -12.10127 -3.999551 -5.452956 -12.10127 -1.265055 -5.56575 -10.41379 3.436153 19.16241 -10.41379 3.436153 19.16241 -10.41379 3.436153 19.16241 -10.65391 3.712337 18.92229 -10.65391 3.712337 18.92229 -4.444644 -1.265056 -10.80921 -4.444644 -1.265056 -10.80921 -4.444644 -1.265056 -10.80921 -4.444644 -3.999552 -10.80921 -4.444644 -3.999552 -10.80921 -10.41379 3.436152 7.247979 -10.41379 3.436152 7.247979 -10.41379 3.436152 7.247979 -10.41379 3.436153 16.55225 -10.41379 3.436153 16.55225 -10.41379 3.436153 16.55225 -10.65391 3.712336 16.79237 -10.65391 3.712336 16.79237 -9.549061 7.497018 0.01609426 -9.549061 7.497018 0.1288878 -9.549061 7.497018 0.1288878 -6.996852 7.497018 0.01609426 -6.996852 7.497018 0.1288878 -6.996852 7.497018 0.1288878 -10.41379 3.436152 9.85814 -10.41379 3.436152 9.85814 -10.41379 3.436152 9.85814 -6.996852 -6.734107 -10.80921 -6.996852 -6.734107 -10.80921 -9.549061 -6.734107 -5.565749 -9.549061 -6.734107 -5.565749 -12.10127 -3.999552 -10.80921 -12.10127 -3.999552 -10.80921 -6.909656 -6.934755 -10.80921 -6.909656 -6.934755 -10.80921 -9.636259 -6.934755 -10.80921 -9.636259 -6.934755 -10.80921 -12.30479 -4.079812 -10.80921 -12.30479 -4.079812 -10.80921 -12.32004 -1.265055 -5.56575 -12.10127 -1.265056 -10.80921 -12.32004 -1.265056 -10.80921 -9.549061 -6.734107 -5.452956 -10.41379 3.436153 19.65371 -10.41379 3.436153 19.65371 -10.41379 3.436153 19.65371 -11.59107 3.436153 19.65371 -11.59107 3.436153 19.65371 -11.59107 3.436153 19.65371 -10.41379 3.436154 22.26387 -10.41379 3.436154 22.26387 -10.41379 3.436154 22.26387 -11.59107 3.436153 19.16241 -11.59107 3.436153 19.16241 -11.59107 3.436153 19.16241 -14.3511 0.5010098 19.8107 -14.3511 0.5010098 19.8107 -14.3511 0.1366137 19.8107 -14.3511 0.1366137 19.8107 -10.65391 3.712335 9.61802 -10.65391 3.712335 9.61802 -11.35095 3.712335 9.61802 -11.35095 3.712335 9.61802 -10.65391 3.712335 7.488098 -10.65391 3.712335 7.488098 -10.65391 3.712335 10.5895 -10.65391 3.712335 10.5895 -11.35095 3.712335 10.5895 -11.35095 3.712335 10.5895 -11.35095 3.712335 7.488098 -11.35095 3.712335 7.488098 -4.241185 -4.079811 -5.565749 -4.241185 -4.079811 -5.565749 -10.65391 3.712335 12.71948 -10.65391 3.712335 12.71948 -14.3511 0.5010093 15.35129 -14.3511 0.1366131 15.35129 -11.35095 3.712335 12.71948 -11.35095 3.712335 12.71948 -4.444644 -3.999551 -5.565749 -4.444644 -3.999551 -5.565749 -4.241185 -4.079812 -10.80921 -4.241185 -4.079812 -10.80921 -4.241185 -1.264757 -5.56575 -4.241185 -1.264757 -5.56575 -4.444644 -1.265055 -5.56575 -4.444644 -1.265055 -5.56575 -4.444644 -1.265055 -5.56575 -4.444644 -1.265055 -5.452956 -4.444644 -3.999551 -5.452956 -4.241185 -1.264757 -10.80921 -4.241185 -1.264757 -10.80921 -11.35095 3.712337 18.92229 -11.35095 3.712337 18.92229 -11.35095 3.712337 19.89384 -11.35095 3.712337 19.89384 -10.65391 3.712337 19.89384 -10.65391 3.712337 19.89384 -10.65391 3.712337 22.02376 -10.65391 3.712337 22.02376 -4.444644 4.762462 0.01609462 -4.444644 4.762462 0.1288881 -4.444644 4.762462 0.1288881 -11.35095 3.712337 22.02376 -11.35095 3.712337 22.02376 -13.86571 1.172686 7.820081 -13.86571 1.172686 7.820081 -13.86571 1.172688 21.69178 -13.86571 1.172688 21.69178 -13.86571 -0.5350639 21.69178 -13.86571 -0.5350639 21.69178 -13.86571 -0.5350655 7.820081 -13.86571 -0.5350655 7.820081 -12.89967 1.498569 22.01766 -12.89967 -0.8610067 7.494199 -12.89967 -0.8610048 22.01766 -12.89967 1.498567 7.49414 -4.444704 -3.999552 -16.50385 -4.444704 -3.999552 -16.50385 -6.996912 -6.734108 -16.50385 -6.996912 -6.734108 -16.50385 -4.241245 -4.079812 -16.50385 -4.241245 -4.079812 -16.50385 -6.909774 -6.934756 -16.50385 -6.909774 -6.934756 -16.50385 -4.241245 -4.079813 -21.74732 -4.241245 -4.079813 -21.74732 -6.909774 -6.934756 -21.74732 -6.909774 -6.934756 -21.74732 -4.444704 -1.265057 -16.50385 -4.444704 -1.265057 -16.50385 -4.444704 -3.999552 -16.39106 -4.444704 -1.265057 -16.39106 -12.30491 -4.079813 -21.74732 -12.30491 -4.079813 -21.74732 -12.32016 -1.265057 -21.74732 -9.636318 -6.934756 -21.74732 -9.636318 -6.934756 -21.74732 -9.636379 -6.934756 -16.50385 -9.636379 -6.934756 -16.50385 -9.54918 -6.734108 -16.39106 -9.54918 -6.734108 -16.50385 -9.54918 -6.734108 -16.50385 -6.996912 -6.734108 -16.39106 -6.996912 -6.734108 -16.39106 -12.10139 -3.999553 -21.86011 -12.10139 -3.999553 -21.74732 -12.10139 -3.999553 -21.74732 -12.10139 -1.265057 -21.74732 -4.444704 -3.999553 -21.86011 -4.444704 -3.999553 -21.86011 -9.54918 -6.734108 -21.74732 -9.54918 -6.734108 -21.74732 -9.54918 -6.734108 -21.86011 -4.444704 -1.265057 -21.74732 -4.444704 -1.265057 -21.74732 -12.10139 -1.265057 -16.50385 -6.996912 -6.734108 -21.86011 -6.996912 -6.734108 -21.86011 -1.802847 -6.190357 -31.96105 -1.802847 -6.190357 -31.96105 -1.712421 -6.076128 -31.90621 -1.712421 -6.076128 -31.90621 -1.674982 -6.076128 -31.81579 -1.674982 -6.076128 -31.81579 -1.905593 -6.190357 -31.71304 -1.905593 -6.190357 -31.71304 -4.241245 -1.264758 -21.74732 -4.241245 -1.264758 -16.50385 -1.802847 -6.190357 -31.67046 -1.802847 -6.190357 -31.67046 -1.700101 -6.190357 -31.71304 -1.700101 -6.190357 -31.71304 -1.700101 -6.190357 -31.91853 -1.700101 -6.190357 -31.91853 -1.905593 -6.190357 -31.91853 -1.905593 -6.190357 -31.91853 -1.948175 -6.190357 -31.81579 -1.948175 -6.190357 -31.81579 -1.657579 -6.190357 -31.81579 -1.657579 -6.190357 -31.81579 -4.241185 -1.264755 5.372354 -4.241185 -1.264755 5.372354 -4.444644 -3.99955 5.485147 -4.444644 -3.99955 5.485147 -6.996852 -6.734106 5.485147 -6.996852 -6.734106 5.485147 -4.444644 -3.99955 5.372354 -4.444644 -3.99955 5.372354 -6.996852 -6.734106 5.372354 -6.996852 -6.734106 5.372354 -4.444644 -3.999551 0.1288892 -4.444644 -3.999551 0.1288892 -6.996852 -6.734107 0.1288895 -6.996852 -6.734107 0.1288895 -4.241185 -4.079809 5.372354 -4.241185 -4.079809 5.372354 -4.241185 -4.07981 0.1288892 -4.241185 -4.07981 0.1288892 -4.241185 -1.264756 0.1288889 -4.241185 -1.264756 0.1288889 -6.909656 -6.934753 0.1288895 -6.909656 -6.934753 0.1288895 -6.909656 -6.934753 5.372354 -6.909656 -6.934753 5.372354 -9.636259 -6.934753 0.1288895 -9.636259 -6.934753 0.1288895 -9.636259 -6.934753 5.372354 -9.636259 -6.934753 5.372354 -12.32004 -1.265054 5.372354 -12.30485 -4.079809 5.372354 -12.30485 -4.079809 5.372354 -4.241185 2.027667 0.1288884 -4.241185 2.027667 0.1288884 -4.444644 2.027966 0.1288884 -4.444644 2.027966 0.1288884 -4.444644 2.027966 0.1288884 -12.30479 4.842721 -5.340163 -12.30479 4.842721 -5.340163 -12.32004 2.016842 -5.34016 -6.909656 7.697666 -5.340163 -6.909656 7.697666 -5.340163 -9.636259 7.697666 -5.340163 -9.636259 7.697666 -5.340163 -4.241185 4.842721 0.1288881 -4.241185 4.842721 0.1288881 -6.909656 7.697666 0.1288878 -6.909656 7.697666 0.1288878 -12.10127 4.762462 -0.09669888 -12.10127 4.762462 -0.09669888 -4.241185 2.027668 5.372354 -4.241185 2.027668 5.372354 -4.444644 2.027967 5.372354 -4.444644 2.027967 5.372354 -12.30479 4.842721 -0.09669888 -12.30479 4.842721 -0.09669888 -12.10127 2.016842 -5.34016 -6.909656 7.697666 -0.09669917 -6.909656 7.697666 -0.09669917 -9.636259 7.697666 -0.09669917 -9.636259 7.697666 -0.09669917 -12.32004 2.016844 -0.09669607 -4.444644 4.762463 5.372353 -4.444644 4.762463 5.372353 -6.996852 7.497018 5.372352 -6.996852 7.497018 5.372352 -12.10127 2.016844 -0.09669607 -4.444644 4.762463 5.485146 -4.241185 4.842722 5.372353 -4.241185 4.842722 5.372353 -6.909656 7.697667 5.372352 -6.909656 7.697667 5.372352 -9.549061 7.497018 -0.09669917 -9.549061 7.497018 -0.09669917 -6.996852 7.497018 -0.09669917 -6.996852 7.497018 -0.09669917 -12.82133 1.542943 5.94565 -12.82133 1.542943 5.94565 -12.82133 1.542943 5.485146 -12.82133 1.542943 5.485146 -3.734451 -1.264755 4.377665 -3.734451 -2.710079 4.377665 -4.241185 4.842721 -5.340163 -4.241185 4.842721 -5.340163 -4.241185 2.027667 -0.09669852 -4.241185 2.027667 -0.09669852 -4.444644 2.027966 -0.09669852 -4.444644 2.027966 -0.09669852 -12.30479 -4.079811 -5.340162 -12.30479 -4.079811 -5.340162 -12.32004 -1.265055 -5.340162 -9.636259 -6.934754 -5.340161 -9.636259 -6.934754 -5.340161 -2.770371 -3.888192 3.297873 -2.770371 -3.469499 4.021037 -4.444644 4.762462 -0.09669888 -4.444644 4.762462 -0.09669888 -12.20162 1.916489 5.94565 -12.20162 1.916489 5.94565 -12.20162 1.916489 5.485146 -12.20162 1.916489 5.485146 -12.20162 -1.164521 5.94565 -12.20162 -1.164521 5.94565 -12.20162 -1.164521 5.485146 -12.20162 -1.164521 5.485146 -6.996852 -6.734107 -5.340161 -6.996852 -6.734107 -5.340161 -6.996852 -6.734107 -0.09669744 -6.996852 -6.734107 -0.09669744 -9.549061 -6.734107 -0.09669744 -9.549061 -6.734107 -0.09669744 -12.10127 -3.999551 -0.0966978 -12.10127 -3.999551 -0.0966978 -12.10127 -3.999551 0.01609563 -12.10127 -1.265055 -5.340162 -12.10127 -1.265055 -0.0966981 -6.909656 -6.934754 -5.340161 -6.909656 -6.934754 -5.340161 -4.241185 4.842721 -0.09669888 -4.241185 4.842721 -0.09669888 -4.444644 -3.999551 -5.340162 -4.444644 -3.999551 -5.340162 -2.770371 -1.264756 1.041524 -2.770371 -1.264756 1.041524 -2.770371 -2.726407 1.041524 -2.770371 2.016664 4.459658 -2.770371 2.016664 4.459658 -2.770371 3.478315 4.459658 -4.241185 2.027667 -5.340162 -4.241185 2.027667 -5.340162 -4.444644 2.027966 -5.340162 -4.444644 2.027966 -5.340162 -4.444644 2.027966 -5.340162 -9.549061 -6.734107 0.01609599 -2.770371 -3.888192 2.203309 -2.770371 -3.462255 1.472902 -2.770371 2.016663 1.041524 -2.770371 2.016663 1.041524 -2.770371 3.478315 1.041523 -2.770371 -1.264755 4.459659 -2.770371 -1.264755 4.459659 -2.770371 -2.726406 4.459659 -6.996852 -6.734107 0.01609599 -2.770371 4.64016 2.203308 -2.770371 4.225827 1.484505 -3.734451 2.016664 4.377665 -4.462286 -1.264755 4.459659 -4.462286 2.016664 4.459658 -3.734451 2.016663 1.123577 -2.770491 4.640157 -18.57828 -2.770491 4.640157 -19.67284 -4.462286 -1.264756 1.041524 -4.462286 2.016663 1.041524 -6.909656 -6.934753 -0.09669744 -6.909656 -6.934753 -0.09669744 -2.770491 2.016661 -17.41649 -2.770491 2.016661 -17.41649 -4.462406 2.016661 -17.41649 -3.734511 2.016661 -20.75263 -3.734511 -1.264758 -17.49854 -3.734511 2.016661 -17.49854 -2.770371 4.64016 3.297873 -9.636259 -6.934753 -0.09669744 -9.636259 -6.934753 -0.09669744 -12.30479 -4.07981 -0.0966978 -12.30479 -4.07981 -0.0966978 -12.10127 -3.999551 0.1288892 -12.10127 -3.999551 0.1288892 -12.10127 -1.265055 0.1288889 -9.549061 -6.734106 5.372354 -9.549061 -6.734106 5.372354 -12.32004 -1.265055 -0.0966981 -12.10127 -3.99955 5.372354 -12.10127 -3.99955 5.372354 -12.10127 -3.99955 5.485147 -12.10127 -3.99955 5.485147 -12.10127 -1.265054 5.372354 -9.549061 -6.734106 5.485147 -9.549061 -6.734106 5.485147 -3.734451 3.462048 4.377664 -9.549061 -6.734107 0.1288895 -9.549061 -6.734107 0.1288895 -3.734451 3.462048 1.123577 -2.770491 -3.888195 -19.67284 -2.770491 -3.888195 -18.57827 -12.82133 -0.7909777 -22.32061 -12.82133 -0.7909777 -22.32061 -12.82133 1.54294 -22.32061 -12.82133 1.54294 -22.32061 -12.40921 1.916366 -22.32061 -12.40921 1.916366 -22.32061 -2.770371 -3.404096 1.530766 -2.770371 -3.806139 2.219636 -2.770371 -3.806138 3.281546 -2.770371 -1.264756 1.123577 -2.770371 -2.71008 1.123577 -3.734451 4.140783 3.985729 -2.770371 -3.410948 3.963593 -3.734451 4.16704 1.541741 -3.734451 4.558106 2.219635 -12.20162 -1.164524 -22.32061 -12.20162 -1.164524 -22.32061 -12.40921 -1.164404 -22.32061 -12.40921 -1.164404 -22.32061 -3.734451 4.558107 3.281545 -12.20162 1.916486 -22.32061 -12.20162 1.916486 -22.32061 -12.92162 -0.8109527 -21.86011 -12.92162 -0.8109527 -21.86011 -12.42625 -1.264758 -21.86011 -12.42625 -1.264758 -21.86011 -12.92174 1.562915 -21.86011 -12.92174 1.562915 -21.86011 -12.42625 2.016661 -21.86011 -12.42625 2.016661 -21.86011 -3.734451 -3.404096 1.530766 -3.734451 -3.410948 3.963593 -3.734451 -3.806139 2.219636 -3.734451 -3.806138 3.281546 -2.770371 4.198069 4.044435 -9.636259 7.697667 5.372352 -9.636259 7.697667 5.372352 -12.30479 4.842722 5.372353 -12.30479 4.842722 5.372353 -12.32004 2.016844 5.372357 -12.30479 4.842721 0.1288881 -12.30479 4.842721 0.1288881 -12.32004 2.016844 0.1288905 -12.10127 4.762463 5.372353 -12.10127 4.762463 5.372353 -12.10127 2.016844 5.372357 -12.10127 4.762463 5.485146 -9.636259 7.697666 0.1288878 -9.636259 7.697666 0.1288878 -9.549061 7.497018 5.372352 -9.549061 7.497018 5.372352 -12.10127 2.016844 0.1288905 -9.549061 7.497018 5.485145 -6.996852 7.497018 5.485145 -12.40921 1.91637 5.485146 -12.40921 1.91637 5.485146 -2.770371 -1.264755 4.377665 -2.770371 -2.710079 4.377665 -12.40921 -1.164401 5.485146 -12.40921 -1.164401 5.485146 -2.770371 4.140783 3.985729 -2.770371 4.558107 3.281545 -2.770371 4.16704 1.541741 -2.770371 3.462048 1.123577 -2.770371 2.016663 1.123577 -2.770371 4.558106 2.219635 -4.444644 2.027965 -11.0348 -4.444644 2.027965 -11.0348 -4.444644 2.027965 -11.0348 -4.444644 2.027964 -16.27827 -4.444644 2.027964 -16.27827 -4.444644 2.027964 -16.27827 -4.241185 4.84272 -11.0348 -4.241185 4.84272 -11.0348 -4.241185 4.84272 -16.27827 -4.241185 4.84272 -16.27827 -4.444644 4.76246 -16.27827 -4.444644 4.76246 -16.27827 -6.996852 7.497016 -16.27827 -6.996852 7.497016 -16.27827 -12.10127 4.762461 -11.0348 -12.10127 4.762461 -11.0348 -9.549061 7.497017 -11.0348 -9.549061 7.497017 -11.0348 -4.241185 2.027665 -16.27827 -4.241185 2.027665 -16.27827 -4.241185 2.027666 -11.0348 -4.241185 2.027666 -11.0348 -4.444644 4.762461 -11.0348 -4.444644 4.762461 -11.0348 -12.10127 4.76246 -16.39106 -12.10127 4.76246 -16.27827 -12.10127 4.76246 -16.27827 -12.10127 2.016841 -16.27827 -6.996852 7.497017 -11.0348 -6.996852 7.497017 -11.0348 -9.549061 7.497016 -16.27827 -9.549061 7.497016 -16.27827 -12.30479 4.84272 -11.0348 -12.30479 4.84272 -11.0348 -12.32004 2.016842 -11.0348 -9.636259 7.697665 -11.0348 -9.636259 7.697665 -11.0348 -6.909656 7.697665 -11.0348 -6.909656 7.697665 -11.0348 -12.30479 4.84272 -16.27827 -12.30479 4.84272 -16.27827 -6.909656 7.697665 -16.27827 -6.909656 7.697665 -16.27827 -9.636259 7.697665 -16.27827 -9.636259 7.697665 -16.27827 -12.32004 2.016841 -16.27827 -12.10127 -3.999552 -16.27827 -12.10127 -3.999552 -16.27827 -12.10127 -1.265057 -16.27827 -12.10127 -3.999552 -16.39106 -12.10127 -1.265056 -11.0348 -12.30479 -4.079812 -16.27827 -12.30479 -4.079812 -16.27827 -12.30479 -4.079812 -11.0348 -12.30479 -4.079812 -11.0348 -6.909656 -6.934756 -16.27827 -6.909656 -6.934756 -16.27827 -9.636259 -6.934756 -16.27827 -9.636259 -6.934756 -16.27827 -4.444644 -3.999552 -16.27827 -4.444644 -3.999552 -16.27827 -9.549061 -6.734108 -16.27827 -9.549061 -6.734108 -16.27827 -9.549061 -6.734108 -16.39106 -12.32004 -1.265056 -11.0348 -6.909656 -6.934755 -11.0348 -6.909656 -6.934755 -11.0348 -9.636259 -6.934755 -11.0348 -9.636259 -6.934755 -11.0348 -12.32004 -1.265057 -16.27827 -6.996852 -6.734108 -16.27827 -6.996852 -6.734108 -16.27827 -4.241245 4.84272 -16.50386 -4.241245 4.84272 -16.50386 -6.909715 7.697665 -16.50386 -6.909715 7.697665 -16.50386 -4.241245 4.84272 -21.74732 -4.241245 4.84272 -21.74732 -6.909715 7.697664 -21.74732 -6.909715 7.697664 -21.74732 -4.241245 2.027665 -16.50385 -4.241245 2.027665 -16.50385 -4.444704 2.027964 -16.50385 -4.444704 2.027964 -16.50385 -4.241245 2.027665 -21.74732 -4.241245 2.027665 -21.74732 -12.10127 4.762461 -5.56575 -12.10127 4.762461 -5.56575 -12.10127 2.016842 -5.565747 -4.444644 2.027966 -5.56575 -4.444644 2.027966 -5.56575 -4.444644 4.762461 -10.92201 -4.444644 4.762461 -10.80922 -4.444644 4.762461 -10.80922 -4.444644 2.027965 -10.80921 -4.444644 2.027965 -10.80921 -4.444644 2.027965 -10.80921 -12.10127 2.016842 -11.0348 -4.241185 2.027666 -10.80921 -4.241185 2.027666 -10.80921 -4.241185 2.027667 -5.56575 -4.241185 2.027667 -5.56575 -4.241185 4.842721 -5.56575 -4.241185 4.842721 -5.56575 -4.241185 4.84272 -10.80922 -4.241185 4.84272 -10.80922 -12.30491 4.84272 -16.50386 -12.30491 4.84272 -16.50386 -9.636318 7.697665 -16.50386 -9.636318 7.697665 -16.50386 -12.30491 4.84272 -21.74732 -12.30491 4.84272 -21.74732 -9.636318 7.697664 -21.74732 -9.636318 7.697664 -21.74732 -12.32016 2.01684 -21.74732 -12.32016 2.016841 -16.50385 -4.444704 4.76246 -16.39106 -4.444704 4.76246 -16.50386 -4.444704 4.76246 -16.50386 -12.10139 2.016841 -16.50385 -6.996912 7.497016 -21.74732 -6.996912 7.497016 -21.74732 -9.54912 7.497016 -21.74732 -9.54912 7.497016 -21.74732 -6.996912 7.497016 -21.86011 -12.10139 4.76246 -21.74732 -12.10139 4.76246 -21.74732 -9.54912 7.497016 -16.39106 -9.54912 7.497016 -16.39106 -9.54912 7.497016 -16.50386 -9.54912 7.497016 -16.50386 -9.54912 7.497016 -21.86011 -6.996912 7.497016 -16.39106 -6.996912 7.497016 -16.50386 -6.996912 7.497016 -16.50386 -4.444704 4.76246 -21.86011 -12.10139 2.01684 -21.74732 -12.10139 4.76246 -21.86011 -4.444644 -3.999551 0.01609563 -6.909656 7.697666 -5.565751 -6.909656 7.697666 -5.565751 -6.909656 7.697665 -10.80922 -6.909656 7.697665 -10.80922 -4.400507 6.70268 10.9359 -4.400507 6.70268 10.9359 -3.625605 6.70268 10.9359 -3.625605 6.70268 10.9359 -3.625605 6.702681 17.80698 -3.625605 6.702681 17.80698 -4.400507 6.702681 17.80698 -4.400507 6.702681 17.80698 -4.400507 6.702681 15.51665 -4.400507 6.702681 13.22628 -3.625605 6.702681 15.51665 -3.403547 6.460528 18.02903 -3.403547 6.460528 18.02903 -3.403547 6.460528 18.02903 -4.622566 6.460528 18.02903 -4.622566 6.460528 18.02903 -4.622566 6.460528 18.02903 -3.403547 6.296422 18.02903 -4.622566 6.460527 10.71384 -4.622566 6.460527 10.71384 -4.622566 6.460527 10.71384 -3.403547 6.460527 10.71384 -3.403547 6.460527 10.71384 -3.403547 6.460527 10.71384 -4.622566 6.296422 18.02903 -4.622566 6.29642 10.71384 -3.625605 6.702681 13.22628 -3.403547 6.29642 10.71384 -6.996852 7.497017 -10.80922 -6.996852 7.497017 -10.80922 -3.403547 6.460527 15.59063 -3.403547 6.460527 13.15223 -6.996852 7.497018 -5.565751 -6.996852 7.497018 -5.565751 -12.10127 4.762461 -10.92201 -12.10127 4.762461 -10.80922 -12.10127 4.762461 -10.80922 -9.549061 7.497017 -10.80922 -9.549061 7.497017 -10.80922 -12.10127 2.016842 -10.80921 -9.549061 7.497017 -10.92201 -9.549061 7.497018 -5.565751 -9.549061 7.497018 -5.565751 -6.996852 7.497017 -10.92201 -12.30479 4.842721 -5.56575 -12.30479 4.842721 -5.56575 -12.32004 2.016842 -5.565747 -12.30479 4.84272 -10.80922 -12.30479 4.84272 -10.80922 -12.32004 2.016842 -10.80921 -9.636259 7.697665 -10.80922 -9.636259 7.697665 -10.80922 -9.636259 7.697666 -5.565751 -9.636259 7.697666 -5.565751 -4.622566 6.460527 13.15223 -4.622566 6.460527 15.59063 -4.241185 -4.079812 -11.0348 -4.241185 -4.079812 -11.0348 -2.770371 -1.264757 -6.560439 -2.770371 -2.710081 -6.560439 -2.770371 4.558105 -8.718408 -2.770371 4.131286 -9.432088 -2.770371 4.558105 -7.656497 -2.770371 4.189224 -7.000789 -2.770371 2.016662 -6.560439 -2.770371 3.462047 -6.56044 -4.241185 -4.079812 -16.27827 -4.241185 -4.079812 -16.27827 -4.241185 -1.264757 -11.0348 -4.241185 -1.264757 -11.0348 -2.770371 -1.264757 -9.814527 -2.770371 -2.710081 -9.814527 -2.770371 3.462046 -9.814527 -2.770371 2.016662 -9.814527 -2.770371 -3.403455 -9.40795 -2.770371 -3.80614 -8.718407 -2.770371 -3.80614 -7.656496 -2.770371 -3.445757 -7.009286 -4.444644 2.027965 -10.92201 -2.770371 -2.726408 -9.896579 -2.770371 -3.461577 -9.465851 -2.770371 2.016662 -6.478385 -2.770371 2.016662 -6.478385 -4.462286 2.016662 -6.478385 -2.770371 3.478314 -6.478385 -2.770371 4.249279 -6.944821 -3.734451 -1.264757 -9.814527 -3.734451 2.016662 -9.814527 -3.734451 -1.264757 -6.560439 -3.734451 2.016662 -6.560439 -2.770371 -3.888194 -8.734734 -2.770371 -3.888194 -7.64023 -2.770371 2.016662 -9.896579 -2.770371 2.016662 -9.896579 -4.462286 2.016662 -9.896579 -2.770371 -1.264757 -9.896579 -2.770371 -1.264757 -9.896579 -4.462286 -1.264757 -9.896579 -2.770371 4.640159 -7.640231 -2.770371 4.640158 -8.734737 -3.734451 -3.80614 -8.718407 -3.734451 -3.80614 -7.656496 -3.734451 -3.445757 -7.009286 -3.734451 -2.710081 -6.560439 -3.734451 -3.403455 -9.40795 -3.734451 3.462046 -9.814527 -2.770371 -2.726408 -6.478385 -3.734451 3.462047 -6.56044 -3.734451 -2.710081 -9.814527 -2.770371 -3.506299 -6.953804 -3.734451 4.558105 -7.656497 -3.734451 4.189224 -7.000789 -3.734451 4.558105 -8.718408 -3.734451 4.131286 -9.432088 -2.770371 3.478313 -9.896579 -2.770371 4.188028 -9.491371 -2.770491 -1.264758 -20.83462 -2.770491 -1.264758 -20.83462 -2.770491 -2.726409 -20.83462 -3.734511 3.462045 -20.75263 -2.770491 2.016661 -20.83462 -2.770491 2.016661 -20.83462 -2.770491 3.478312 -20.83462 -3.734511 3.462045 -17.49854 -2.770491 -1.264758 -17.41649 -2.770491 -1.264758 -17.41649 -2.770491 -2.726409 -17.41649 -4.241185 -4.07981 -0.0966978 -4.241185 -4.07981 -0.0966978 -2.770491 4.205121 -20.41234 -3.734511 -2.710082 -17.49854 -2.770491 -3.456681 -20.40882 -4.462406 2.016661 -20.83462 -4.462406 -1.264758 -17.41649 -2.770491 4.184618 -17.81826 -4.462406 -1.264758 -20.83462 -12.82133 -0.7909743 5.94565 -12.82133 -0.7909743 5.94565 -2.770491 3.478312 -17.41649 -3.734511 -3.806141 -19.65651 -3.734511 -3.398824 -20.35066 -3.734511 -3.387757 -17.88939 -3.734511 4.558104 -19.65651 -3.734511 -3.806141 -18.5946 -3.734511 4.147454 -20.35399 -2.770491 -3.444982 -17.83059 -4.241185 -4.079811 -5.340162 -4.241185 -4.079811 -5.340162 -4.444644 -3.999551 -0.0966978 -4.444644 -3.999551 -0.0966978 -4.241185 -1.264757 -5.340162 -4.241185 -1.264757 -5.340162 -4.241185 -1.264756 -0.0966981 -4.241185 -1.264756 -0.0966981 -4.444644 -1.265055 -5.340162 -4.444644 -1.265055 -5.340162 -4.444644 -1.265055 -5.340162 -4.444644 -1.265055 -0.0966981 -4.444644 -1.265055 -0.0966981 -4.444644 -1.265055 -0.0966981 -4.444644 -1.265055 0.01609534 -2.770491 -3.387757 -17.88939 -2.770491 -2.710082 -17.49854 -2.770491 3.462045 -20.75263 -2.770491 2.016661 -20.75263 -2.770491 -1.264758 -20.75263 -2.770491 -2.710082 -20.75263 -2.770491 -3.806141 -19.65651 -2.770491 -3.806141 -18.5946 -2.770491 -3.398824 -20.35066 -2.770491 4.558104 -18.5946 -2.770491 4.558104 -19.65651 -2.770491 -1.264758 -17.49854 -2.770491 4.128061 -17.87773 -12.82133 -0.7909776 -21.86011 -12.82133 -0.7909776 -21.86011 -12.40921 -1.164404 -21.86011 -12.40921 -1.164404 -21.86011 -2.770491 4.147454 -20.35399 -12.20162 1.916486 -21.86011 -12.20162 1.916486 -21.86011 -12.40921 1.916366 -21.86011 -12.40921 1.916366 -21.86011 -12.20162 -1.164524 -21.86011 -12.20162 -1.164524 -21.86011 -12.42613 2.016664 5.485146 -12.42613 2.016664 5.485146 -12.10127 2.016843 5.485146 -12.10127 2.016843 5.485146 -2.770491 2.016661 -17.49854 -2.770491 3.462045 -17.49854 -12.82133 1.54294 -21.86011 -12.82133 1.54294 -21.86011 -12.40921 1.91637 5.94565 -12.40921 1.91637 5.94565 -12.40921 -1.164401 5.94565 -12.40921 -1.164401 5.94565 -12.82133 -0.7909744 5.485146 -12.82133 -0.7909744 5.485146 -12.42625 2.016661 -16.39106 -12.42625 2.016661 -16.39106 -12.42625 2.016661 -16.39106 -12.92174 -0.8109521 -16.39106 -12.92174 -0.8109512 -10.92201 -12.92162 -0.8109518 -16.39106 -12.42625 2.016663 -10.92201 -12.42625 2.016663 -10.92201 -12.42625 2.016663 -10.92201 -12.10139 2.016663 -10.92201 -12.92174 1.562917 -10.92201 -12.92174 1.562917 -10.92201 -12.42625 2.016663 -5.45296 -12.42625 -1.264756 -5.45296 -12.42625 -1.264756 -5.45296 -12.42625 -1.264757 -10.92201 -12.42625 -1.264757 -10.92201 -12.92174 -0.8109503 -5.45296 -12.92162 -0.8109509 -10.92201 -12.92162 1.562918 5.485146 -12.92162 1.562918 5.485146 -12.92174 1.562918 0.01609009 -12.92174 1.562918 0.01609009 -12.92162 -0.8109495 5.485146 -12.92162 -0.8109495 5.485146 -12.92174 -0.8109493 0.01609003 -12.92162 -0.8109501 -5.45296 -12.42625 2.016664 0.01609009 -12.42625 2.016664 0.01609009 -12.42625 2.016664 0.01609009 -12.10139 2.016664 0.01609009 -12.42613 -1.264755 5.485146 -12.42613 -1.264755 5.485146 -12.92162 -0.8109492 0.01609009 -12.10139 2.016662 -16.39106 -12.92174 1.562916 -16.39106 -12.92174 1.562916 -16.39106 -12.42625 -1.264758 -16.39106 -12.42625 -1.264758 -16.39106 -12.92174 1.562917 -5.45296 -12.42625 -1.264755 0.01609003 -12.42625 -1.264755 0.01609003 -12.10139 -1.264758 -21.86011 -12.10139 -1.264758 -21.86011 11.59107 3.436152 7.247979 11.59107 3.436152 7.247979 11.59107 3.436152 7.247979 11.59107 3.436152 9.85814 11.59107 3.436152 9.85814 11.59107 3.436152 9.85814 12.32016 -1.265057 -16.50385 12.30491 -4.079812 -16.50385 12.30491 -4.079812 -16.50385 12.30479 -4.07981 0.1288892 12.30479 -4.07981 0.1288892 12.32004 -1.265055 0.1288889 3.734511 -1.264758 -20.75263 3.734511 -2.710082 -20.75263 6.996852 -6.734107 -5.452956 6.996852 -6.734107 -5.565749 6.996852 -6.734107 -5.565749 12.10139 4.76246 -16.39106 12.10139 4.76246 -16.50386 12.10139 4.76246 -16.50386 4.444704 2.027964 -21.74732 4.444704 2.027964 -21.74732 4.444704 2.027964 -21.74732 4.444704 4.76246 -21.74732 4.444704 4.76246 -21.74732 3.734511 4.128061 -17.87773 3.734511 4.558104 -18.5946 12.10127 -3.999551 -5.340162 12.10127 -3.999551 -5.340162 9.549061 -6.734107 -5.340161 9.549061 -6.734107 -5.340161 9.549061 -6.734107 -10.92201 9.549061 -6.734107 -10.80921 9.549061 -6.734107 -10.80921 4.444644 4.762461 -5.452957 4.444644 4.762461 -5.56575 4.444644 4.762461 -5.56575 2.770371 -1.264757 -6.478385 2.770371 -1.264757 -6.478385 4.462286 -1.264757 -6.478385 4.241185 -1.264758 -16.27827 4.241185 -1.264758 -16.27827 4.444644 -1.265057 -16.27827 4.444644 -1.265057 -16.27827 4.444644 -1.265057 -16.27827 12.10139 -3.999552 -16.50385 12.10139 -3.999552 -16.50385 12.10139 -3.999552 -16.39106 6.996912 -6.734108 -21.74732 6.996912 -6.734108 -21.74732 4.444704 -3.999553 -21.74732 4.444704 -3.999553 -21.74732 4.444644 -1.265054 5.372354 4.444644 -1.265054 5.372354 4.444644 -1.265055 0.1288889 4.444644 -1.265055 0.1288889 4.444644 -1.265055 0.1288889 2.770371 2.016664 4.377665 2.770371 3.462048 4.377664 3.734451 -1.264756 1.123577 3.734451 -2.71008 1.123577 11.35095 3.712336 15.82089 11.35095 3.712336 15.82089 11.59107 3.436153 16.06101 11.59107 3.436153 16.06101 11.59107 3.436153 16.06101 4.444644 -3.999552 -10.92201 4.444644 -3.999552 -11.0348 4.444644 -3.999552 -11.0348 4.444644 -1.265056 -10.92201 4.444644 -1.265056 -11.0348 4.444644 -1.265056 -11.0348 4.444644 -1.265056 -11.0348 12.10127 -3.999552 -10.92201 12.10127 -3.999552 -11.0348 12.10127 -3.999552 -11.0348 9.549061 -6.734107 -11.0348 9.549061 -6.734107 -11.0348 6.996852 -6.734107 -10.92201 6.996852 -6.734107 -11.0348 6.996852 -6.734107 -11.0348 13.86571 0.1366137 19.8107 13.86571 0.1366137 19.8107 13.86571 0.5010098 19.8107 13.86571 0.5010098 19.8107 13.86571 0.5010092 14.29853 13.86571 0.136613 14.29853 11.59107 3.162722 16.55225 11.59107 3.162722 16.55225 10.41379 3.162722 16.55225 10.41379 3.162722 16.55225 11.59107 3.162722 19.16241 11.59107 3.162722 19.16241 10.41379 3.162722 19.16241 10.41379 3.162722 19.16241 11.59107 3.162722 19.65371 11.59107 3.162722 19.65371 10.41379 3.162722 19.65371 10.41379 3.162722 19.65371 10.41379 3.162722 22.26387 10.41379 3.162722 22.26387 10.41379 3.436153 16.06101 10.41379 3.436153 16.06101 10.41379 3.436153 16.06101 11.59107 3.436153 13.45085 11.59107 3.436153 13.45085 11.59107 3.436153 13.45085 11.51081 -3.381815 22.18362 11.51081 -3.381815 22.18362 11.51081 -3.381817 7.328299 11.51081 -3.381817 7.328299 10.49405 -3.381815 22.18362 10.49405 -3.381815 22.18362 10.49405 -3.381817 7.328299 10.49405 -3.381817 7.328299 10.41379 3.436153 13.45085 10.41379 3.436153 13.45085 10.41379 3.436153 13.45085 11.59107 3.162722 22.26387 11.59107 3.162722 22.26387 11.59107 3.16272 10.34938 11.59107 3.16272 10.34938 11.59107 3.162721 12.9596 11.59107 3.162721 12.9596 10.41379 3.16272 10.34938 10.41379 3.16272 10.34938 10.41379 3.162721 12.9596 10.41379 3.162721 12.9596 10.41379 3.16272 7.247979 10.41379 3.16272 7.247979 10.41379 3.16272 9.85814 10.41379 3.16272 9.85814 11.59107 3.162722 16.06101 11.59107 3.162722 16.06101 11.59107 3.16272 7.247979 11.59107 3.16272 7.247979 11.59107 3.16272 9.85814 11.59107 3.16272 9.85814 11.59107 3.162721 13.45085 11.59107 3.162721 13.45085 10.41379 3.162721 13.45085 10.41379 3.162721 13.45085 10.41379 3.162722 16.06101 10.41379 3.162722 16.06101 10.16817 3.053336 7.002356 10.16817 3.16272 7.002356 10.16817 3.16272 7.002356 10.16817 3.162721 13.20523 10.16817 3.162722 16.30663 11.83669 3.16272 7.002356 11.83669 3.16272 7.002356 11.83669 3.053336 7.002356 10.16817 3.16272 10.10376 10.16817 3.162722 22.5095 10.16817 3.162722 22.5095 11.83669 3.162722 22.5095 11.83669 3.162722 22.5095 10.16817 3.053338 22.5095 11.83669 3.162722 16.30663 11.83669 3.162721 13.20523 11.83669 3.053338 22.5095 11.83669 -2.415714 22.5095 10.16817 -2.415714 22.5095 10.16817 3.162722 19.40803 11.83669 3.16272 10.10376 11.83669 3.162722 19.40803 10.16817 -2.415716 7.002357 11.83669 -2.415716 7.002357 1.930771 -6.076128 -31.81579 1.930771 -6.076128 -31.81579 1.893333 -6.076128 -31.90621 1.893333 -6.076128 -31.90621 1.802847 -6.190357 -31.98832 1.802847 -6.190357 -31.98832 1.680843 -6.190357 -31.93779 1.680843 -6.190357 -31.93779 1.92491 -6.190357 -31.69372 1.92491 -6.190357 -31.69372 1.802847 -6.190357 -31.64319 1.802847 -6.190357 -31.64319 1.630307 -6.190357 -31.81579 1.630307 -6.190357 -31.81579 1.579293 -6.051428 -31.81579 1.579293 -6.051428 -31.81579 1.64478 -6.051428 -31.65766 1.64478 -6.051428 -31.65766 1.680843 -6.190357 -31.69372 1.680843 -6.190357 -31.69372 1.975446 -6.190357 -31.81579 1.975446 -6.190357 -31.81579 1.92491 -6.190357 -31.93779 1.92491 -6.190357 -31.93779 1.984297 -6.051428 -31.63439 1.984297 -6.051428 -31.63439 1.802847 -6.051428 -31.55922 1.802847 -6.051428 -31.55922 1.984297 -5.892524 -31.63439 1.802847 -5.892524 -31.55922 2.059413 -6.051428 -31.81579 2.059413 -6.051428 -31.81579 1.960973 -6.051428 -31.97385 1.960973 -6.051428 -31.97385 2.02646 -6.051428 -31.81579 2.02646 -6.051428 -31.81579 1.64478 -6.051428 -31.97385 1.64478 -6.051428 -31.97385 1.802847 -6.051428 -32.03934 1.802847 -6.051428 -32.03934 1.984297 -6.051428 -31.99718 1.984297 -6.051428 -31.99718 2.059413 -5.892524 -31.81579 1.54634 -5.892524 -31.81579 1.54634 -6.051428 -31.81579 1.54634 -6.051428 -31.81579 1.621456 -5.892524 -31.99718 1.621456 -6.051428 -31.99718 1.621456 -6.051428 -31.99718 1.802847 -5.892524 -32.07229 1.802847 -6.051428 -32.07229 1.802847 -6.051428 -32.07229 1.960973 -6.051428 -31.65766 1.960973 -6.051428 -31.65766 1.984297 -5.892524 -31.99718 1.893333 -6.076128 -31.7253 1.893333 -6.076128 -31.7253 1.802847 -6.076128 -31.94371 1.802847 -6.076128 -31.94371 1.621456 -6.051428 -31.63439 1.621456 -6.051428 -31.63439 1.802847 -6.051428 -31.59217 1.802847 -6.051428 -31.59217 1.802847 -6.076128 -31.68786 1.802847 -6.076128 -31.68786 1.712421 -6.076128 -31.7253 1.712421 -6.076128 -31.7253 1.621456 -5.892524 -31.63439 9.549061 7.497018 -5.452957 9.549061 7.497018 -5.340163 9.549061 7.497018 -5.340163 4.444644 4.762461 -5.340163 4.444644 4.762461 -5.340163 6.996852 7.497018 -5.452957 6.996852 7.497018 -5.340163 6.996852 7.497018 -5.340163 12.10127 4.762461 -5.452957 12.10127 4.762461 -5.340163 12.10127 4.762461 -5.340163 11.59107 3.436154 22.26387 11.59107 3.436154 22.26387 11.59107 3.436154 22.26387 10.41379 3.436152 12.9596 10.41379 3.436152 12.9596 10.41379 3.436152 12.9596 10.41379 3.436152 10.34938 10.41379 3.436152 10.34938 10.41379 3.436152 10.34938 11.35095 3.712336 13.69097 11.35095 3.712336 13.69097 10.65391 3.712336 13.69097 10.65391 3.712336 13.69097 11.59107 3.436152 12.9596 11.59107 3.436152 12.9596 11.59107 3.436152 12.9596 11.59107 3.436152 10.34938 11.59107 3.436152 10.34938 11.59107 3.436152 10.34938 10.65391 3.712336 15.82089 10.65391 3.712336 15.82089 9.636259 -6.934754 -5.565749 9.636259 -6.934754 -5.565749 6.909656 -6.934754 -5.565749 6.909656 -6.934754 -5.565749 12.30479 -4.079811 -5.565749 12.30479 -4.079811 -5.565749 12.10127 4.762462 0.01609462 12.10127 4.762462 0.1288881 12.10127 4.762462 0.1288881 11.59107 3.436153 16.55225 11.59107 3.436153 16.55225 11.59107 3.436153 16.55225 11.35095 3.712336 16.79237 11.35095 3.712336 16.79237 12.10127 -3.999551 -5.565749 12.10127 -3.999551 -5.565749 12.10127 -3.999551 -5.452956 12.10127 -1.265055 -5.56575 10.41379 3.436153 19.16241 10.41379 3.436153 19.16241 10.41379 3.436153 19.16241 10.65391 3.712337 18.92229 10.65391 3.712337 18.92229 4.444644 -1.265056 -10.80921 4.444644 -1.265056 -10.80921 4.444644 -1.265056 -10.80921 4.444644 -3.999552 -10.80921 4.444644 -3.999552 -10.80921 10.41379 3.436152 7.247979 10.41379 3.436152 7.247979 10.41379 3.436152 7.247979 10.41379 3.436153 16.55225 10.41379 3.436153 16.55225 10.41379 3.436153 16.55225 10.65391 3.712336 16.79237 10.65391 3.712336 16.79237 9.549061 7.497018 0.01609426 9.549061 7.497018 0.1288878 9.549061 7.497018 0.1288878 6.996852 7.497018 0.01609426 6.996852 7.497018 0.1288878 6.996852 7.497018 0.1288878 10.41379 3.436152 9.85814 10.41379 3.436152 9.85814 10.41379 3.436152 9.85814 6.996852 -6.734107 -10.80921 6.996852 -6.734107 -10.80921 9.549061 -6.734107 -5.565749 9.549061 -6.734107 -5.565749 12.10127 -3.999552 -10.80921 12.10127 -3.999552 -10.80921 6.909656 -6.934755 -10.80921 6.909656 -6.934755 -10.80921 9.636259 -6.934755 -10.80921 9.636259 -6.934755 -10.80921 12.30479 -4.079812 -10.80921 12.30479 -4.079812 -10.80921 12.32004 -1.265055 -5.56575 12.10127 -1.265056 -10.80921 12.32004 -1.265056 -10.80921 9.549061 -6.734107 -5.452956 10.41379 3.436153 19.65371 10.41379 3.436153 19.65371 10.41379 3.436153 19.65371 11.59107 3.436153 19.65371 11.59107 3.436153 19.65371 11.59107 3.436153 19.65371 10.41379 3.436154 22.26387 10.41379 3.436154 22.26387 10.41379 3.436154 22.26387 11.59107 3.436153 19.16241 11.59107 3.436153 19.16241 11.59107 3.436153 19.16241 14.3511 0.5010098 19.8107 14.3511 0.5010098 19.8107 14.3511 0.1366137 19.8107 14.3511 0.1366137 19.8107 10.65391 3.712335 9.61802 10.65391 3.712335 9.61802 11.35095 3.712335 9.61802 11.35095 3.712335 9.61802 10.65391 3.712335 7.488098 10.65391 3.712335 7.488098 10.65391 3.712335 10.5895 10.65391 3.712335 10.5895 11.35095 3.712335 10.5895 11.35095 3.712335 10.5895 11.35095 3.712335 7.488098 11.35095 3.712335 7.488098 4.241185 -4.079811 -5.565749 4.241185 -4.079811 -5.565749 10.65391 3.712335 12.71948 10.65391 3.712335 12.71948 14.3511 0.5010093 15.35129 14.3511 0.1366131 15.35129 11.35095 3.712335 12.71948 11.35095 3.712335 12.71948 4.444644 -3.999551 -5.565749 4.444644 -3.999551 -5.565749 4.241185 -4.079812 -10.80921 4.241185 -4.079812 -10.80921 4.241185 -1.264757 -5.56575 4.241185 -1.264757 -5.56575 4.444644 -1.265055 -5.56575 4.444644 -1.265055 -5.56575 4.444644 -1.265055 -5.56575 4.444644 -1.265055 -5.452956 4.444644 -3.999551 -5.452956 4.241185 -1.264757 -10.80921 4.241185 -1.264757 -10.80921 11.35095 3.712337 18.92229 11.35095 3.712337 18.92229 11.35095 3.712337 19.89384 11.35095 3.712337 19.89384 10.65391 3.712337 19.89384 10.65391 3.712337 19.89384 10.65391 3.712337 22.02376 10.65391 3.712337 22.02376 4.444644 4.762462 0.01609462 4.444644 4.762462 0.1288881 4.444644 4.762462 0.1288881 11.35095 3.712337 22.02376 11.35095 3.712337 22.02376 13.86571 1.172686 7.820081 13.86571 1.172686 7.820081 13.86571 1.172688 21.69178 13.86571 1.172688 21.69178 13.86571 -0.5350639 21.69178 13.86571 -0.5350639 21.69178 13.86571 -0.5350655 7.820081 13.86571 -0.5350655 7.820081 12.89967 1.498569 22.01766 12.89967 -0.8610067 7.494199 12.89967 -0.8610048 22.01766 12.89967 1.498567 7.49414 4.444704 -3.999552 -16.50385 4.444704 -3.999552 -16.50385 6.996912 -6.734108 -16.50385 6.996912 -6.734108 -16.50385 4.241245 -4.079812 -16.50385 4.241245 -4.079812 -16.50385 6.909774 -6.934756 -16.50385 6.909774 -6.934756 -16.50385 4.241245 -4.079813 -21.74732 4.241245 -4.079813 -21.74732 6.909774 -6.934756 -21.74732 6.909774 -6.934756 -21.74732 4.444704 -1.265057 -16.50385 4.444704 -1.265057 -16.50385 4.444704 -3.999552 -16.39106 4.444704 -1.265057 -16.39106 12.30491 -4.079813 -21.74732 12.30491 -4.079813 -21.74732 12.32016 -1.265057 -21.74732 9.636318 -6.934756 -21.74732 9.636318 -6.934756 -21.74732 9.636379 -6.934756 -16.50385 9.636379 -6.934756 -16.50385 9.54918 -6.734108 -16.39106 9.54918 -6.734108 -16.50385 9.54918 -6.734108 -16.50385 6.996912 -6.734108 -16.39106 6.996912 -6.734108 -16.39106 12.10139 -3.999553 -21.86011 12.10139 -3.999553 -21.74732 12.10139 -3.999553 -21.74732 12.10139 -1.265057 -21.74732 4.444704 -3.999553 -21.86011 4.444704 -3.999553 -21.86011 9.54918 -6.734108 -21.74732 9.54918 -6.734108 -21.74732 9.54918 -6.734108 -21.86011 4.444704 -1.265057 -21.74732 4.444704 -1.265057 -21.74732 12.10139 -1.265057 -16.50385 6.996912 -6.734108 -21.86011 6.996912 -6.734108 -21.86011 1.802847 -6.190357 -31.96105 1.802847 -6.190357 -31.96105 1.712421 -6.076128 -31.90621 1.712421 -6.076128 -31.90621 1.674982 -6.076128 -31.81579 1.674982 -6.076128 -31.81579 1.905593 -6.190357 -31.71304 1.905593 -6.190357 -31.71304 4.241245 -1.264758 -21.74732 4.241245 -1.264758 -16.50385 1.802847 -6.190357 -31.67046 1.802847 -6.190357 -31.67046 1.700101 -6.190357 -31.71304 1.700101 -6.190357 -31.71304 1.700101 -6.190357 -31.91853 1.700101 -6.190357 -31.91853 1.905593 -6.190357 -31.91853 1.905593 -6.190357 -31.91853 1.948175 -6.190357 -31.81579 1.948175 -6.190357 -31.81579 1.657579 -6.190357 -31.81579 1.657579 -6.190357 -31.81579 4.241185 -1.264755 5.372354 4.241185 -1.264755 5.372354 4.444644 -3.99955 5.485147 4.444644 -3.99955 5.485147 6.996852 -6.734106 5.485147 6.996852 -6.734106 5.485147 4.444644 -3.99955 5.372354 4.444644 -3.99955 5.372354 6.996852 -6.734106 5.372354 6.996852 -6.734106 5.372354 4.444644 -3.999551 0.1288892 4.444644 -3.999551 0.1288892 6.996852 -6.734107 0.1288895 6.996852 -6.734107 0.1288895 4.241185 -4.079809 5.372354 4.241185 -4.079809 5.372354 4.241185 -4.07981 0.1288892 4.241185 -4.07981 0.1288892 4.241185 -1.264756 0.1288889 4.241185 -1.264756 0.1288889 6.909656 -6.934753 0.1288895 6.909656 -6.934753 0.1288895 6.909656 -6.934753 5.372354 6.909656 -6.934753 5.372354 9.636259 -6.934753 0.1288895 9.636259 -6.934753 0.1288895 9.636259 -6.934753 5.372354 9.636259 -6.934753 5.372354 12.32004 -1.265054 5.372354 12.30485 -4.079809 5.372354 12.30485 -4.079809 5.372354 4.241185 2.027667 0.1288884 4.241185 2.027667 0.1288884 4.444644 2.027966 0.1288884 4.444644 2.027966 0.1288884 4.444644 2.027966 0.1288884 12.30479 4.842721 -5.340163 12.30479 4.842721 -5.340163 12.32004 2.016842 -5.34016 6.909656 7.697666 -5.340163 6.909656 7.697666 -5.340163 9.636259 7.697666 -5.340163 9.636259 7.697666 -5.340163 4.241185 4.842721 0.1288881 4.241185 4.842721 0.1288881 6.909656 7.697666 0.1288878 6.909656 7.697666 0.1288878 12.10127 4.762462 -0.09669888 12.10127 4.762462 -0.09669888 4.241185 2.027668 5.372354 4.241185 2.027668 5.372354 4.444644 2.027967 5.372354 4.444644 2.027967 5.372354 12.30479 4.842721 -0.09669888 12.30479 4.842721 -0.09669888 12.10127 2.016842 -5.34016 6.909656 7.697666 -0.09669917 6.909656 7.697666 -0.09669917 9.636259 7.697666 -0.09669917 9.636259 7.697666 -0.09669917 12.32004 2.016844 -0.09669607 4.444644 4.762463 5.372353 4.444644 4.762463 5.372353 6.996852 7.497018 5.372352 6.996852 7.497018 5.372352 12.10127 2.016844 -0.09669607 4.444644 4.762463 5.485146 4.241185 4.842722 5.372353 4.241185 4.842722 5.372353 6.909656 7.697667 5.372352 6.909656 7.697667 5.372352 9.549061 7.497018 -0.09669917 9.549061 7.497018 -0.09669917 6.996852 7.497018 -0.09669917 6.996852 7.497018 -0.09669917 12.82133 1.542943 5.94565 12.82133 1.542943 5.94565 12.82133 1.542943 5.485146 12.82133 1.542943 5.485146 3.734451 -1.264755 4.377665 3.734451 -2.710079 4.377665 4.241185 4.842721 -5.340163 4.241185 4.842721 -5.340163 4.241185 2.027667 -0.09669852 4.241185 2.027667 -0.09669852 4.444644 2.027966 -0.09669852 4.444644 2.027966 -0.09669852 12.30479 -4.079811 -5.340162 12.30479 -4.079811 -5.340162 12.32004 -1.265055 -5.340162 9.636259 -6.934754 -5.340161 9.636259 -6.934754 -5.340161 2.770371 -3.888192 3.297873 2.770371 -3.469499 4.021037 4.444644 4.762462 -0.09669888 4.444644 4.762462 -0.09669888 12.20162 1.916489 5.94565 12.20162 1.916489 5.94565 12.20162 1.916489 5.485146 12.20162 1.916489 5.485146 12.20162 -1.164521 5.94565 12.20162 -1.164521 5.94565 12.20162 -1.164521 5.485146 12.20162 -1.164521 5.485146 6.996852 -6.734107 -5.340161 6.996852 -6.734107 -5.340161 6.996852 -6.734107 -0.09669744 6.996852 -6.734107 -0.09669744 9.549061 -6.734107 -0.09669744 9.549061 -6.734107 -0.09669744 12.10127 -3.999551 -0.0966978 12.10127 -3.999551 -0.0966978 12.10127 -3.999551 0.01609563 12.10127 -1.265055 -5.340162 12.10127 -1.265055 -0.0966981 6.909656 -6.934754 -5.340161 6.909656 -6.934754 -5.340161 4.241185 4.842721 -0.09669888 4.241185 4.842721 -0.09669888 4.444644 -3.999551 -5.340162 4.444644 -3.999551 -5.340162 2.770371 -1.264756 1.041524 2.770371 -1.264756 1.041524 2.770371 -2.726407 1.041524 2.770371 2.016664 4.459658 2.770371 2.016664 4.459658 2.770371 3.478315 4.459658 4.241185 2.027667 -5.340162 4.241185 2.027667 -5.340162 4.444644 2.027966 -5.340162 4.444644 2.027966 -5.340162 4.444644 2.027966 -5.340162 9.549061 -6.734107 0.01609599 2.770371 -3.888192 2.203309 2.770371 -3.462255 1.472902 2.770371 2.016663 1.041524 2.770371 2.016663 1.041524 2.770371 3.478315 1.041523 2.770371 -1.264755 4.459659 2.770371 -1.264755 4.459659 2.770371 -2.726406 4.459659 6.996852 -6.734107 0.01609599 2.770371 4.64016 2.203308 2.770371 4.225827 1.484505 3.734451 2.016664 4.377665 4.462286 -1.264755 4.459659 4.462286 2.016664 4.459658 3.734451 2.016663 1.123577 2.770491 4.640157 -18.57828 2.770491 4.640157 -19.67284 4.462286 -1.264756 1.041524 4.462286 2.016663 1.041524 6.909656 -6.934753 -0.09669744 6.909656 -6.934753 -0.09669744 2.770491 2.016661 -17.41649 2.770491 2.016661 -17.41649 4.462406 2.016661 -17.41649 3.734511 2.016661 -20.75263 3.734511 -1.264758 -17.49854 3.734511 2.016661 -17.49854 2.770371 4.64016 3.297873 9.636259 -6.934753 -0.09669744 9.636259 -6.934753 -0.09669744 12.30479 -4.07981 -0.0966978 12.30479 -4.07981 -0.0966978 12.10127 -3.999551 0.1288892 12.10127 -3.999551 0.1288892 12.10127 -1.265055 0.1288889 9.549061 -6.734106 5.372354 9.549061 -6.734106 5.372354 12.32004 -1.265055 -0.0966981 12.10127 -3.99955 5.372354 12.10127 -3.99955 5.372354 12.10127 -3.99955 5.485147 12.10127 -3.99955 5.485147 12.10127 -1.265054 5.372354 9.549061 -6.734106 5.485147 9.549061 -6.734106 5.485147 3.734451 3.462048 4.377664 9.549061 -6.734107 0.1288895 9.549061 -6.734107 0.1288895 3.734451 3.462048 1.123577 2.770491 -3.888195 -19.67284 2.770491 -3.888195 -18.57827 12.82133 -0.7909777 -22.32061 12.82133 -0.7909777 -22.32061 12.82133 1.54294 -22.32061 12.82133 1.54294 -22.32061 12.40921 1.916366 -22.32061 12.40921 1.916366 -22.32061 2.770371 -3.404096 1.530766 2.770371 -3.806139 2.219636 2.770371 -3.806138 3.281546 2.770371 -1.264756 1.123577 2.770371 -2.71008 1.123577 3.734451 4.140783 3.985729 2.770371 -3.410948 3.963593 3.734451 4.16704 1.541741 3.734451 4.558106 2.219635 12.20162 -1.164524 -22.32061 12.20162 -1.164524 -22.32061 12.40921 -1.164404 -22.32061 12.40921 -1.164404 -22.32061 3.734451 4.558107 3.281545 12.20162 1.916486 -22.32061 12.20162 1.916486 -22.32061 12.92162 -0.8109527 -21.86011 12.92162 -0.8109527 -21.86011 12.42625 -1.264758 -21.86011 12.42625 -1.264758 -21.86011 12.92174 1.562915 -21.86011 12.92174 1.562915 -21.86011 12.42625 2.016661 -21.86011 12.42625 2.016661 -21.86011 3.734451 -3.404096 1.530766 3.734451 -3.410948 3.963593 3.734451 -3.806139 2.219636 3.734451 -3.806138 3.281546 2.770371 4.198069 4.044435 9.636259 7.697667 5.372352 9.636259 7.697667 5.372352 12.30479 4.842722 5.372353 12.30479 4.842722 5.372353 12.32004 2.016844 5.372357 12.30479 4.842721 0.1288881 12.30479 4.842721 0.1288881 12.32004 2.016844 0.1288905 12.10127 4.762463 5.372353 12.10127 4.762463 5.372353 12.10127 2.016844 5.372357 12.10127 4.762463 5.485146 9.636259 7.697666 0.1288878 9.636259 7.697666 0.1288878 9.549061 7.497018 5.372352 9.549061 7.497018 5.372352 12.10127 2.016844 0.1288905 9.549061 7.497018 5.485145 6.996852 7.497018 5.485145 12.40921 1.91637 5.485146 12.40921 1.91637 5.485146 2.770371 -1.264755 4.377665 2.770371 -2.710079 4.377665 12.40921 -1.164401 5.485146 12.40921 -1.164401 5.485146 2.770371 4.140783 3.985729 2.770371 4.558107 3.281545 2.770371 4.16704 1.541741 2.770371 3.462048 1.123577 2.770371 2.016663 1.123577 2.770371 4.558106 2.219635 4.444644 2.027965 -11.0348 4.444644 2.027965 -11.0348 4.444644 2.027965 -11.0348 4.444644 2.027964 -16.27827 4.444644 2.027964 -16.27827 4.444644 2.027964 -16.27827 4.241185 4.84272 -11.0348 4.241185 4.84272 -11.0348 4.241185 4.84272 -16.27827 4.241185 4.84272 -16.27827 4.444644 4.76246 -16.27827 4.444644 4.76246 -16.27827 6.996852 7.497016 -16.27827 6.996852 7.497016 -16.27827 12.10127 4.762461 -11.0348 12.10127 4.762461 -11.0348 9.549061 7.497017 -11.0348 9.549061 7.497017 -11.0348 4.241185 2.027665 -16.27827 4.241185 2.027665 -16.27827 4.241185 2.027666 -11.0348 4.241185 2.027666 -11.0348 4.444644 4.762461 -11.0348 4.444644 4.762461 -11.0348 12.10127 4.76246 -16.39106 12.10127 4.76246 -16.27827 12.10127 4.76246 -16.27827 12.10127 2.016841 -16.27827 6.996852 7.497017 -11.0348 6.996852 7.497017 -11.0348 9.549061 7.497016 -16.27827 9.549061 7.497016 -16.27827 12.30479 4.84272 -11.0348 12.30479 4.84272 -11.0348 12.32004 2.016842 -11.0348 9.636259 7.697665 -11.0348 9.636259 7.697665 -11.0348 6.909656 7.697665 -11.0348 6.909656 7.697665 -11.0348 12.30479 4.84272 -16.27827 12.30479 4.84272 -16.27827 6.909656 7.697665 -16.27827 6.909656 7.697665 -16.27827 9.636259 7.697665 -16.27827 9.636259 7.697665 -16.27827 12.32004 2.016841 -16.27827 12.10127 -3.999552 -16.27827 12.10127 -3.999552 -16.27827 12.10127 -1.265057 -16.27827 12.10127 -3.999552 -16.39106 12.10127 -1.265056 -11.0348 12.30479 -4.079812 -16.27827 12.30479 -4.079812 -16.27827 12.30479 -4.079812 -11.0348 12.30479 -4.079812 -11.0348 6.909656 -6.934756 -16.27827 6.909656 -6.934756 -16.27827 9.636259 -6.934756 -16.27827 9.636259 -6.934756 -16.27827 4.444644 -3.999552 -16.27827 4.444644 -3.999552 -16.27827 9.549061 -6.734108 -16.27827 9.549061 -6.734108 -16.27827 9.549061 -6.734108 -16.39106 12.32004 -1.265056 -11.0348 6.909656 -6.934755 -11.0348 6.909656 -6.934755 -11.0348 9.636259 -6.934755 -11.0348 9.636259 -6.934755 -11.0348 12.32004 -1.265057 -16.27827 6.996852 -6.734108 -16.27827 6.996852 -6.734108 -16.27827 4.241245 4.84272 -16.50386 4.241245 4.84272 -16.50386 6.909715 7.697665 -16.50386 6.909715 7.697665 -16.50386 4.241245 4.84272 -21.74732 4.241245 4.84272 -21.74732 6.909715 7.697664 -21.74732 6.909715 7.697664 -21.74732 4.241245 2.027665 -16.50385 4.241245 2.027665 -16.50385 4.444704 2.027964 -16.50385 4.444704 2.027964 -16.50385 4.241245 2.027665 -21.74732 4.241245 2.027665 -21.74732 12.10127 4.762461 -5.56575 12.10127 4.762461 -5.56575 12.10127 2.016842 -5.565747 4.444644 2.027966 -5.56575 4.444644 2.027966 -5.56575 4.444644 4.762461 -10.92201 4.444644 4.762461 -10.80922 4.444644 4.762461 -10.80922 4.444644 2.027965 -10.80921 4.444644 2.027965 -10.80921 4.444644 2.027965 -10.80921 12.10127 2.016842 -11.0348 4.241185 2.027666 -10.80921 4.241185 2.027666 -10.80921 4.241185 2.027667 -5.56575 4.241185 2.027667 -5.56575 4.241185 4.842721 -5.56575 4.241185 4.842721 -5.56575 4.241185 4.84272 -10.80922 4.241185 4.84272 -10.80922 12.30491 4.84272 -16.50386 12.30491 4.84272 -16.50386 9.636318 7.697665 -16.50386 9.636318 7.697665 -16.50386 12.30491 4.84272 -21.74732 12.30491 4.84272 -21.74732 9.636318 7.697664 -21.74732 9.636318 7.697664 -21.74732 12.32016 2.01684 -21.74732 12.32016 2.016841 -16.50385 4.444704 4.76246 -16.39106 4.444704 4.76246 -16.50386 4.444704 4.76246 -16.50386 12.10139 2.016841 -16.50385 6.996912 7.497016 -21.74732 6.996912 7.497016 -21.74732 9.54912 7.497016 -21.74732 9.54912 7.497016 -21.74732 6.996912 7.497016 -21.86011 12.10139 4.76246 -21.74732 12.10139 4.76246 -21.74732 9.54912 7.497016 -16.39106 9.54912 7.497016 -16.39106 9.54912 7.497016 -16.50386 9.54912 7.497016 -16.50386 9.54912 7.497016 -21.86011 6.996912 7.497016 -16.39106 6.996912 7.497016 -16.50386 6.996912 7.497016 -16.50386 4.444704 4.76246 -21.86011 12.10139 2.01684 -21.74732 12.10139 4.76246 -21.86011 4.444644 -3.999551 0.01609563 6.909656 7.697666 -5.565751 6.909656 7.697666 -5.565751 6.909656 7.697665 -10.80922 6.909656 7.697665 -10.80922 4.400507 6.70268 10.9359 4.400507 6.70268 10.9359 3.625605 6.70268 10.9359 3.625605 6.70268 10.9359 3.625605 6.702681 17.80698 3.625605 6.702681 17.80698 4.400507 6.702681 17.80698 4.400507 6.702681 17.80698 4.400507 6.702681 15.51665 4.400507 6.702681 13.22628 3.625605 6.702681 15.51665 3.403547 6.460528 18.02903 3.403547 6.460528 18.02903 3.403547 6.460528 18.02903 4.622566 6.460528 18.02903 4.622566 6.460528 18.02903 4.622566 6.460528 18.02903 3.403547 6.296422 18.02903 4.622566 6.460527 10.71384 4.622566 6.460527 10.71384 4.622566 6.460527 10.71384 3.403547 6.460527 10.71384 3.403547 6.460527 10.71384 3.403547 6.460527 10.71384 4.622566 6.296422 18.02903 4.622566 6.29642 10.71384 3.625605 6.702681 13.22628 3.403547 6.29642 10.71384 6.996852 7.497017 -10.80922 6.996852 7.497017 -10.80922 3.403547 6.460527 15.59063 3.403547 6.460527 13.15223 6.996852 7.497018 -5.565751 6.996852 7.497018 -5.565751 12.10127 4.762461 -10.92201 12.10127 4.762461 -10.80922 12.10127 4.762461 -10.80922 9.549061 7.497017 -10.80922 9.549061 7.497017 -10.80922 12.10127 2.016842 -10.80921 9.549061 7.497017 -10.92201 9.549061 7.497018 -5.565751 9.549061 7.497018 -5.565751 6.996852 7.497017 -10.92201 12.30479 4.842721 -5.56575 12.30479 4.842721 -5.56575 12.32004 2.016842 -5.565747 12.30479 4.84272 -10.80922 12.30479 4.84272 -10.80922 12.32004 2.016842 -10.80921 9.636259 7.697665 -10.80922 9.636259 7.697665 -10.80922 9.636259 7.697666 -5.565751 9.636259 7.697666 -5.565751 4.622566 6.460527 13.15223 4.622566 6.460527 15.59063 4.241185 -4.079812 -11.0348 4.241185 -4.079812 -11.0348 2.770371 -1.264757 -6.560439 2.770371 -2.710081 -6.560439 2.770371 4.558105 -8.718408 2.770371 4.131286 -9.432088 2.770371 4.558105 -7.656497 2.770371 4.189224 -7.000789 2.770371 2.016662 -6.560439 2.770371 3.462047 -6.56044 4.241185 -4.079812 -16.27827 4.241185 -4.079812 -16.27827 4.241185 -1.264757 -11.0348 4.241185 -1.264757 -11.0348 2.770371 -1.264757 -9.814527 2.770371 -2.710081 -9.814527 2.770371 3.462046 -9.814527 2.770371 2.016662 -9.814527 2.770371 -3.403455 -9.40795 2.770371 -3.80614 -8.718407 2.770371 -3.80614 -7.656496 2.770371 -3.445757 -7.009286 4.444644 2.027965 -10.92201 2.770371 -2.726408 -9.896579 2.770371 -3.461577 -9.465851 2.770371 2.016662 -6.478385 2.770371 2.016662 -6.478385 4.462286 2.016662 -6.478385 2.770371 3.478314 -6.478385 2.770371 4.249279 -6.944821 3.734451 -1.264757 -9.814527 3.734451 2.016662 -9.814527 3.734451 -1.264757 -6.560439 3.734451 2.016662 -6.560439 2.770371 -3.888194 -8.734734 2.770371 -3.888194 -7.64023 2.770371 2.016662 -9.896579 2.770371 2.016662 -9.896579 4.462286 2.016662 -9.896579 2.770371 -1.264757 -9.896579 2.770371 -1.264757 -9.896579 4.462286 -1.264757 -9.896579 2.770371 4.640159 -7.640231 2.770371 4.640158 -8.734737 3.734451 -3.80614 -8.718407 3.734451 -3.80614 -7.656496 3.734451 -3.445757 -7.009286 3.734451 -2.710081 -6.560439 3.734451 -3.403455 -9.40795 3.734451 3.462046 -9.814527 2.770371 -2.726408 -6.478385 3.734451 3.462047 -6.56044 3.734451 -2.710081 -9.814527 2.770371 -3.506299 -6.953804 3.734451 4.558105 -7.656497 3.734451 4.189224 -7.000789 3.734451 4.558105 -8.718408 3.734451 4.131286 -9.432088 2.770371 3.478313 -9.896579 2.770371 4.188028 -9.491371 2.770491 -1.264758 -20.83462 2.770491 -1.264758 -20.83462 2.770491 -2.726409 -20.83462 3.734511 3.462045 -20.75263 2.770491 2.016661 -20.83462 2.770491 2.016661 -20.83462 2.770491 3.478312 -20.83462 3.734511 3.462045 -17.49854 2.770491 -1.264758 -17.41649 2.770491 -1.264758 -17.41649 2.770491 -2.726409 -17.41649 4.241185 -4.07981 -0.0966978 4.241185 -4.07981 -0.0966978 2.770491 4.205121 -20.41234 3.734511 -2.710082 -17.49854 2.770491 -3.456681 -20.40882 4.462406 2.016661 -20.83462 4.462406 -1.264758 -17.41649 2.770491 4.184618 -17.81826 4.462406 -1.264758 -20.83462 12.82133 -0.7909743 5.94565 12.82133 -0.7909743 5.94565 2.770491 3.478312 -17.41649 3.734511 -3.806141 -19.65651 3.734511 -3.398824 -20.35066 3.734511 -3.387757 -17.88939 3.734511 4.558104 -19.65651 3.734511 -3.806141 -18.5946 3.734511 4.147454 -20.35399 2.770491 -3.444982 -17.83059 4.241185 -4.079811 -5.340162 4.241185 -4.079811 -5.340162 4.444644 -3.999551 -0.0966978 4.444644 -3.999551 -0.0966978 4.241185 -1.264757 -5.340162 4.241185 -1.264757 -5.340162 4.241185 -1.264756 -0.0966981 4.241185 -1.264756 -0.0966981 4.444644 -1.265055 -5.340162 4.444644 -1.265055 -5.340162 4.444644 -1.265055 -5.340162 4.444644 -1.265055 -0.0966981 4.444644 -1.265055 -0.0966981 4.444644 -1.265055 -0.0966981 4.444644 -1.265055 0.01609534 2.770491 -3.387757 -17.88939 2.770491 -2.710082 -17.49854 2.770491 3.462045 -20.75263 2.770491 2.016661 -20.75263 2.770491 -1.264758 -20.75263 2.770491 -2.710082 -20.75263 2.770491 -3.806141 -19.65651 2.770491 -3.806141 -18.5946 2.770491 -3.398824 -20.35066 2.770491 4.558104 -18.5946 2.770491 4.558104 -19.65651 2.770491 -1.264758 -17.49854 2.770491 4.128061 -17.87773 12.82133 -0.7909776 -21.86011 12.82133 -0.7909776 -21.86011 12.40921 -1.164404 -21.86011 12.40921 -1.164404 -21.86011 2.770491 4.147454 -20.35399 12.20162 1.916486 -21.86011 12.20162 1.916486 -21.86011 12.40921 1.916366 -21.86011 12.40921 1.916366 -21.86011 12.20162 -1.164524 -21.86011 12.20162 -1.164524 -21.86011 12.42613 2.016664 5.485146 12.42613 2.016664 5.485146 12.10127 2.016843 5.485146 12.10127 2.016843 5.485146 2.770491 2.016661 -17.49854 2.770491 3.462045 -17.49854 12.82133 1.54294 -21.86011 12.82133 1.54294 -21.86011 12.40921 1.91637 5.94565 12.40921 1.91637 5.94565 12.40921 -1.164401 5.94565 12.40921 -1.164401 5.94565 12.82133 -0.7909744 5.485146 12.82133 -0.7909744 5.485146 12.42625 2.016661 -16.39106 12.42625 2.016661 -16.39106 12.42625 2.016661 -16.39106 12.92174 -0.8109521 -16.39106 12.92174 -0.8109512 -10.92201 12.92162 -0.8109518 -16.39106 12.42625 2.016663 -10.92201 12.42625 2.016663 -10.92201 12.42625 2.016663 -10.92201 12.10139 2.016663 -10.92201 12.92174 1.562917 -10.92201 12.92174 1.562917 -10.92201 12.42625 2.016663 -5.45296 12.42625 -1.264756 -5.45296 12.42625 -1.264756 -5.45296 12.42625 -1.264757 -10.92201 12.42625 -1.264757 -10.92201 12.92174 -0.8109503 -5.45296 12.92162 -0.8109509 -10.92201 12.92162 1.562918 5.485146 12.92162 1.562918 5.485146 12.92174 1.562918 0.01609009 12.92174 1.562918 0.01609009 12.92162 -0.8109495 5.485146 12.92162 -0.8109495 5.485146 12.92174 -0.8109493 0.01609003 12.92162 -0.8109501 -5.45296 12.42625 2.016664 0.01609009 12.42625 2.016664 0.01609009 12.42625 2.016664 0.01609009 12.10139 2.016664 0.01609009 12.42613 -1.264755 5.485146 12.42613 -1.264755 5.485146 12.92162 -0.8109492 0.01609009 12.10139 2.016662 -16.39106 12.92174 1.562916 -16.39106 12.92174 1.562916 -16.39106 12.42625 -1.264758 -16.39106 12.42625 -1.264758 -16.39106 12.92174 1.562917 -5.45296 12.42625 -1.264755 0.01609003 12.42625 -1.264755 0.01609003 12.10139 -1.264758 -21.86011 12.10139 -1.264758 -21.86011</float_array>
          <technique_common>
            <accessor source="#cargo_med-mesh-positions-array" count="3798" stride="3">
              <param name="X" type="float"/>
              <param name="Y" type="float"/>
              <param name="Z" type="float"/>
            </accessor>
          </technique_common>
        </source>
        <source id="cargo_med-mesh-normals">
          <float_array id="cargo_med-mesh-normals-array" count="4269">1 0 0 1 0 -5.32694e-4 1 0 -1.97125e-4 0 0 1 1 0 -5.32668e-4 0.9999999 3.35284e-4 -5.18842e-4 1 0 -1.97099e-4 -1 0 0 0 -0.3196211 0.9475455 0 -0.3196755 -0.9475271 -0.9475458 -0.31962 0 0 0 -1 -1.00227e-5 0 -1 1 -3.53967e-6 0 -0.7310642 0.6823087 0 0 0.2686918 0.9632263 0 0.2687018 0.9632235 0 0.9643759 -0.264536 0 0.9650099 0.2622135 0 0.9650064 0.2622268 0 -0.2603575 0.9655123 0 -0.2603651 0.9655103 1 0 0 0 -0.7210123 0.6929224 0 -0.9679535 0.25113 0 -0.9679518 0.2511363 0 0.256481 -0.9665493 0 0.256492 -0.9665464 0 -1 0 -0.9149516 -0.1395216 0.3786787 -0.7310594 -0.6823138 0 0 1 -1.64902e-6 -0.001469433 0.999999 0 8.51258e-6 0 -1 0 -1 2.06129e-7 0.7310612 -0.682312 0 1 -4.05668e-6 0 1 0 0 0 1 0 0 0.7183369 0.6956954 0 0.7183312 0.6957013 0.7310642 0.6823087 0 0 0.6561169 0.7546592 -0.75466 0.6561163 -2.49589e-7 0.7546585 0.6561179 0 1 2.46542e-7 0 -1 -4.32611e-7 0 -0.9943102 -7.8191e-7 -0.1065233 -0.3196361 0 0.9475405 0.7310613 0.6823118 0 0.9147909 -0.1393752 -0.3791203 0.3791362 -0.139338 -0.91479 0 0.6561314 -0.7546467 1 -3.86502e-7 0 0 0.6561188 0.7546576 -0.7546591 0.6561172 0 -0.7546579 0.6561186 0 0 0.6561174 -0.7546589 0.7546579 0.6561186 0 0 0.6561195 0.754657 0 1 -2.32704e-6 -4.5671e-7 1 -3.71882e-7 0 1 1.64895e-6 0 1 1.649e-6 4.56713e-7 1 -3.71884e-7 3.65363e-7 1 -3.71878e-7 -3.65361e-7 1 -3.71876e-7 0 -1 1.57848e-7 0 -0.2566745 0.966498 0 -0.2566818 0.966496 -0.7370254 0.6758651 -3.16828e-7 -0.7310611 0.6823121 0 0 0.2620721 0.9650483 -0.7310637 0.6823093 0 0 1 -5.37336e-7 0.7370277 0.6758627 0 0 0.2704976 -0.9627208 0 0.2705067 -0.9627181 -2.19247e-6 0 -1 1 -3.86499e-7 0 -3.03965e-6 0 1 0 0.2610848 0.9653159 -0.9239134 0 -0.3826019 -0.8748689 -0.3212602 -0.3624864 0.3625228 -0.3212851 -0.8748446 0 -1 -4.98102e-6 0.3825741 0 -0.9239249 -0.3623573 -0.3211683 0.8749561 0 -1 -1.99237e-5 -0.8749575 -0.3211702 0.3623524 0.9239134 0 -0.3826019 0.8748689 -0.3212602 -0.3624864 -0.3827296 0 0.9238604 0 -1 1.79149e-5 0 -1 8.95762e-6 0 -1 1.32013e-5 0 -1 -7.28688e-6 -0.9239178 0 0.382591 0.3624582 -0.3212833 0.8748722 0.9239178 0 0.382591 0.382835 0 0.9238168 0 1 0 -0.9767619 0 -0.2143274 -0.9943099 7.81898e-7 -0.1065271 -5.01136e-6 0 -1 -0.3623921 -0.3211566 -0.874946 0 -1 1.28096e-7 -1.21587e-6 0 1 0.731067 0.6823058 0 0 4.16813e-6 1 0.7310618 -0.6823113 0 0.7370282 0.6758621 0 0 -3.3676e-6 -1 0 0.6758502 0.737039 0 -0.9639079 0.266236 0 -0.9673565 -0.25342 0 -0.9673533 -0.2534317 0.7370281 0.6758621 -6.33658e-7 0.7310641 0.6823088 0 0 -0.2688966 -0.9631691 0 -6.59806e-7 -1 0 -6.59806e-7 -1 0 -0.2608748 -0.9653726 0 -0.2608854 -0.9653699 0 0.2601296 -0.9655737 0 0.2601405 -0.9655708 0 -0.258421 0.9660324 0 -0.2584319 0.9660296 0 -0.9637238 -0.2669016 0 -0.6990163 -0.7151057 0 -0.6990075 -0.7151144 0 -0.2559049 -0.966702 0 0.2557109 0.9667533 0 0.2557218 0.9667504 1 -3.0783e-6 0 -3.42828e-6 0 -1 -0.7370252 0.6758653 0 0 0.6758705 -0.7370205 -0.7370261 0.6758643 0 2.02382e-6 0 1 0 -0.7183524 -0.6956794 0 -0.7183441 -0.695688 -7.20382e-6 0 -1 -7.59476e-6 0 -1 -0.7310611 -0.682312 0 -0.001464188 0.999999 -2.23484e-7 0 0.6561026 0.7546718 0.7546604 0.6561157 -2.49589e-7 -0.3196471 -2.39607e-5 -0.9475368 -3.10255e-7 -8.47159e-7 -1 5.01136e-6 0 1 0 4.06533e-6 1 -1.87925e-6 0 -1 0.4777943 -0.8784718 6.33675e-6 1 0 0 1 0 0 0 0.2586436 0.9659729 0 0.7030736 0.7111172 0 0.703068 0.7111227 -0.7310596 0.6823136 0 1 -2.30638e-7 0 9.11896e-7 0 1 0 0.9648631 -0.2627535 0 0.9637771 0.2667089 0 0.9648616 -0.2627587 0 0 -1 0 -0.9644233 0.2643629 0 -0.9650553 -0.2620463 0 -0.9644219 0.2643678 0 0.2586004 -0.9659844 0 0.2586078 -0.9659825 1 3.45949e-7 0 0 0.7000559 -0.714088 0 0.9639559 -0.2660621 0 0.9639546 -0.2660667 0 0.9660175 -0.2584767 0 0.9644834 0.2641437 0 0.9660161 -0.2584819 0 -0.262012 -0.9650647 0 -0.2620225 -0.9650618 0 1.27041e-7 1 4.82521e-7 -3.48757e-7 -1 3.33017e-6 3.38777e-7 1 3.20083e-5 0 -1 1 1.32517e-7 0 0.7310611 0.6823121 0 0.5851703 -0.8109105 -4.24908e-5 1 -3.72687e-7 0 1 1.39958e-7 0 1 7.27985e-7 0 1 0 0 1 -1.79428e-6 0 0 0.2642944 -0.9644421 0 -7.34021e-7 -1 0 0.2643047 -0.9644392 0.7310611 -0.6823121 0 -0.7310584 -0.682315 0 0 0 1 -9.39418e-7 0 1 0 -0.9657697 0.2594013 0 -0.9653636 -0.2609087 0 -0.9657682 0.2594067 -0.9094572 0.4149597 0.02638167 0.584978 -0.8110492 -4.41599e-5 -1 -7.72999e-7 0 1 0 0 0 0 -1 -0.730555 -0.6828539 0 0 -1.01027e-6 -1 0.7305628 0.6828455 0 0 1 -2.66821e-7 0 0 -1 0 2.54902e-7 1 -0.9614322 -0.2736245 0.02789103 1 0 0 0.6396297 0.7686833 0 0.7310598 0.6823135 0 0 0 1 2.50459e-6 0 1 0.91482 -0.1390796 0.3791586 0 0 -1 -0.001469433 -0.999999 1.67612e-7 1 0 0 0 0 -1 1 -2.58437e-7 0 -0.7305473 -0.6828621 -8.37732e-6 -0.9999855 0.005397021 0 -0.9999855 0.005396008 0 -0.9999855 0.005396008 0 -0.7310615 -0.6823116 0 -0.001469433 0.999999 -1.67613e-7 0 0 -1 -2.62938e-6 0 1 -0.614169 0.2802311 -0.7377446 -0.7310611 0.682312 0 0 1.02304e-6 1 0 0 -1 0 0.2621937 0.9650153 -4.50045e-6 -3.48758e-6 -1 -0.7305552 0.6828536 -1.86165e-7 -3.37817e-5 0.7070559 0.7071576 1 -2.82362e-6 0 -0.9999855 0.005397021 0 -0.9999855 0.005397021 0 0 0 1 1 3.42321e-7 0 0 -0.2588535 -0.9659166 0 -6.59807e-7 -1 0 -6.59807e-7 -1 -0.06251877 0.9980439 -2.98038e-6 -0.9617983 -0.2737362 0.00355035 -0.06251877 0.9980439 2.99877e-6 0 0 1 1 0 0 -0.001469433 -0.999999 0 0 1.38938e-6 1 0 -0.9659729 0.2586436 0 -0.9644385 -0.2643074 0 -0.964435 -0.2643204 -0.7305549 -0.682854 0 0 0.965727 -0.2595604 0 0.9653177 0.2610784 0 0.9653141 0.2610913 0.7305628 -0.6828455 0 0 0.2586544 0.9659699 -0.7310608 -0.6823124 0 0 -0.2634576 0.964671 0 -0.263468 0.9646682 0.7305627 -0.6828456 2.7925e-7 -2.34908e-7 0 -1 -3.0396e-7 0 -1 0 0.7027367 -0.71145 0 0.7027453 -0.7114416 0 0 1 0 0.7051892 -0.7090191 0 0.7051833 -0.7090251 0 -0.9648168 0.2629233 0 -0.9637278 -0.2668874 0 0.6990072 0.7151147 0 0.963776 0.2667131 0 0 1 0 0.2636566 -0.9646167 0 0.2636648 -0.9646145 -0.1994361 0.09090924 -0.9756848 1 0 -4.79658e-5 1 0 -3.35705e-4 2.77736e-6 0 -1 1.66382e-5 0.7071238 0.7070898 -3.84791e-7 0 1 -6.61466e-7 -0.7071236 0.70709 -0.7310693 0.6823033 0 -2.81828e-6 0 1 -0.7310579 0.6823155 0 -0.7310589 0.6823145 0 0.7305631 0.6828453 -1.86166e-7 -0.9999995 -4.19874e-5 -0.001037478 -1 -1.1266e-6 -2.7839e-5 -0.3155466 3.16664e-5 -0.9489101 -0.1999416 -0.05682426 -0.9781588 -0.261005 -0.07423603 -0.9624788 -1 0 4.79658e-5 -0.001469433 -0.9999989 0 0.7305629 -0.6828454 0 -4.69715e-7 2.54926e-7 1 0 -0.2644954 0.9643871 0 -0.2645039 0.9643847 0 -1 2.66821e-7 -0.9999853 -0.00541836 0 -0.7310668 -0.682306 0 -0.9767611 0 -0.2143312 0.3786827 -0.138918 0.9150416 -0.3786473 -0.1395172 0.9149652 -0.2614843 0.1192305 -0.9578153 -0.499861 -0.8661057 -3.12384e-5 -0.3714659 0.1695061 -0.9128422 2.43219e-6 0 1 0.7305631 0.6828452 0 0.7305628 0.6828456 -1.86167e-7 1.00205e-5 0 -1 -0.7305552 0.6828538 0 0.7305554 -0.6828535 0 -0.2625275 -0.07466745 -0.9620313 -0.374769 -0.1066584 -0.9209627 -0.0398131 0.9992072 5.23611e-6 -2.61473e-6 0 -1 -0.001469433 -0.999999 2.23483e-7 0 -1 2.66821e-7 1 1.1971e-6 0 -0.9999853 -0.005417287 0 -0.7305551 -0.6828538 2.79247e-7 -5.47125e-6 0 -1 0 0.9679082 -0.251304 0 0.9652824 0.261209 0 0.9652789 0.2612218 1 1.246e-6 0 0 0.9674028 0.2532426 0 -0.965328 -0.2610397 0.04503077 -0.9989857 -9.26377e-7 0 -2.54902e-7 -1 -3.91427e-7 3.82387e-7 1 0 1 -2.66821e-7 0 1.04203e-6 1 -0.001469433 0.999999 -1.67612e-7 -0.7305552 -0.6828537 0 -0.7305552 0.6828536 0 1 0 0 -0.05629503 0.9984142 -7.705e-7 -0.05629503 0.9984142 7.65545e-7 -0.05629503 0.9984142 7.7003e-7 -0.7310614 -0.6823117 0 -0.7310587 -0.6823146 0 0.7305626 -0.6828457 0 -0.001469433 -0.999999 2.23483e-7 -0.9999854 -0.00541836 0 0.7310662 0.6823066 0 -0.9999854 -0.005417823 -1.14571e-5 -0.9999853 -0.005417287 0 0 0.6561163 0.7546598 0.7310637 0.6823092 0 -0.7310636 0.6823093 0 -1 7.69861e-7 0 -0.7310649 -0.6823079 0 -0.3824688 0 -0.9239685 0 -0.2618889 -0.9650982 0 -0.2618995 -0.9650952 0 -1 -4.97932e-6 0 -1 1.54597e-7 0.8749575 -0.3211702 0.3623524 0 -1 -1.49655e-5 0 1 -3.09194e-7 0 -1 9.97128e-6 0 3.82351e-7 1 0.7310611 0.682312 0 -0.731061 0.6823122 0 0 0.6561161 -0.75466 0.7546591 0.6561172 0 -0.7546566 0.6561201 0 0.7310649 -0.6823081 0 -6.07918e-7 0 -1 -0.3791166 -0.1390811 -0.9148372 -6.70757e-6 0 1 -0.3196929 -0.9475212 1.28811e-7 -0.9149788 -0.1393991 -0.378658 0.7310671 -0.6823057 0 0.7310585 -0.6823148 0 0 1.74379e-7 1 0.7310599 -0.6823133 0 0 -0.2703081 0.9627739 0 -0.2703177 0.9627712 1.36763e-6 1.74378e-7 1 0 -1 8.93811e-6 0 1 -1.54597e-7 -1 0 0 0 -1 1.64857e-6 0.7310612 0.6823118 -3.88795e-4 0.7310612 -0.6823118 -3.88923e-4 -5.77701e-4 -0.9999999 0 -0.7305473 0.6828621 0 0.7305631 0.6828453 0 0 1 -2.66821e-7 -5.51169e-4 1 -3.28104e-5 0 3.48757e-7 1 1.6503e-5 0 -1 -2.50253e-5 0 -1 -0.3161555 -7.24987e-6 -0.9487074 -3.52922e-6 0 -1 -0.6714631 0.7410381 0 -5.73683e-4 0.9999999 0 -0.671465 0.7410364 0 -5.78277e-4 0.9999998 0 -0.6714627 -0.7410384 2.32738e-7 -1.99945e-5 0 -1 -0.6714621 -0.741039 0 -5.77702e-4 -0.9999999 0 -7.93195e-6 0 -1 3.00453e-6 0 1 4.9667e-6 0 1 0.9238798 0.1095815 -0.3666581 -1 -5.05382e-5 2.19714e-5 -0.6753572 0.7374908 1.48588e-5 -2.56605e-7 0 -1 0 3.48734e-7 1 1.60232e-5 0 1 -0.6754943 -0.7373653 1.29781e-7 -6.53754e-7 0 1 -2.15143e-6 0 1 -1 1.42898e-7 0 -0.7072593 -0.7069543 2.83729e-7 0 -1 1.67742e-7 -0.6753587 0.7374895 -2.91986e-7 -0.6754946 -0.7373651 1.29781e-7 -0.1457597 -0.3538011 -0.9238933 -0.353619 0.1462011 -0.9238933 0 1 -2.01291e-7 0.9238933 0.1464211 -0.353528 -0.6754937 -0.7373658 0 -0.6753577 0.7374904 0 -2.93565e-6 1 -2.68388e-7 -0.6753588 0.7374894 0 -0.6753589 0.7374893 -1.29772e-7 -0.6754941 -0.7373654 1.29781e-7 -0.1458912 -0.353747 -0.9238933 -0.3536008 0.1462451 -0.9238933 0 1 -1.34194e-7 -8.85576e-4 -0.9999997 -5.25825e-5 2.9877e-4 -1 3.49193e-5 -0.7075371 -0.7066763 -3.86535e-5 -0.6754053 -0.7374468 1.48497e-5 3.64352e-7 0 -1 0 0 -1 5.7809e-6 0 -1 0 0.7113621 -0.7028257 0 0.7113566 -0.7028313 1 2.29816e-6 0 0 -0.7030919 -0.711099 0 -0.258861 -0.9659147 0 0.9644821 0.2641482 0 -0.7031003 -0.7110908 0 -0.7113733 0.7028144 0 -0.7113818 0.7028058 0 -0.9659696 0.2586561 0 -0.7079156 -0.706297 0 -0.9653621 -0.2609139 0 0.7100935 -0.7041075 0 0.7101021 -0.7040988 1 -1.13626e-6 0 1 1.80168e-6 0 1 -3.53624e-6 0 0 0.7079151 0.7062976 0 0.2622016 0.9650132 0 -0.7100728 0.7041283 0 0.7079235 0.7062892 0 -0.7100785 0.7041226 0 -0.7079213 -0.7062914 1 -9.24028e-7 0 0 0.9657235 -0.2595733 0 -0.721018 0.6929165 0 -0.7077295 -0.7064836 0 -0.9653267 -0.261045 0 -0.7077354 -0.7064777 0 0.7077391 0.7064739 0 0.7077308 0.7064822 0 0.2620798 0.9650463 1 -4.85579e-7 0 1 1.41035e-6 0 0 0.7210252 -0.6929088 0 0.9679054 -0.2513152 1 -3.36519e-6 0 0 -0.7000599 0.7140842 0 -0.7000685 0.7140758 0 -0.2689054 -0.9631667 1 -4.96508e-7 0 0 0.7000619 -0.7140823 1 3.27998e-7 0 1 -1.05206e-6 0 1 1.86071e-6 0 0 0.7210171 -0.6929172 0 -0.9639042 0.2662497 0 0.9674013 0.2532485 1 6.95236e-6 0 1 -4.79043e-7 0 0 -0.7027424 0.7114444 0 -0.2559121 -0.9667001 0 0.6990126 0.7151094 0 -0.7052166 0.708992 0 -0.7052251 0.7089836 0 0.9643722 -0.2645497 0 -0.7027482 0.7114387 1 3.26733e-6 0 0 -0.9648132 0.2629365 0 0.7062796 0.707933 0 0.7062712 0.7079415 1 -1.89276e-6 0 0 0.2610924 0.9653139 0 -0.7062549 -0.7079576 0 -0.7062494 -0.7079632 1 1.07326e-6 0 1 1.83012e-6 0 0 -0.965054 -0.2620512 -1 4.32609e-7 0 -1 0 0 -0.31964 0.9475392 -1.28813e-7 0.9475449 -0.3196229 0 0 1 -3.21182e-7 -1 0 -1.97125e-4 -1 0 -5.32694e-4 -0.9999999 3.35283e-4 -5.18838e-4 -1 0 -5.32668e-4 -1 0 -1.97099e-4 0 -0.319621 0.9475455 0.9475457 -0.3196205 0 -2.24787e-5 0 -1 -5.47136e-6 0 -1 -1 2.33647e-6 0 0 0.9650099 0.2622135 0 -0.2603651 0.9655103 0.9149138 -0.1393901 0.378818 0.7310594 -0.6823138 0 0 1 -1.23677e-6 0.001469433 0.999999 0 -1 0 0 -9.72867e-6 0 -1 -0.7310612 -0.682312 0 -1 -3.60594e-6 0 0 0.6561188 0.7546577 0.7546563 0.6561203 0 -0.7546578 0.6561187 0 -1 3.86499e-7 0 1 -4.32611e-7 0 0.9943102 -7.8191e-7 -0.1065233 1 0 0 0.3196373 0 0.94754 -0.7310613 0.6823118 0 -0.9147917 -0.1393753 -0.3791183 -0.3786267 -0.1388558 -0.9150744 -1.07979e-5 0 1 -1 -2.1534e-7 0 0 0.6561198 0.7546569 0.7546594 0.6561169 0 0.7546564 0.6561201 -3.05864e-7 0 0.6561177 -0.7546587 -0.7546614 0.6561145 0 0 1 -1.16352e-6 0 1 -8.72642e-7 0 1 -2.06128e-6 -3.84374e-7 1 -4.69473e-7 0 1 1.23672e-6 0 1 2.06125e-6 -4.56713e-7 1 -3.71885e-7 -3.65363e-7 1 -3.71877e-7 -3.07508e-7 1 -3.12976e-7 0 -0.2566817 0.966496 0.7370249 0.6758656 0 0.7310611 0.6823121 0 -2.192e-6 0 -1 0.7310637 0.6823093 0 -0.7370266 0.6758638 0 -4.86343e-6 0 -1 -1 -3.00224e-7 0 4.86345e-6 0 1 0.8749293 -0.3211743 -0.3624166 -0.3623726 -0.3211551 -0.8749545 0 -1 1.14436e-5 -0.3825741 0 -0.9239249 0.362358 -0.321169 0.8749556 0 -1 -1.49428e-5 0.8749701 -0.3212777 0.3622266 0.3827296 0 0.9238604 0 -1 1.34361e-5 -0.3624582 -0.3212833 0.8748722 -0.382835 0 0.9238168 0 0.6561169 -0.7546592 0 1 -1.22527e-7 0.9767619 0 -0.2143275 0.9943099 1.57891e-6 -0.106527 -6.0793e-7 0 -1 0.3622428 -0.3213232 -0.8749466 0 -1 1.30799e-7 2.43174e-6 0 1 0 -1 1.49414e-5 1 -2.05235e-7 0 -0.731067 0.6823058 0 0 4.04113e-6 1 -1.87884e-6 0 -1 -0.7310617 -0.6823114 0 -0.7370269 0.6758635 0 -1 0 0 0 -3.47346e-6 -1 0 0.6758504 0.7370389 -0.7370262 0.6758642 0 -0.7310641 0.6823088 0 0 -0.2688965 -0.9631691 0 0.2601296 -0.9655737 0 -0.6990164 -0.7151057 0 -0.2559049 -0.966702 -1 -5.47252e-6 0 -4.47492e-6 0 -1 0.7370253 0.6758652 0 0 0.6758693 -0.7370215 0.7370246 0.675866 -2.97596e-7 -1 1.79565e-6 0 6.66035e-6 0 1 0 -0.7183524 -0.6956795 -9.72682e-6 0 -1 0.7310611 -0.682312 0 -3.03959e-6 0 1 0.001464188 0.999999 -2.23484e-7 0 0.6561028 0.7546716 -0.7546602 0.656116 -2.49589e-7 0.3196473 -2.37859e-5 -0.9475367 2.43166e-6 0 1 8.51271e-6 0 -1 -2.41437e-5 0 -1 -1 -2.85483e-6 0 0 -8.73792e-7 -1 -2.81889e-6 0 1 1 -4.38456e-7 0 -7.00553e-6 4.18507e-6 1 1.32897e-5 0 -1 -9.75963e-6 0 1 -0.4777944 -0.8784718 -7.9155e-7 0.7310597 0.6823136 0 0 0 -1 0 0.9639559 -0.266062 0 0.9660175 -0.2584766 0 -0.262012 -0.9650647 0 1.30784e-7 1 0 -3.38776e-7 -1 2.62938e-6 3.48757e-7 1 1.27324e-5 0 -1 -0.7310611 0.6823121 0 -1 -2.51356e-7 0 -0.5851703 -0.8109104 -4.24224e-5 -1 7.27985e-7 0 -1 0 0 -1 -1.79428e-6 0 -0.7310611 -0.6823121 0 -9.39625e-7 0 1 0.7310584 -0.682315 0 0 0 1 0 -0.9653636 -0.2609086 0.9094572 0.4149597 0.02638173 -0.5849779 -0.8110492 -4.39043e-5 1 -5.77296e-7 0 0 0 -1 0.730555 -0.6828539 0 0 -1.04203e-6 -1 -0.730563 0.6828453 0 0 0 -1 -4.69817e-7 2.54903e-7 1 -0.7546585 0.6561179 0 0.9614322 -0.2736245 0.02789086 -0.6396297 0.7686833 0 -0.7310597 0.6823136 0 0 0 1 9.11864e-7 0 1 -0.9148195 -0.1390801 0.3791595 0 0 -1 0.001469433 -0.999999 1.67612e-7 -2.34856e-7 0 -1 0 0 -1 -1 -1.71263e-7 0 0.7305551 -0.6828538 0 0.9999855 0.005396544 0 0.9999855 0.005397021 0 0.9999855 0.005396366 0 0.7310615 -0.6823116 0 0.001469433 0.999999 -1.67613e-7 0 0 -1 -0.7310618 -0.6823113 0 -3.33017e-6 0 1 0.6141688 0.2802311 -0.7377447 0.7310611 0.6823121 0 -1 0 0 -4.13673e-7 9.91865e-7 1 0 0 -1 1 0 0 0 -3.38777e-6 -1 0.7305553 0.6828536 -1.86165e-7 3.39419e-5 0.7070559 0.7071576 -1 -3.76482e-6 0 0.9999855 0.005397498 0 0.9999855 0.005396902 0 -1 1.7509e-7 0 -1.51979e-7 0 1 -1 3.86499e-7 0 0 -0.2588535 -0.9659167 0.06251877 0.9980439 -2.99877e-6 0.9617983 -0.2737362 0.003550171 0 0 1 0.001469433 -0.999999 0 0 1.34704e-6 1 0 -0.9659729 0.2586435 0.7305474 -0.6828619 -8.45404e-6 -0.7305626 -0.6828458 0 0.731061 -0.6823122 0 -0.7305628 -0.6828455 0 -2.43172e-6 0 -1 0 0 -1 0 0.7027367 -0.71145 0 0.7027454 -0.7114415 0 0 1 -1 2.05216e-6 0 0 -0.9648168 0.2629233 0 0 1 0 0.2636566 -0.9646166 0.1994359 0.09090924 -0.9756848 -1 0 -3.3553e-4 -1 0 4.79658e-5 0 0 -1 -1.66235e-5 0.7071238 0.7070898 3.84791e-7 0 1 -6.94252e-7 0 1 0.7310693 0.6823033 0 0.7310579 0.6823155 0 0.7310589 0.6823145 0 -0.7305628 0.6828455 0 1 -1.1266e-6 -2.7839e-5 0.9999995 -4.19874e-5 -0.001037478 0.3155466 3.19254e-5 -0.9489101 0.1999418 -0.05682426 -0.9781586 1 0 -4.79658e-5 0.2610052 -0.07423603 -0.9624788 2.65794e-5 0 -1 0.001469433 -0.9999989 0 -0.7305629 -0.6828454 0 -2.43166e-6 0 1 0.9999854 -0.005417287 0 0.7310668 -0.682306 0 0.9767611 0 -0.2143313 -1.45315e-6 0 1 -0.3786827 -0.138918 0.9150416 0.3786489 -0.1395175 0.9149644 0.2614847 0.1192304 -0.9578152 0.3714659 0.1695061 -0.9128422 0.499861 -0.8661057 -3.11541e-5 -0.7305631 0.6828453 0 -0.7305631 0.6828453 0 -7.20222e-6 0 -1 0.7305552 0.6828538 0 -0.7305554 -0.6828535 0 -6.61876e-6 0 1 -2.02382e-6 0 1 0.2625276 -0.07466745 -0.9620312 0.0398131 0.9992072 -5.23907e-6 0.3747689 -0.1066584 -0.9209628 -1.33207e-5 0 -1 0.001469433 -0.999999 2.23483e-7 0.9999853 -0.005417287 0 0.7305551 -0.6828539 0 9.72666e-6 0 -1 -1 -4.98229e-6 0 1 0 0 -1 1.246e-6 0 -0.04503077 -0.9989857 -9.20701e-7 -3.03967e-7 0 -1 0 1.59025e-7 1 0 1.01027e-6 1 0.001469433 0.999999 -1.67612e-7 0.7305551 -0.6828539 1.86164e-7 0.7305552 0.6828536 0 0.05629503 0.9984142 -7.65783e-7 0.05629503 0.9984142 -7.70267e-7 0.05629503 0.9984142 7.70035e-7 0.7310613 -0.6823118 0 0.7310588 -0.6823145 0 -0.7305626 -0.6828457 0 0.001469433 -0.999999 2.23483e-7 0.9999854 -0.00541836 0 -4.71221e-7 0 1 -0.7310662 0.6823066 0 1 -1.95703e-7 0 0.9999855 -0.005395591 0 0.9999853 -0.005417287 0 0 0.6561169 0.7546593 -0.7310637 0.6823092 0 0.7310636 0.6823093 0 1 -3.31415e-7 0 0.7310649 -0.6823079 0 -1.18637e-5 0 -1 0.3824688 0 -0.9239685 0 -1 4.98736e-6 -0.8749576 -0.3211699 0.3623524 -3.91513e-7 3.82351e-7 1 0 0.6561157 -0.7546604 -0.7546584 0.656118 0 0.7546572 0.6561192 0 1 3.55636e-7 0 1 3.13127e-7 0 -0.7310649 -0.6823081 0 -1.21584e-6 0 1 1.32897e-5 0 -1 0.3788523 -0.1393547 -0.9149051 1.33207e-5 0 1 0.319693 -0.9475212 0 0.9150206 -0.1393219 -0.3785852 0 -1 -2.12508e-5 -0.7310671 -0.6823057 0 -0.7310585 -0.6823148 0 -1.66121e-6 1.69043e-7 1 -0.7310599 -0.6823133 0 3.33017e-6 1.69388e-7 1 0 -1 -8.93803e-6 1 2.15361e-7 0 0 1 -5.40006e-6 -0.7310612 0.6823118 -3.90206e-4 -0.7310612 -0.6823118 -3.88795e-4 5.77701e-4 -0.9999999 0 0.7305471 0.6828623 0 0 1 0 -1.6503e-5 0 -1 0.3161554 -1.74186e-4 -0.9487074 2.50253e-5 0 -1 0.6714631 0.7410381 0 5.73683e-4 0.9999999 0 0.671465 0.7410364 0 5.78277e-4 0.9999998 0 0.6714609 -0.7410401 0 3.99889e-5 0 -1 1.84502e-6 0 1 0.6714621 -0.741039 0 5.77702e-4 -0.9999999 0 -1.50226e-6 0 -1 1.98299e-6 0 1 5.9648e-6 0 1 -0.9239112 -0.3534812 0.1464211 1 -5.05382e-5 0 0.6753572 0.7374908 1.48457e-5 1 1.85255e-7 0 2.56605e-7 0 -1 -1.25181e-5 0 1 0.6754071 -0.7374452 -1.47322e-5 -2.68958e-7 0 1 0.7072593 -0.7069543 2.46555e-7 0.6753588 0.7374894 -2.91986e-7 0.6754071 -0.7374452 -1.4797e-5 -0.3534311 0.1466546 -0.9238933 -0.1470777 -0.3532553 -0.9238933 -0.3535224 0.1464346 -0.9238933 -0.1464211 -0.3535279 -0.9238933 0.6754071 -0.7374452 -1.47645e-5 0.6753577 0.7374904 0 2.93565e-6 1 -2.68388e-7 0.6753588 0.7374894 0 0 -1 1.67742e-7 0.6753589 0.7374893 -1.29772e-7 0.6754071 -0.7374452 -1.47323e-5 -0.3534494 0.1466107 -0.9238933 -0.1469464 -0.3533099 -0.9238933 -2.9877e-4 -1 3.49033e-5 8.85576e-4 -0.9999997 -5.25862e-5 0.7075371 -0.7066762 -3.86025e-5 0.6754053 -0.7374468 1.48579e-5 0 0 -1 -8.3591e-6 0 -1 -5.7809e-6 0 -1 -1 3.67705e-6 0 0 -0.258861 -0.9659147 0 -0.7113732 0.7028145 0 -0.9659696 0.2586562 -1 -4.7838e-7 0 0 0.7101021 -0.7040988 -1 -1.13626e-6 0 -1 1.80168e-6 0 -1 9.3365e-7 0 0 -0.7100728 0.7041283 0 -0.7100785 0.7041226 0 -0.7210178 0.6929165 0 -0.7077354 -0.7064777 0 0.9679054 -0.2513152 -1 4.43848e-7 0 0 -0.7000598 0.7140843 0 -0.2689054 -0.9631667 0 0.7000618 -0.7140823 -1 3.27998e-7 0 -1 -1.05206e-6 0 -1 1.86071e-6 0 -1 4.88136e-7 0 -1 4.58805e-7 0 0 -0.705225 0.7089836 -1 3.73413e-6 0 -1 -3.78547e-6 0 -1 1.07326e-6 0 -1 1.83012e-6 0 -1 2.35358e-6 0 1 1.62338e-6 0 0.31964 0.9475391 -1.28813e-7 -0.9475449 -0.3196226 0 1 0 -5.32667e-4 1 0 -1.97099e-4 0.9999999 -3.35283e-4 -5.18838e-4 1 0 -5.32694e-4 1 0 -1.97125e-4 0 -0.3196211 0.9475455 0 -0.3196759 -0.947527 -0.9475457 -0.3196205 0 2.24787e-5 0 -1 5.47136e-6 0 -1 1 2.33647e-6 0 -0.7310553 0.6823183 0 -0.9149138 -0.1393901 0.378818 -0.73106 -0.6823132 0 0 1 2.90881e-7 -0.001464188 0.999999 -1.67613e-7 1 0 0 0.7310613 -0.6823118 0 1 6.83191e-6 0 0.7310557 0.6823179 0 -0.7546563 0.6561203 0 0.7546595 0.6561167 0 1 -3.86499e-7 0 -0.3196373 0 0.94754 0.731061 0.6823121 0 0.9150857 -0.1388524 -0.3786002 0.3786267 -0.1388558 -0.9150744 0 1 1.16352e-6 1.07979e-5 0 1 0 0.656131 -0.7546471 -0.7546575 0.656119 0 -0.7546564 0.6561201 -3.05864e-7 0 0.6561185 -0.754658 0.7546614 0.6561145 0 0 1 1.16353e-6 0 1 -1.16324e-6 0 1 2.06128e-6 0 1 8.72642e-7 3.84374e-7 1 -4.69473e-7 0 1 -2.90868e-7 0 1 -8.7263e-7 0 1 1.16348e-6 -3.84376e-7 1 -4.69475e-7 -3.07506e-7 1 -3.12975e-7 3.07508e-7 1 -3.12976e-7 0 -1 1.26279e-7 -0.7370249 0.6758656 0 -0.7310587 0.6823146 0 -4.25541e-6 0 -1 -0.73106 0.6823132 0 0 1 -5.37336e-7 0.7370266 0.6758638 0 4.86343e-6 0 -1 1 3.43102e-7 0 -0.9239141 0 -0.3826002 -0.8749293 -0.3211743 -0.3624166 0.3623726 -0.3211551 -0.8749545 -0.3622016 -0.3213172 0.8749659 1 0 0 0 -1 1.14437e-5 -0.8749701 -0.3212777 0.3622266 0.874929 -0.3211753 -0.3624165 0 -1 -2.12709e-5 0 -1 5.32643e-6 0 -1 -1.59371e-5 -0.9239185 0 0.3825893 0.36237 -0.3211678 0.8749511 0 1 -1.22527e-7 6.0793e-7 0 -1 -0.3622428 -0.3213232 -0.8749466 -1 -2.05235e-7 0 0.7310586 0.6823147 0 -1.21581e-6 0 -1 0.7310609 -0.6823123 0 0.7370269 0.6758635 0 1 0 0 0.7370262 0.6758642 0 0.73106 0.6823132 0 4.47492e-6 0 -1 1 0 0 -0.7370258 0.6758647 0 0 0.675867 -0.7370236 -0.7370246 0.675866 -2.97596e-7 1 1.79565e-6 0 -6.66035e-6 0 1 9.72682e-6 0 -1 3.03959e-6 0 1 -0.001469433 0.999999 0 0.7546569 0.6561197 0 -0.3196922 0 -0.9475215 -2.43166e-6 0 1 -8.51271e-6 0 -1 2.41437e-5 0 -1 1 -2.85483e-6 0 -1.82379e-6 0 1 -1 -4.38456e-7 0 7.00553e-6 4.18507e-6 1 -1.32897e-5 0 -1 9.75963e-6 0 1 -0.7310615 0.6823116 0 -2.50568e-6 0 1 -3.39419e-5 -0.7070559 0.7071576 0 1.30784e-7 1 -2.62938e-6 3.48757e-7 1 -1.27324e-5 0 -1 0.7310612 0.682312 0 1 -3.86499e-7 0 0 -7.34021e-7 -1 0.7310612 -0.682312 0 4.25549e-6 0 1 0 0 1 -1 3.49796e-7 0 0 0 -1 -0.730555 -0.6828539 1.86165e-7 0.730563 0.6828453 0 0 1 -2.66821e-7 0 0 -1 -1.51982e-6 0 1 0.7310618 0.6823113 0 0 0 1 -9.11864e-7 0 1 0.9149159 -0.1393957 0.3788109 -1.21584e-6 0 -1 0 0 -1 -0.7305551 -0.6828538 0 -0.9999855 0.005396008 0 -0.9999855 0.005397021 0 -0.9999855 0.005396366 0 -0.001469433 0.999999 -2.23483e-7 0 0 -1 3.33017e-6 0 1 -0.7310611 0.6823121 0 4.13673e-7 9.91865e-7 1 0 0 -1 -1 0 0 0 -1 2.66821e-7 -0.7305555 0.6828534 0 -0.9999855 0.005395591 0 -0.9999855 0.005396842 0 1 1.7509e-7 0 1.51979e-7 0 1 1 -3.86494e-7 0 -1.28235e-7 0 1 -0.001469433 -0.999999 0 -0.7305474 -0.6828619 -8.45404e-6 0.7305626 -0.6828458 0 0.7305628 -0.6828455 0 2.43172e-6 0 -1 0 -2.54924e-7 -1 1 2.05216e-6 0 0 0 1 0 0 -1 6.94252e-7 0 1 -0.7310608 0.6823123 3.83438e-4 -0.7310495 0.6823245 0 -0.7310505 0.6823235 0 0.7305628 0.6828455 0 -2.65794e-5 0 -1 -0.001469433 -0.999999 0 1 3.8648e-7 0 0.7305627 -0.6828457 0 2.43166e-6 0 1 -0.9999854 -0.005417287 0 1.45315e-6 0 1 0.3791033 -0.1393486 0.9148021 -0.3793466 -0.1388753 0.9147731 0.7305629 0.6828454 0 -6.68707e-6 0 -1 -0.7305553 0.6828536 -1.86164e-7 0.7305553 -0.6828536 0 6.61876e-6 0 1 2.02382e-6 0 1 1.33207e-5 0 -1 -0.001469433 -0.999999 2.23483e-7 -0.9999853 -0.005417287 0 -0.7305551 -0.6828539 0 1.00205e-5 0 -1 1 -4.98229e-6 0 -1 0 0 3.03967e-7 0 -1 -0.001469433 0.999999 -2.23483e-7 -0.7305551 -0.6828539 1.86164e-7 -0.7305551 0.6828538 0 -0.7310609 -0.6823122 0 -0.7310636 -0.6823093 0 0.7305627 -0.6828457 2.7925e-7 -0.001469433 -0.999999 1.67613e-7 -0.9999853 -0.00541836 0 4.71221e-7 0 1 0.7310578 0.6823156 0 -1 4.23202e-7 0 -0.9999855 -0.005395591 0 -0.7310597 -0.6823136 0 -0.9999854 -0.00541836 0 0.7310597 0.6823135 0 -0.7310597 0.6823135 0 -1 -3.31415e-7 0 -0.7310602 -0.682313 0 1.18637e-5 0 -1 0 -1 2.06129e-7 0 1 -1.54597e-7 0 -1 -5.71797e-6 -6.07929e-7 1.59028e-7 1 0.7310588 0.6823145 0 -0.731061 0.6823121 0 0 0.6561164 -0.7546598 0.7546603 0.6561158 -3.05866e-7 -1 3.55636e-7 0 0.7310608 -0.6823124 0 1.21584e-6 0 1 -1.32897e-5 0 -1 5.01025e-6 0 -1 -0.3788523 -0.1393547 -0.9149051 -1.33207e-5 0 1 -0.319693 -0.9475212 0 -0.9150206 -0.1393219 -0.3785852 1.66121e-6 1.69043e-7 1 0.7310597 -0.6823136 0 0.73106 -0.6823132 0 -0.7546551 0.6561217 0 -3.33017e-6 1.69388e-7 1 0 1 -1.54597e-7 0 1 2.06733e-6 0.7310612 0.6823118 -3.88637e-4 0.7310612 -0.6823118 -3.88795e-4 -5.77702e-4 -0.9999998 0 -0.7305471 0.6828623 0 -0.7305554 0.6828534 0 0.7305629 0.6828455 0 -0.6714621 0.741039 0 -0.6714586 0.7410421 0 -5.78271e-4 0.9999999 0 -0.6714609 -0.7410401 0 -1.84502e-6 0 1 -0.6714622 -0.7410388 0 1.50226e-6 0 -1 -1.98299e-6 0 1 -5.9648e-6 0 1 0.9238933 0.3647407 -0.1156951 -4.83597e-4 0 1 -0.3531216 0.1463348 -0.9240624 -0.1457055 -0.3536346 -0.9239657 -0.6753592 0.7374889 1.48315e-5 -1 1.85255e-7 0 -6.17521e-6 0 1 -0.6754071 -0.7374452 -1.47322e-5 -5.00336e-6 0 1 -1 1.46749e-7 0 -0.675356 0.7374919 -1.29771e-7 -0.6754071 -0.7374452 -1.4797e-5 0.9238959 0.3647406 -0.115675 -1 0 -2.19714e-5 0.9238878 0.1095814 -0.3666378 -1 -5.05382e-5 0 -2.93565e-6 1 0 -0.3535279 0.9238933 0.146421 -0.1464192 0.9238933 -0.3535288 0 -1 0 -0.6754071 -0.7374452 -1.47645e-5 -0.6753569 0.7374911 -1.29771e-7 0 1 -3.35485e-7 0 -1 2.34839e-7 -0.6753568 0.7374911 0 -1 0 -2.19715e-5 0.9238878 0.1095813 -0.3666379 -1 -5.05382e-5 0 -0.6753568 0.7374913 -1.29771e-7 -0.6754071 -0.7374452 -1.47323e-5 0.923896 0.3647405 -0.115675 -1 0 -2.19714e-5 0.9238877 0.1095813 -0.3666379 -1 -5.05383e-5 0 3.33529e-4 -1 3.69734e-5 -0.6754963 -0.7373634 0 8.3591e-6 0 -1 1 -4.7838e-7 0 1 9.3365e-7 0 1 4.43848e-7 0 1 4.88136e-7 0 1 4.58805e-7 0 1 -7.07094e-6 0 1 2.35358e-6 0 -0.3196399 0.9475392 -1.34866e-7 0.9475458 -0.31962 0 0 1 -6.4236e-7 -0.9999999 -3.35284e-4 -5.18841e-4 -1 0 -1.97099e-4 -1 0 -5.32667e-4 -1 0 -1.97125e-4 -1 0 -5.32694e-4 0 -0.3196212 0.9475455 1.00227e-5 0 -1 -1 -3.53967e-6 0 0.7310553 0.6823183 0 -1 0 0 0.9149516 -0.1395216 0.3786787 0.001464188 0.999999 -1.67613e-7 1.87884e-6 0 -1 -0.7310613 -0.6823118 0 -1 3.84294e-6 0 -1 0 0 -0.7310557 0.6823179 0 0.75466 0.6561163 -2.49589e-7 -0.7546605 0.6561156 0 -1 -3.00225e-7 0 0.3196361 0 0.9475405 -0.9150854 -0.1388517 -0.3786014 -0.3791362 -0.139338 -0.91479 0 1 2.32703e-6 0 0.6561307 -0.7546473 0.7546566 0.65612 0 0 0.6561188 -0.7546577 0 1 2.32705e-6 0 1 -2.32648e-6 0 1 1.64902e-6 4.5671e-7 1 -3.71882e-7 0 1 2.32696e-6 3.84376e-7 1 -4.69475e-7 3.65361e-7 1 -3.71876e-7 0.7370254 0.6758651 -3.16828e-7 0.7310588 0.6823146 0 4.86332e-6 0 -1 -0.7370277 0.6758627 0 2.19247e-6 0 -1 -1 3.86499e-7 0 -2.34908e-6 0 1 0.9239141 0 -0.3826002 -0.3625228 -0.3212851 -0.8748446 0.3622016 -0.3213172 0.8749659 -0.874929 -0.3211756 -0.3624164 0.9239185 0 0.3825893 -0.3623709 -0.321169 0.8749502 5.01136e-6 0 -1 0.3623921 -0.3211566 -0.874946 0 -1 1.28096e-7 -1.25284e-6 0 1 -0.7310586 0.6823147 0 -0.7310609 -0.6823123 0 -0.7370282 0.6758621 0 -0.7370281 0.6758621 -6.33658e-7 -1 2.40575e-6 0 3.42828e-6 0 -1 0.7370261 0.6758643 0 0 0.675868 -0.7370228 -2.02382e-6 0 1 7.20382e-6 0 -1 7.59476e-6 0 -1 0.001469433 0.999999 0 0.3196924 0 -0.9475214 3.10255e-7 -8.47159e-7 -1 -1 0 0 1.87925e-6 0 -1 0.7310616 0.6823115 0 -1 -2.30638e-7 0 1.40945e-6 0 1 0 0 -1 -1 3.45949e-7 0 3.37817e-5 -0.7070559 0.7071576 0 1.27041e-7 1 -4.82521e-7 -3.48757e-7 -1 -3.33017e-6 3.38777e-7 1 -3.20083e-5 0 -1 -1 1.32517e-7 0 -0.7310612 0.682312 0 -1 -2.58129e-7 0 9.39418e-7 0 1 -1 0 0 0.730555 -0.6828539 1.86165e-7 -0.7305628 0.6828455 0 0 0 -1 2.43172e-6 0 1 -0.7310618 0.6823114 0 -2.50459e-6 0 1 -0.9149159 -0.1393957 0.3788109 0 0 -1 2.43167e-6 0 -1 0.7305473 -0.6828621 -8.37732e-6 0.9999855 0.005396008 0 0.9999855 0.005396008 0 0.9999855 0.005396008 0 0.001469433 0.999999 -2.23483e-7 2.62938e-6 0 1 0.731061 0.6823122 0 -1 0 0 0 0 -1 4.50045e-6 -3.48758e-6 -1 0.7305555 0.6828534 0 -1 -1.16139e-6 0 0.9999855 0.005397021 0 0 0 1 -1 -3.42317e-7 0 1.51982e-7 0 1 -1 0 0 0.001469433 -0.999999 0 0.7305549 -0.682854 0 -0.7305628 -0.6828455 0 -0.7305627 -0.6828456 2.7925e-7 2.34908e-7 0 -1 -8.61139e-7 -2.54924e-7 -1 0 0 1 0 0 1 -2.77736e-6 0 -1 6.98968e-7 -0.7071236 0.70709 0.7310608 0.6823123 3.84274e-4 2.81828e-6 0 1 -1 0 0 0.7310495 0.6823245 0 0.7310505 0.6823235 0 -0.7305631 0.6828453 -1.86166e-7 0.001469433 -0.999999 0 -1 2.38389e-7 0 -0.7305627 -0.6828457 0 4.69715e-7 2.54926e-7 1 0.9999853 -0.00541836 0 -0.3791047 -0.1393485 0.9148015 0.3793466 -0.1388753 0.9147731 1.87926e-6 0 1 -0.7305629 0.6828454 0 -0.7305628 0.6828456 -1.86167e-7 9.72663e-6 0 -1 0.7305553 0.6828536 -1.86164e-7 -0.7305552 -0.6828536 0 2.61473e-6 0 -1 0.001469433 -0.999999 2.23483e-7 -1 -9.12576e-7 0 0.9999853 -0.005417287 0 0.7305551 -0.6828538 2.79247e-7 -6.88911e-6 0 -1 3.91427e-7 3.82387e-7 1 0.001469433 0.999999 -2.23483e-7 0.7305552 -0.6828537 0 0.7305551 0.6828538 0 0.7310609 -0.6823123 0 0.7310636 -0.6823093 0 -0.7305627 -0.6828457 2.7925e-7 0.001469433 -0.999999 1.67613e-7 0.9999854 -0.005418121 0 -0.7310578 0.6823156 0 1 7.72998e-7 0 0.9999854 -0.005417823 -1.14571e-5 0.9999854 -0.00541836 0 1 7.69861e-7 0 0.7310602 -0.682313 0 0 1.59028e-7 1 -0.7310589 0.6823144 0 0 0.6561166 -0.7546595 -0.7546613 0.6561146 -3.05866e-7 0.7546556 0.6561212 0 -0.7310608 -0.6823124 0 -3.91426e-6 0 -1 0.3791166 -0.1390811 -0.9148372 6.70757e-6 0 1 0.3196929 -0.9475212 1.28811e-7 0.9149788 -0.1393991 -0.378658 0.7546561 0.6561206 0 -1.36763e-6 1.74378e-7 1 -0.7310612 0.6823118 -3.88795e-4 -0.7310612 -0.6823118 -3.8992e-4 5.77702e-4 -0.9999998 0 0.7305473 0.6828621 0 0.7305554 0.6828534 0 -0.7305629 0.6828455 0 5.51169e-4 1 -3.28104e-5 0 3.48757e-7 1 -4.79142e-6 0 -1 0.6714621 0.741039 0 0.6714586 0.7410421 0 5.78271e-4 0.9999999 0 0.6714627 -0.7410384 2.32738e-7 -1.61216e-5 0 -1 7.93195e-6 0 -1 -3.00453e-6 0 1 -4.9667e-6 0 1 -0.3539444 0.1465225 -0.9237179 -0.1471423 -0.353419 -0.9238204 4.96268e-4 0 1 1 0 2.19714e-5 0.6753592 0.7374889 1.48264e-5 8.14873e-6 0 1 0.6754943 -0.7373653 1.29781e-7 6.53754e-7 0 1 2.50039e-6 0 1 0.675356 0.7374919 -1.29771e-7 0.6754946 -0.7373651 1.29781e-7 1 -5.05382e-5 -2.19714e-5 -0.923908 -0.3534812 0.1464414 2.93565e-6 1 0 1 -5.05382e-5 0 -0.9239081 -0.2926624 0.24646 1 0 -2.19715e-5 -0.9238926 -0.3806475 0.03911823 0.6754937 -0.7373658 0 0.6753568 0.7374913 -1.29771e-7 0.6753568 0.7374911 0 1 -5.05382e-5 -2.19714e-5 0.6754941 -0.7373654 1.29781e-7 1 0 0 1 -5.05383e-5 -2.19714e-5 -3.33529e-4 -1 3.69568e-5 0.6754966 -0.7373632 0 -3.64352e-7 0 -1 -1 -9.7925e-7 0 -1 -3.53624e-6 0 -1 1.75076e-6 0 -1 4.59733e-7 0 -1 -3.36519e-6 0 -1 -1.64474e-6 0 -1 -8.30661e-7 0 -1 6.95236e-6 0 -1 -1.36042e-6 0 -1 -3.86693e-6 0 -1 1.34528e-6 0 1 1.03033e-6 0 0.3196402 0.9475391 -1.34866e-7 -0.9475457 -0.3196204 0</float_array>
          <technique_common>
            <accessor source="#cargo_med-mesh-normals-array" count="1423" stride="3">
              <param name="X" type="float"/>
              <param name="Y" type="float"/>
              <param name="Z" type="float"/>
            </accessor>
          </technique_common>
        </source>
        <source id="cargo_med-mesh-map-0">
          <float_array id="cargo_med-mesh-map-0-array" count="15780">0.07631748 0.7278724 1.8623e-4 0.6890726 0.07631748 0.6890726 0.5571705 0.8544064 0.5195078 0.8527485 0.5195078 0.8544064 0.6159624 0.9305376 0.6543356 0.9306796 0.6172415 0.9306796 0.5571704 0.8544063 0.5195075 0.8527483 0.5571704 0.8527483 0.03428053 0.5250117 0.03428053 0.5683836 0.03428053 0.5683836 0.9784209 0.2409937 0.9583229 0.2564842 0.9832992 0.256484 0.963201 0.01896739 0.9832988 0.003477275 0.9583229 0.003477275 0.9938869 0.2458642 0.9784209 0.01896739 0.9784209 0.2409937 0.01091253 0.5250117 0.01091253 0.4815786 0.01091253 0.4815786 0.5195078 0.9305374 0.5571705 0.9321954 0.5571705 0.9305374 0.5204078 0.8544064 0.5571705 0.8544064 0.5195078 0.8544064 0.5592077 0.8544064 0.6146834 0.8544064 0.5603919 0.8544064 0.9036847 0.1096417 0.8985862 0.1206497 0.9048622 0.1098937 0.6568468 0.9305376 0.7111855 0.9321956 0.6568468 0.9321956 0.6790388 0.9577206 0.6572116 0.9822065 0.6790388 0.9822065 0.9043552 0.04227399 0.8728322 0.005132496 0.8567721 0.04227399 0.6412727 0.9835137 0.6570419 0.9970666 0.6570419 0.9835137 0.7512732 0.9835137 0.7726681 0.9970666 0.7726681 0.9835137 0.8567721 0.09020543 0.888345 0.1273471 0.9043552 0.09020543 0.7330272 0.9822065 0.7211066 0.9577206 0.7211066 0.9822065 0.7469218 0.9822065 0.7687064 0.9577206 0.7469218 0.9577206 0.7992674 0.8361543 0.8361173 0.832295 0.8361173 0.8361555 0.03428053 0.4381454 0.01091253 0.4381454 0.03428053 0.4381454 0.7136015 0.9305376 0.7533014 0.9321956 0.7533014 0.9305376 0.6172415 0.9306796 0.6543356 0.9322904 0.6543356 0.9306796 0.7570378 0.511918 0.7547968 0.5106456 0.7547968 0.511918 0.6568468 0.9305374 0.7111853 0.9321954 0.7111853 0.9305374 0.7826475 0.8322938 0.7992674 0.8361543 0.7826475 0.8361539 0.01091253 0.5250117 0.030855 0.5284372 0.01439929 0.5284372 0.8361173 0.832295 0.8527401 0.8361539 0.8361173 0.8361555 0.01091253 0.4815786 0.01091253 0.4381454 0.01091253 0.4381454 0.520408 0.9305374 0.5195079 0.8544064 0.5195079 0.9305374 0.5195079 0.9305374 0.5571706 0.9321954 0.5571706 0.9305374 0.03428053 0.5250117 0.03428053 0.4815786 0.03428053 0.4815786 0.7123226 0.8544062 0.6568469 0.8544063 0.6555675 0.8544062 0.01091253 0.5683836 0.01091253 0.5250117 0.01091253 0.5250117 0.03428053 0.6118166 0.03428053 0.6552493 0.03428053 0.6552493 0.03428053 0.4815786 0.03428053 0.4381454 0.03428053 0.4381454 0.4374046 0.350542 0.4612992 0.2708535 0.4374046 0.2708535 0.5195075 0.9305376 0.5571704 0.9321956 0.5195075 0.9321956 0.5603919 0.9305374 0.6146834 0.9321954 0.6146834 0.9305374 0.8720958 0.003350555 0.8607677 0.008790016 0.8616299 0.009633779 0.9043552 0.04227399 0.8728322 0.005132377 0.8567721 0.04227399 0.6572116 0.9577206 0.6419453 0.9822065 0.6572116 0.9822065 0.6790388 0.9577206 0.692701 0.9822065 0.692701 0.9577206 0.7687064 0.9822065 0.7840155 0.9577206 0.7687064 0.9577206 0.9043552 0.04227399 0.8567721 0.09020543 0.9043552 0.09020543 0.5603918 0.9305376 0.6146833 0.9321956 0.5603918 0.9321956 0.01439929 0.5215245 0.02749067 0.5182212 0.030855 0.5215245 0.030855 0.6517627 0.02749067 0.6186069 0.030855 0.6152423 0.01770269 0.4883685 0.01439929 0.5215245 0.01439929 0.4850042 0.5571702 0.8544063 0.5195075 0.8527483 0.5571702 0.8527483 0.955739 0.2782771 0.9659435 0.3903777 0.9659435 0.3068588 0.9816448 0.2782771 0.9659435 0.3068588 0.9714404 0.3068588 0.9507957 0.2625802 0.9816448 0.2782771 0.9865888 0.2625806 0.6146833 0.8544063 0.5603918 0.8527483 0.6146833 0.8527483 0.889599 0.8439731 0.8729771 0.8401141 0.8895985 0.8401125 0.8729771 0.8283718 0.8361305 0.8322426 0.83613 0.8283822 0.8729771 0.8401141 0.8361242 0.8439768 0.8361242 0.8401162 0.8361242 0.8439768 0.8195024 0.8401157 0.8361242 0.8401162 0.753301 0.8544064 0.7136012 0.8527485 0.7136012 0.8544064 0.8361305 0.8322426 0.819508 0.8283795 0.83613 0.8283822 0.6543356 0.8545485 0.6172415 0.8528903 0.6172415 0.8545485 0.5571702 0.8544063 0.5195075 0.8527482 0.5195075 0.8544063 0.6555675 0.8544062 0.6172415 0.8545485 0.6159624 0.8544062 0.7480841 0.5106456 0.7458524 0.511918 0.7480841 0.511918 0.5204076 0.8544063 0.5592073 0.9305376 0.5592073 0.8544062 0.7637606 0.511918 0.7615196 0.5106456 0.7615196 0.511918 0.03428053 0.6118166 0.01439929 0.6083908 0.030855 0.6083908 0.7532069 0.9305376 0.7136015 0.9305376 0.7533014 0.9305376 0.02749067 0.6186069 0.01770269 0.6483981 0.01770269 0.6186069 0.02749067 0.531802 0.01770269 0.561593 0.01770269 0.531802 0.02749067 0.6186069 0.01439929 0.6152423 0.030855 0.6152423 0.5195078 0.9305374 0.5571705 0.9321954 0.5571705 0.9305374 0.01439929 0.4781528 0.02749067 0.4747884 0.030855 0.4781528 0.7992697 0.8362045 0.8361242 0.8400611 0.7992702 0.8400652 0.02749067 0.561593 0.030855 0.5284372 0.030855 0.5649577 0.030855 0.6083908 0.02749067 0.5751738 0.030855 0.5718091 0.02749067 0.5751738 0.01439929 0.5718091 0.030855 0.5718091 0.7687065 0.9822065 0.7840155 0.9577206 0.7687065 0.9577206 0.7992674 0.8440226 0.8361173 0.847884 0.7992674 0.8478826 0.8195021 0.8439764 0.7826477 0.8401125 0.8195024 0.8401157 0.02749067 0.531802 0.01439929 0.5284372 0.030855 0.5284372 0.01439929 0.5284372 0.01770269 0.561593 0.01439929 0.5649577 0.7826475 0.8362069 0.7992702 0.8400652 0.782648 0.8400677 0.01439929 0.5649577 0.02749067 0.561593 0.030855 0.5649577 0.8527396 0.8322932 0.8895973 0.8361486 0.8527401 0.8361539 0.03428053 0.5683836 0.01439929 0.5649577 0.030855 0.5649577 0.03428053 0.5683836 0.030855 0.6083908 0.030855 0.5718091 0.01091253 0.6118166 0.030855 0.6152423 0.01439929 0.6152423 0.030855 0.5718091 0.01091253 0.5683836 0.03428053 0.5683836 0.01091253 0.6118166 0.01439929 0.5718091 0.01439929 0.6083908 0.030855 0.6152423 0.03428053 0.6552493 0.030855 0.6517627 0.01091253 0.6552493 0.01439929 0.6152423 0.01439929 0.6517627 0.030855 0.4850042 0.01091253 0.4815786 0.03428053 0.4815786 0.03428053 0.4815786 0.01439929 0.4781528 0.030855 0.4781528 0.030855 0.5284372 0.03428053 0.5683836 0.030855 0.5649577 0.03428053 0.5250117 0.01439929 0.5215245 0.030855 0.5215245 0.01091253 0.4815786 0.01439929 0.4416323 0.01439929 0.4781528 0.01091253 0.4381454 0.030855 0.4416323 0.01439929 0.4416323 0.03428053 0.6552493 0.01439929 0.6517627 0.030855 0.6517627 0.030855 0.4416323 0.03428053 0.4815786 0.030855 0.4781528 0.01091253 0.5683836 0.01439929 0.5284372 0.01439929 0.5649577 0.03428053 0.4815786 0.030855 0.5215245 0.030855 0.4850042 0.01439929 0.5215245 0.01091253 0.4815786 0.01439929 0.4850042 0.963201 0.01896739 0.9784209 0.2409937 0.9784209 0.01896739 0.01770269 0.4883685 0.02749067 0.5182212 0.01770269 0.5182212 0.01091253 0.6118166 0.01091253 0.6552493 0.01091253 0.6552493 0.7512747 0.9835135 0.7726701 0.9970669 0.7726701 0.9835135 0.7440074 0.6352692 0.7407165 0.6025522 0.7440074 0.6014553 0.6568468 0.9305375 0.7111853 0.9321954 0.6568468 0.9321954 0.6543356 0.8545485 0.6172415 0.8528903 0.6543356 0.8528903 0.7123225 0.8544063 0.6568468 0.8544064 0.7111853 0.8544064 0.6812059 0.9835135 0.7026015 0.9970669 0.7026015 0.9835135 0.7111853 0.8544064 0.6568468 0.8527485 0.7111853 0.8527485 0.7440074 0.6352692 0.7554292 0.6014553 0.7554292 0.6352692 0.7440074 0.6014553 0.7554292 0.5676413 0.7554292 0.6014553 0.7554292 0.5338281 0.7587203 0.5665448 0.7554292 0.5676413 0.9048622 0.08852624 0.9036847 0.1096417 0.9048622 0.1098937 0.01091253 0.6552493 0.03428053 0.6552493 0.01091253 0.6552493 0.7026015 0.9835135 0.7512744 0.9970669 0.7512744 0.9835135 0.1769754 0.9853516 0.2128812 0.9877727 0.1769754 0.9877681 0.03428053 0.5683836 0.03428053 0.6118166 0.03428053 0.6118166 0.7512744 0.9835135 0.7726699 0.9970669 0.7726699 0.9835135 1.86349e-4 0.7278722 0.07631725 0.6890723 1.86349e-4 0.6890723 0.6146834 0.8544064 0.5592074 0.8544063 0.5603919 0.8544064 0.5571704 0.8544064 0.5195077 0.8527483 0.5195077 0.8544064 0.5592077 0.9305374 0.6146834 0.9305374 0.6159624 0.9305374 0.6812071 0.9835137 0.7026019 0.9970666 0.7026019 0.9835137 0.903684 0.01937603 0.9048622 0.04053324 0.9048622 0.01912385 0.01091253 0.5683836 0.01091253 0.6118166 0.01091253 0.6118166 0.74864 0.5081671 0.7455817 0.5057497 0.74864 0.5057631 0.7492569 0.5084331 0.7464947 0.5103387 0.7464947 0.5084331 0.7547694 0.5084331 0.752007 0.5103387 0.752007 0.5084331 0.7749963 0.5075167 0.7726709 0.505817 0.7728754 0.5053548 0.7547436 0.5081804 0.7516986 0.5057631 0.7547436 0.5057631 0.7658175 0.5103387 0.7630555 0.5084331 0.7658056 0.5084331 0.5204078 0.8544064 0.5592077 0.9305374 0.5592077 0.8544064 0.7681438 0.507639 0.7676544 0.5104672 0.7676817 0.507435 0.7464947 0.5084331 0.7437447 0.5103387 0.7437325 0.5084331 0.7578021 0.5081804 0.7547436 0.5057631 0.7578021 0.5057631 0.7575311 0.5103387 0.7547694 0.5084331 0.7575311 0.508445 0.766964 0.5081671 0.763906 0.5057631 0.766964 0.5057631 0.7721058 0.50705 0.7702484 0.5066434 0.7722688 0.5066705 0.7703979 0.5070365 0.7687981 0.5080668 0.7702484 0.5066434 0.7733119 0.5082837 0.7722688 0.5066705 0.7736918 0.5081211 0.7687711 0.5101002 0.7703567 0.5111711 0.7701942 0.5115506 0.7704299 0.5074451 0.7719342 0.5074586 0.7729911 0.508529 0.7729911 0.508529 0.7729774 0.5100331 0.7704299 0.5074451 0.7704031 0.5110764 0.7693458 0.5100059 0.7693594 0.5085019 0.7749556 0.5105351 0.7745207 0.507707 0.7749963 0.5075167 0.7729774 0.5100331 0.7719064 0.5110899 0.7704031 0.5110764 0.7455817 0.5081671 0.7425235 0.5057631 0.7455817 0.5057497 0.6543356 0.8545485 0.6172415 0.8528903 0.6543356 0.8528903 0.7630555 0.5103387 0.7602936 0.508445 0.7630555 0.5084331 0.7608602 0.5081804 0.7578021 0.5057631 0.7608602 0.5057631 0.7639188 0.5081671 0.7608602 0.5057631 0.763906 0.5057631 0.02749067 0.4883685 0.01439929 0.4850042 0.030855 0.4850042 0.09278714 0.9750468 0.1589823 0.9875676 0.09278714 0.9875676 0.1623645 0.9917886 0.1746091 0.9750468 0.1779916 0.9792677 0.5592077 0.8544064 0.6146834 0.8544064 0.5603919 0.8544064 0.752007 0.5084331 0.7492448 0.5103387 0.7492569 0.5084331 0.08737826 0.9750468 0.02118456 0.9875681 0.005557656 0.9750478 0.5592077 0.9305374 0.6146834 0.9305374 0.6159624 0.9305374 0.7726709 0.505817 0.7698434 0.5053141 0.7728754 0.5053548 0.7136015 0.9321956 0.7533014 0.9305376 0.7533014 0.9321956 0.6146833 0.8544063 0.5603918 0.8527482 0.6146833 0.8527482 0.7136015 0.9305376 0.7532069 0.9305376 0.7533014 0.9305376 0.7123226 0.8544062 0.6568469 0.8544063 0.7111855 0.8544063 0.5571702 0.8544063 0.5195075 0.8527482 0.5571702 0.8527482 0.6543356 0.8545485 0.6159624 0.8544062 0.6172415 0.8545485 0.6172415 0.9306796 0.6543356 0.9322904 0.6172415 0.9322904 0.6159624 0.9305376 0.6543356 0.9306796 0.6172415 0.9306796 0.6146834 0.8544064 0.5603919 0.8527485 0.5603919 0.8544064 0.7136015 0.8544063 0.7532069 0.8544062 0.7123226 0.8544062 0.4282324 0.9877688 0.4102749 0.9853566 0.4282317 0.9853515 0.7554292 0.6014553 0.7587203 0.5665448 0.7587203 0.6025522 0.854892 0.04053294 0.8560699 0.01937544 0.854892 0.01912313 0.7136012 0.8544064 0.7532065 0.8544063 0.7123225 0.8544063 0.7587203 0.5305367 0.7440074 0.5338281 0.7407165 0.5305372 0.6412707 0.9835135 0.6570402 0.9970669 0.6570402 0.9835135 0.7587203 0.6025522 0.7554292 0.6352692 0.7554292 0.6014553 0.6146834 0.8544064 0.5603919 0.8527485 0.6146834 0.8527485 0.8560699 0.1096417 0.854892 0.08852624 0.854892 0.1098937 0.6812062 0.9835135 0.7026015 0.9970669 0.7026015 0.9835135 0.3026292 0.9878019 0.2846906 0.9853821 0.3026292 0.9853875 0.6790391 0.9577206 0.6572118 0.9822065 0.6790391 0.9822065 0.7469221 0.9822065 0.7687065 0.9577206 0.7469221 0.9577206 0.7469218 0.9822065 0.768706 0.9577206 0.7469218 0.9577206 0.6570421 0.9835137 0.6696348 0.9970666 0.6696348 0.9835137 0.6812071 0.9835137 0.7026019 0.9970666 0.7026019 0.9835137 0.8548924 0.04053324 0.8560703 0.01937603 0.8548924 0.01912385 0.6790388 0.9577206 0.6572116 0.9822065 0.6790388 0.9822065 0.9048622 0.08852612 0.903684 0.109641 0.9048622 0.1098935 0.8876585 0.003350555 0.8718855 0.002130806 0.8720958 0.003350555 0.520408 0.8544064 0.5571706 0.8544064 0.5195079 0.8544064 0.8560703 0.109641 0.8548924 0.08852612 0.8548924 0.1098935 1.86349e-4 0.727872 0.07631725 0.6890723 1.86349e-4 0.6890723 0.7440074 0.6014553 0.7407165 0.5665448 0.7440074 0.5676413 0.7440074 0.6352692 0.7587203 0.6385594 0.7407165 0.6385594 0.7407165 0.5665448 0.7440074 0.5338281 0.7440074 0.5676413 0.8876585 0.1257095 0.8718855 0.1268872 0.8878688 0.1268872 0.5571705 0.9305374 0.5204078 0.9305374 0.5195078 0.9305374 0.6570402 0.9835135 0.6683547 0.9970669 0.6683547 0.9835135 0.3384957 0.9853811 0.3026292 0.9878019 0.3026292 0.9853875 0.6146833 0.8544063 0.5592074 0.8544063 0.5603918 0.8544063 0.5571702 0.8544063 0.5204076 0.8544063 0.5195075 0.8544063 0.6159624 0.9305374 0.6543356 0.9306795 0.6555674 0.9305374 0.7111853 0.8544064 0.6568468 0.8527485 0.6568468 0.8544064 0.7123224 0.9305374 0.6568468 0.9305374 0.7111853 0.9305374 0.5204078 0.9305374 0.5195078 0.8544064 0.5195078 0.9305374 0.01439929 0.6517627 0.02749067 0.6483981 0.030855 0.6517627 0.01770269 0.6186069 0.01439929 0.6517627 0.01439929 0.6152423 0.9816448 0.4885696 0.9507957 0.5042661 0.9865888 0.5042661 0.7687981 0.5080668 0.7691639 0.5099511 0.7687711 0.5101002 0.7123226 0.9305376 0.6568469 0.9305376 0.7111855 0.9305376 0.5195075 0.9305376 0.5571702 0.9321956 0.5571702 0.9305376 0.5592073 0.8544062 0.6146833 0.8544063 0.5603918 0.8544063 0.5204076 0.8544063 0.5571702 0.8544063 0.5195075 0.8544063 0.8720958 0.1257086 0.8613052 0.1207645 0.8718855 0.1268863 0.7136015 0.8544063 0.7532067 0.8544062 0.7123225 0.8544062 0.753301 0.8544064 0.7136012 0.8527485 0.7136012 0.8544064 0.5571704 0.8544064 0.5195078 0.8527485 0.5571704 0.8527485 0.5592074 0.9305376 0.6146833 0.9305376 0.5603918 0.9305376 0.7136012 0.9321954 0.7533013 0.9305375 0.7533013 0.9321954 0.5571702 0.9305376 0.5204076 0.9305376 0.5592073 0.9305376 0.7136012 0.8544064 0.7532065 0.8544064 0.753301 0.8544064 0.7532065 0.9305374 0.7136012 0.9305374 0.753301 0.9305374 0.6146833 0.8544063 0.5592073 0.8544062 0.5603918 0.8544063 0.5195078 0.9305375 0.5571704 0.9321954 0.5195078 0.9321954 0.6790388 0.9577206 0.6916201 0.9822065 0.6916201 0.9577206 0.6568469 0.9305376 0.7111855 0.9321956 0.6568469 0.9321956 0.8567721 0.09020543 0.888345 0.1273471 0.9043552 0.09020543 0.5592074 0.9305375 0.6146833 0.9305375 0.6159624 0.9305375 0.6572116 0.9577206 0.6419453 0.9822065 0.6572116 0.9822065 0.7211066 0.9577206 0.7048112 0.9822065 0.7211066 0.9822065 0.7123225 0.8544063 0.6568468 0.8544064 0.6555675 0.8544063 0.7211066 0.9577206 0.7048112 0.9822065 0.7211066 0.9822065 0.751273 0.9835137 0.7726678 0.9970666 0.7726678 0.9835137 0.9043552 0.04227399 0.8728322 0.005132377 0.8567721 0.04227399 0.6572118 0.9577206 0.6419456 0.9822065 0.6572118 0.9822065 0.7345096 0.9822065 0.7211066 0.9577206 0.7211066 0.9822065 0.7026019 0.9835137 0.751273 0.9970666 0.751273 0.9835137 0.768706 0.9822065 0.7840152 0.9577206 0.768706 0.9577206 0.7211066 0.9577206 0.7048112 0.9822065 0.7211066 0.9822065 0.9043552 0.04227399 0.8567721 0.09020543 0.9043552 0.09020543 0.768706 0.9822065 0.7840152 0.9577206 0.768706 0.9577206 0.6790391 0.9577206 0.6572118 0.9822065 0.6790391 0.9822065 0.5571704 0.9305376 0.5204076 0.9305376 0.5592074 0.9305376 0.5571704 0.8544063 0.5204076 0.8544063 0.5195075 0.8544063 0.9405558 0.8813058 0.9783861 0.9519206 0.9405558 0.9872287 0.8567721 0.09020543 0.888345 0.1273471 0.9043552 0.09020543 0.7026015 0.9835135 0.7512744 0.9970669 0.7512744 0.9835135 0.5571702 0.9305376 0.5204076 0.9305376 0.5592074 0.9305376 0.8638794 0.9971901 0.8964438 0.9985774 0.8636031 0.9985774 0.8560703 0.109641 0.8548924 0.08852589 0.8548924 0.1098933 0.903684 0.01937627 0.9048622 0.04053324 0.9048622 0.01912385 0.6543356 0.8545485 0.6159624 0.8544062 0.6172415 0.8545485 0.5603918 0.9305376 0.6146833 0.9321956 0.5603918 0.9321956 0.5195075 0.9305376 0.5571704 0.9321956 0.5195075 0.9321956 0.898401 0.1214432 0.9043552 0.1113368 0.9043552 0.09020543 0.898401 0.1214432 0.9043552 0.09020543 0.888345 0.1273471 0.8625274 0.01121073 0.8567721 0.02114266 0.8567721 0.04227399 0.8625274 0.01121073 0.8567721 0.04227399 0.8728322 0.005132377 0.8982415 0.01082587 0.888345 0.005132377 0.8728322 0.005132377 0.8982415 0.01082587 0.8728322 0.005132377 0.9043552 0.02114266 0.7469221 0.9822065 0.7687065 0.9577206 0.7469221 0.9577206 0.6146833 0.8544064 0.5603918 0.8527483 0.5603918 0.8544064 0.5592073 0.9305376 0.6146833 0.9305376 0.5603918 0.9305376 0.6568469 0.9305376 0.7111855 0.9321956 0.7111855 0.9305376 0.7532065 0.9305374 0.7136012 0.9305374 0.753301 0.9305374 0.6543356 0.8545485 0.6172415 0.8528903 0.6543356 0.8528903 0.6568469 0.9305376 0.7123226 0.9305376 0.7111855 0.9305376 0.7211066 0.9577206 0.7048112 0.9822065 0.7211066 0.9822065 0.6358521 0.8556799 0.6994094 0.8556799 0.7007794 0.8556799 0.7136012 0.9305374 0.753301 0.9321954 0.753301 0.9305374 0.6555675 0.8544062 0.6159624 0.9305376 0.6159624 0.8544062 0.5204076 0.8544063 0.5592074 0.9305376 0.5204076 0.9305376 0.5592074 0.8544063 0.6146833 0.8544064 0.5603918 0.8544064 0.6555674 0.8544064 0.7123224 0.9305374 0.7123224 0.8544064 0.7136015 0.8544063 0.7532067 0.8544062 0.7123225 0.8544062 0.6159624 0.8544062 0.5592073 0.9305376 0.5592073 0.8544062 0.6555675 0.9305376 0.6159624 0.8544062 0.6555675 0.8544062 0.7026015 0.9835135 0.7512747 0.9970669 0.7512747 0.9835135 0.7123225 0.8544062 0.6568469 0.8544063 0.7111855 0.8544063 0.5592074 0.9305376 0.6146833 0.9305376 0.5603918 0.9305376 0.01439929 0.4416323 0.01770269 0.4747884 0.01439929 0.4781528 0.6159624 0.9305376 0.6543356 0.9306796 0.6172415 0.9306796 0.6172415 0.9306795 0.6543356 0.9322903 0.6543356 0.9306795 0.6358521 0.8556799 0.7007794 0.8556799 0.6994094 0.8556799 0.5603918 0.9305376 0.6146833 0.9321956 0.5603918 0.9321956 0.7123224 0.9305374 0.6568468 0.9305374 0.7111853 0.9305374 0.7123225 0.9305375 0.6568468 0.9305375 0.7111853 0.9305375 0.7503148 0.5106456 0.7480841 0.511918 0.7503148 0.511918 0.5571702 0.8544063 0.5204076 0.8544063 0.5195075 0.8544063 0.8720958 0.003350794 0.8878688 0.002130866 0.8718855 0.002130866 0.5204076 0.9305376 0.5195075 0.8544063 0.5204076 0.8544063 0.7123225 0.8544062 0.6568469 0.8544063 0.7111855 0.8544063 0.5195077 0.9305375 0.5571704 0.9321954 0.5571704 0.9305375 0.7136014 0.8544064 0.7532066 0.8544063 0.7533013 0.8544064 0.5204078 0.8544064 0.5592074 0.9305375 0.5592074 0.8544063 0.6172415 0.9306796 0.6543356 0.9322904 0.6172415 0.9322904 0.7123225 0.8544063 0.6555675 0.9305375 0.7123225 0.9305375 0.7123226 0.9305376 0.7532069 0.8544062 0.7532069 0.9305376 0.7532067 0.9305376 0.7123225 0.8544063 0.7532067 0.8544063 0.7123225 0.9305375 0.7532065 0.8544063 0.7532065 0.9305375 0.6568468 0.9305375 0.7111853 0.9321954 0.7111853 0.9305375 0.5204078 0.9305375 0.5195077 0.8544064 0.5195077 0.9305375 0.6172415 0.9306795 0.6543356 0.9322904 0.6543356 0.9306795 0.5204078 0.8544064 0.5571704 0.8544064 0.5195077 0.8544064 0.5603918 0.9305375 0.6146833 0.9321954 0.6146833 0.9305375 0.5571704 0.9305375 0.5204078 0.9305375 0.5195077 0.9305375 0.6358521 0.8556799 0.6994094 0.8556799 0.7007794 0.8556799 0.6568469 0.9305376 0.7111855 0.9321956 0.6568469 0.9321956 0.6159624 0.9305375 0.6543356 0.9306795 0.6555675 0.9305375 0.5195075 0.9305376 0.5571702 0.9321956 0.5195075 0.9321956 0.7136015 0.9305376 0.7532067 0.9305376 0.7533014 0.9305376 0.6146833 0.8544063 0.5592074 0.8544062 0.5603918 0.8544063 0.7136015 0.9321956 0.7533014 0.9305376 0.7533014 0.9321956 0.6812062 0.9835135 0.7026015 0.9970669 0.7026015 0.9835135 0.5571704 0.8544064 0.5204078 0.8544064 0.5195078 0.8544064 0.6159624 0.8544064 0.6555674 0.9305374 0.6555674 0.8544064 0.7123225 0.8544062 0.6555675 0.9305376 0.6555675 0.8544062 0.6572116 0.9577206 0.6419453 0.9822065 0.6572116 0.9822065 0.9043552 0.04227399 0.8567721 0.09020543 0.9043552 0.09020543 0.8720958 0.1257086 0.8878688 0.1268863 0.8876585 0.1257086 0.8876585 0.1257086 0.8985758 0.1206588 0.8977157 0.1198154 0.5571706 0.8544064 0.5195079 0.8527485 0.5195079 0.8544064 0.7123225 0.9305376 0.7532067 0.8544062 0.7532067 0.9305376 0.7532067 0.8544062 0.7123225 0.9305376 0.7123225 0.8544062 0.8548924 0.04053324 0.8560703 0.01937627 0.8548924 0.01912385 0.9048622 0.08852589 0.903684 0.109641 0.9048622 0.1098933 0.6568469 0.9305376 0.7123225 0.9305376 0.7111855 0.9305376 0.5571704 0.8544063 0.5195075 0.8527483 0.5571704 0.8527483 0.6812059 0.9835135 0.7026015 0.9970669 0.7026015 0.9835135 0.6159624 0.8544063 0.6543356 0.8545485 0.6172415 0.8545485 0.6358521 0.8556799 0.7007794 0.8556799 0.6994094 0.8556799 0.7136012 0.8544064 0.7532065 0.8544064 0.753301 0.8544064 0.5592074 0.9305376 0.6146833 0.9305376 0.5603918 0.9305376 0.8714703 0.5297251 0.916655 0.5297251 0.8714703 0.5297251 1.8623e-4 0.7278724 0.07631748 0.6890726 0.07631748 0.7278724 0.6159624 0.8544064 0.6543356 0.8545486 0.6172415 0.8545486 0.5204076 0.9305376 0.5195075 0.8544063 0.5204076 0.8544063 0.7136015 0.9305376 0.7532067 0.9305376 0.7533014 0.9305376 0.6412703 0.9835135 0.6570399 0.9970669 0.6570399 0.9835135 0.7123226 0.8544062 0.6555675 0.9305376 0.7123226 0.9305376 0.6159624 0.9305376 0.6543356 0.9306796 0.6172415 0.9306796 0.6412707 0.9835135 0.6570402 0.9970669 0.6570402 0.9835135 0.5592077 0.9305374 0.6159624 0.8544064 0.5592077 0.8544064 0.6790388 0.9577206 0.6572116 0.9822065 0.6790388 0.9822065 0.6568468 0.9305374 0.7111853 0.9321954 0.7111853 0.9305374 0.7469218 0.9822065 0.768706 0.9577206 0.7469218 0.9577206 0.5592077 0.8544064 0.6159624 0.9305374 0.6159624 0.8544064 0.6555675 0.8544062 0.6159624 0.9305376 0.6555675 0.9305376 0.6146833 0.8544063 0.5592074 0.8544062 0.5603918 0.8544063 0.7123224 0.8544064 0.6568468 0.8544064 0.6555674 0.8544064 0.7726678 0.9835137 0.784484 0.9970666 0.784484 0.9835137 0.5571706 0.9305374 0.520408 0.9305374 0.5195079 0.9305374 0.7469221 0.9822065 0.7341488 0.9577206 0.7341488 0.9822065 0.8876585 0.1257086 0.8718855 0.1268865 0.8878688 0.1268865 0.641273 0.9835137 0.6570421 0.9970666 0.6570421 0.9835137 0.8984778 0.1213657 0.9043552 0.1113368 0.9043552 0.09020543 0.8984778 0.1213657 0.9043552 0.09020543 0.888345 0.1273471 0.6913364 0.9577206 0.7048112 0.9822065 0.7048112 0.9577206 0.5592077 0.9305374 0.6146834 0.9305374 0.6159624 0.9305374 0.7687065 0.9822065 0.7840155 0.9577206 0.7687065 0.9577206 0.6159624 0.9305374 0.6543356 0.9306795 0.6555674 0.9305374 0.7512747 0.9835135 0.7726701 0.9970669 0.7726701 0.9835135 0.6358521 0.8556799 0.6994094 0.8556799 0.7007794 0.8556799 0.9027235 0.8813049 0.857326 0.8588511 0.9027218 0.8588511 0.8700011 0.6672887 0.9181267 0.6434855 0.918125 0.6672887 0.7111855 0.8544063 0.6568468 0.8527483 0.7111855 0.8527483 0.6568468 0.9305376 0.7123225 0.9305376 0.7111855 0.9305376 0.6543356 0.8545485 0.6159624 0.8544062 0.6172415 0.8545485 0.5204078 0.8544064 0.5592074 0.9305375 0.5204078 0.9305375 0.6543356 0.8545485 0.6172415 0.8528903 0.6172415 0.8545485 0.6568469 0.9305376 0.7111855 0.9321956 0.6568469 0.9321956 0.7111855 0.8544063 0.6568469 0.8527482 0.7111855 0.8527482 0.5592074 0.8544063 0.6159624 0.9305375 0.5592074 0.9305375 0.7533014 0.8544063 0.7136015 0.8527482 0.7533014 0.8527482 0.6358521 0.8556799 0.7007794 0.8556799 0.6994094 0.8556799 0.7136015 0.8544063 0.7532069 0.8544062 0.7533014 0.8544063 0.5204076 0.9305376 0.5195075 0.8544063 0.5204076 0.8544063 0.5195075 0.9305376 0.5571702 0.9321956 0.5195075 0.9321956 0.5592074 0.9305375 0.6159624 0.8544063 0.5592074 0.8544063 0.6568469 0.9305376 0.7123225 0.9305376 0.7111855 0.9305376 0.7512744 0.9835135 0.7726699 0.9970669 0.7726699 0.9835135 0.6172415 0.9306796 0.6543356 0.9322904 0.6172415 0.9322904 0.6159624 0.8544063 0.6555675 0.9305375 0.6555675 0.8544063 0.6159624 0.9305376 0.6543356 0.9306796 0.6555675 0.9305376 0.6159624 0.8544064 0.6555674 0.9305374 0.6555674 0.8544064 0.7532069 0.8544062 0.7123226 0.9305376 0.7532069 0.9305376 0.7111855 0.8544063 0.6568469 0.8527482 0.6568469 0.8544063 0.9659435 0.3746424 0.9714592 0.3068588 0.9659435 0.3068588 0.7532066 0.9305375 0.7136014 0.9305375 0.7533013 0.9305375 0.752556 0.5106456 0.7503148 0.511918 0.752556 0.511918 0.7547968 0.5106456 0.752556 0.511918 0.7547968 0.511918 0.6358521 0.8556799 0.6994094 0.8556799 0.7007794 0.8556799 0.5592073 0.9305376 0.6146833 0.9305376 0.6159624 0.9305376 0.5592074 0.8544062 0.6159624 0.9305376 0.5592074 0.9305376 0.6159624 0.9305376 0.5592074 0.8544062 0.6159624 0.8544062 0.6159624 0.8544064 0.6543356 0.8545486 0.6172415 0.8545486 0.7123225 0.8544063 0.6568468 0.8544063 0.7111855 0.8544063 0.7123225 0.9305375 0.6555675 0.8544063 0.7123225 0.8544063 0.5592073 0.8544062 0.6159624 0.9305376 0.6159624 0.8544062 0.7136015 0.8544063 0.7532067 0.8544063 0.7123225 0.8544063 0.7533014 0.8544063 0.7136015 0.8527483 0.7533014 0.8527483 0.7136015 0.9305376 0.7532067 0.9305376 0.7533014 0.9305376 0.5571704 0.9305376 0.5204076 0.9305376 0.5592074 0.9305376 0.6358521 0.8556799 0.7007794 0.8556799 0.6994094 0.8556799 0.5571704 0.8544063 0.5204076 0.8544063 0.5195075 0.8544063 0.5204076 0.9305376 0.5195075 0.8544063 0.5204076 0.8544063 0.6159624 0.9305374 0.6555674 0.8544064 0.6159624 0.8544064 0.6543356 0.8545485 0.6159624 0.8544063 0.6172415 0.8545485 0.8876585 0.003349781 0.8718855 0.002129793 0.8720955 0.003349781 0.7123224 0.9305374 0.7532065 0.8544064 0.7123224 0.8544064 0.7123224 0.8544064 0.6555674 0.9305374 0.7123224 0.9305374 0.7123224 0.8544064 0.6568468 0.8544064 0.6555674 0.8544064 0.6159624 0.9305375 0.6543356 0.9306795 0.6172415 0.9306795 0.6412703 0.9835135 0.6570399 0.9970669 0.6570399 0.9835135 0.2128812 0.9877727 0.2487887 0.9853672 0.2487878 0.9877837 0.8876585 0.003349781 0.8989608 0.00873965 0.8878688 0.002129793 0.7533013 0.8527485 0.7136012 0.8544064 0.7136012 0.8527485 0.8633621 0.1220539 0.8728322 0.1273471 0.888345 0.1273471 0.8633621 0.1220539 0.888345 0.1273471 0.8567721 0.1113368 0.7211066 0.9577206 0.7048112 0.9822065 0.7211066 0.9822065 0.7211066 0.9577206 0.7048112 0.9822065 0.7211066 0.9822065 0.6358521 0.8556799 0.6994094 0.8556799 0.7007794 0.8556799 0.5592077 0.8544064 0.6146834 0.8544064 0.5603919 0.8544064 0.7026019 0.9835137 0.7512732 0.9970666 0.7512732 0.9835137 0.6159624 0.8544063 0.6555675 0.9305376 0.6159624 0.9305376 0.6568468 0.9305375 0.7123225 0.9305375 0.7111853 0.9305375 0.6159624 0.9305376 0.6555675 0.8544062 0.6555675 0.9305376 0.7136012 0.9305375 0.7532065 0.9305375 0.7533013 0.9305375 0.5204078 0.9305374 0.5195078 0.8544064 0.5195078 0.9305374 0.7123224 0.8544064 0.6555674 0.9305374 0.7123224 0.9305374 0.7026015 0.9835135 0.7512747 0.9970669 0.7512747 0.9835135 0.7123225 0.8544062 0.6555675 0.9305376 0.6555675 0.8544062 0.9036847 0.01937544 0.9048622 0.04053294 0.9048622 0.01912313 0.5204076 0.8544063 0.5592073 0.9305376 0.5204076 0.9305376 0.6358521 0.8556799 0.7007794 0.8556799 0.6994094 0.8556799 0.7111853 0.8544064 0.6568468 0.8527483 0.6568468 0.8544064 0.6543356 0.8545486 0.6172415 0.8528904 0.6172415 0.8545486 0.753301 0.8544064 0.7136012 0.8527485 0.7136012 0.8544064 0.7111853 0.8544064 0.6568468 0.8527485 0.6568468 0.8544064 0.7704299 0.5074451 0.7704031 0.5110764 0.7693594 0.5085019 0.5592077 0.8544064 0.6159624 0.9305374 0.6159624 0.8544064 0.5204078 0.9305375 0.5195078 0.8544064 0.5204078 0.8544064 0.7123224 0.9305374 0.7532065 0.8544064 0.7123224 0.8544064 0.5571704 0.9305375 0.5204078 0.9305375 0.5592074 0.9305375 0.5603918 0.9305376 0.6146833 0.9321956 0.5603918 0.9321956 0.7533013 0.8544064 0.7136014 0.8527483 0.7136014 0.8544064 0.7123225 0.9305375 0.7532066 0.8544063 0.7123225 0.8544063 0.6568468 0.9305374 0.7111853 0.9321954 0.7111853 0.9305374 0.7532065 0.8544064 0.7123224 0.9305374 0.7532065 0.9305374 0.6543356 0.8545486 0.6172415 0.8528903 0.6172415 0.8545486 0.6172415 0.9306795 0.6543356 0.9322903 0.6172415 0.9322903 0.8895975 0.8322257 0.8729771 0.8283718 0.8895964 0.8283661 0.6572118 0.9577206 0.6419456 0.9822065 0.6572118 0.9822065 0.6159624 0.8544064 0.6543356 0.8545486 0.6172415 0.8545486 0.5571705 0.8544064 0.5195078 0.8527485 0.5195078 0.8544064 0.8527457 0.836201 0.8895971 0.8400677 0.8527453 0.8400616 0.01439929 0.6083908 0.02749067 0.6050267 0.030855 0.6083908 0.6146833 0.8544063 0.5603918 0.8527483 0.6146833 0.8527483 0.7111855 0.8544063 0.6568469 0.8527483 0.7111855 0.8527483 0.7533014 0.8527483 0.7136015 0.8544063 0.7136015 0.8527483 0.7111853 0.8544064 0.6568468 0.8527485 0.6568468 0.8544064 0.5204078 0.8544064 0.5571705 0.8544064 0.5195078 0.8544064 0.7516851 0.5081671 0.74864 0.5057631 0.7516986 0.5057631 0.6790391 0.9577206 0.657212 0.9822065 0.6790391 0.9822065 0.7699655 0.5121666 0.7727938 0.5126562 0.7697753 0.5126289 0.7698434 0.5053141 0.7681438 0.507639 0.7676817 0.507435 0.4374046 0.350542 0.4612992 0.2708535 0.4374046 0.2708535 0.7602936 0.5103387 0.7575311 0.508445 0.7602936 0.508445 0.7727938 0.5126562 0.7744932 0.5103448 0.7749556 0.5105351 0.4875552 0.2708535 0.4636 0.350542 0.4875552 0.350542 0.7681168 0.5102767 0.7697753 0.5126289 0.7676544 0.5104672 0.5592074 0.9305375 0.6146834 0.9305375 0.5603919 0.9305375 0.5603919 0.9305375 0.6146834 0.9321954 0.5603919 0.9321954 0.3384962 0.9877953 0.3743722 0.9853689 0.3743729 0.9877842 0.3743729 0.9877842 0.4102749 0.9853566 0.4102756 0.9877735 0.2846891 0.987798 0.2487887 0.9853672 0.2846906 0.9853821 0.6543356 0.8545485 0.6159624 0.8544063 0.6172415 0.8545485 0.836124 0.8362005 0.8527453 0.8400616 0.8361242 0.8400611 0.7111855 0.8544063 0.6568469 0.8527483 0.7111855 0.8527483 0.8195069 0.8322404 0.7826487 0.8283661 0.819508 0.8283795 0.02749067 0.4449971 0.01439929 0.4416323 0.030855 0.4416323 0.01770269 0.5751738 0.01439929 0.6083908 0.01439929 0.5718091 0.6543356 0.8545485 0.6172415 0.8528903 0.6543356 0.8528903 0.02749067 0.5182212 0.030855 0.4850042 0.030855 0.5215245 0.7533014 0.8527483 0.7136015 0.8544063 0.7136015 0.8527483 0.7136012 0.9305374 0.753301 0.9321954 0.753301 0.9305374 0.8527403 0.8440229 0.8895971 0.8478826 0.8527405 0.8478839 0.7826477 0.8440217 0.7992674 0.8478826 0.7826475 0.8478817 0.8361173 0.8440238 0.8527405 0.8478839 0.8361173 0.847884 0.6146834 0.8544064 0.5603919 0.8527485 0.5603919 0.8544064 0.7123224 0.9305374 0.6568468 0.9305374 0.7111853 0.9305374 0.7136012 0.8544064 0.7532065 0.8544064 0.753301 0.8544064 0.7123224 0.8544064 0.6568468 0.8544064 0.6555674 0.8544064 0.6159624 0.9305374 0.6543356 0.9306795 0.6555674 0.9305374 0.7615196 0.511918 0.7592786 0.5106456 0.7592786 0.511918 0.5571702 0.9305376 0.5204076 0.9305376 0.5195075 0.9305376 0.9971055 0.2733331 0.9816448 0.4885696 0.9971055 0.4935063 0.7592786 0.511918 0.7570378 0.5106456 0.7570378 0.511918 0.7701942 0.5115506 0.772065 0.5111846 0.7722278 0.5115778 0.6146833 0.8544063 0.5603918 0.8527482 0.5603918 0.8544063 0.09278714 0.9875676 0.08737826 0.9750468 0.09278714 0.9750468 0.5603918 0.9305376 0.6146833 0.9321956 0.6146833 0.9305376 0.6172415 0.9306795 0.6543356 0.9322903 0.6543356 0.9306795 0.7532065 0.9305374 0.7136012 0.9305374 0.753301 0.9305374 0.5603919 0.9305374 0.6146834 0.9321954 0.6146834 0.9305374 0.5603919 0.9305374 0.6146834 0.9321954 0.6146834 0.9305374 0.7136015 0.9305376 0.7533014 0.9321956 0.7136015 0.9321956 0.6172415 0.9306796 0.6543356 0.9322904 0.6172415 0.9322904 0.768706 0.9822065 0.7840152 0.9577206 0.768706 0.9577206 0.7469218 0.9822065 0.768706 0.9577206 0.7469218 0.9577206 0.657212 0.9577206 0.6419458 0.9822065 0.657212 0.9822065 0.02749067 0.4747884 0.030855 0.4416323 0.030855 0.4781528 0.5571705 0.9305374 0.5204078 0.9305374 0.5195078 0.9305374 0.7722278 0.5115778 0.7732849 0.5099917 0.7736781 0.5101544 0.7732849 0.5099917 0.7736918 0.5081211 0.7736781 0.5101544 0.6172415 0.9306795 0.6543356 0.9322903 0.6543356 0.9306795 0.4875552 0.2708535 0.4636 0.350542 0.4875552 0.350542 0.7136012 0.9305374 0.753301 0.9321954 0.753301 0.9305374 0.955739 0.4885696 0.9714404 0.3903777 0.9659435 0.3903777 0.6543356 0.8545485 0.6172415 0.8528903 0.6543356 0.8528903 0.6543356 0.8545486 0.6172415 0.8528903 0.6172415 0.8545486 0.6146833 0.8544063 0.5603918 0.8527483 0.6146833 0.8527483 0.6146834 0.8544064 0.5603919 0.8527485 0.5603919 0.8544064 0.9063406 0.9963685 0.9466732 0.9903435 0.9466729 0.9963718 0.9466729 0.9963718 0.9493905 0.9903437 0.9493904 0.9963719 0.6555675 0.8544062 0.7123226 0.9305376 0.6555675 0.9305376 0.6555675 0.8544063 0.7123225 0.9305376 0.6555675 0.9305376 0.6159624 0.8544063 0.5592074 0.9305376 0.5592074 0.8544063 0.6555675 0.9305375 0.6159624 0.8544063 0.6555675 0.8544063 0.7816618 0.9519206 0.8194914 0.8813049 0.8194914 0.9872287 0.5043542 0.914067 0.4255092 0.9093698 0.4255092 0.914067 0.916655 0.5297251 0.9181267 0.531197 0.8699985 0.531197 0.998336 0.5686264 0.9582323 0.6434855 0.9582323 0.531197 0.7897904 0.5686264 0.8298931 0.6434855 0.7897904 0.606056 0.8699985 0.531197 0.8714703 0.5297251 0.916655 0.5297251 0.9013352 0.9886171 0.8587117 0.9886171 0.8573234 0.9872287 0.8587136 0.9914886 0.9013352 0.9886171 0.9013335 0.9914886 0.8714722 0.5266809 0.8769485 0.5206369 0.8769485 0.5206369 0.8714703 0.5297251 0.8769485 0.5206369 0.8714722 0.5266809 0.9877061 0.9963649 0.9954704 0.9903357 0.9954716 0.9963635 0.9954716 0.9963635 0.9981875 0.9903351 0.9981889 0.9963629 0.9571568 0.996371 0.9493905 0.9903437 0.9571558 0.9903433 0.9571568 0.996371 0.987705 0.9903372 0.9877061 0.9963649 0.8638794 0.9971901 0.857326 0.991723 0.8587136 0.9914886 0.8700011 0.5264326 0.8714703 0.5297251 0.8699985 0.531197 0.9166532 0.5266809 0.9111768 0.5206369 0.9166532 0.5266809 0.916655 0.5297251 0.9166532 0.5266809 0.916655 0.5297251 0.8587136 0.9914886 0.8961675 0.9971901 0.8638794 0.9971901 0.9111768 0.5206369 0.8769485 0.5206369 0.9111768 0.5206369 0.8769485 0.5206369 0.9166532 0.5266809 0.8745967 0.5258246 0.8714703 0.5297251 0.9166532 0.5266809 0.916655 0.5297251 0.504077 0.8650453 0.4255092 0.8990831 0.5043542 0.8990831 0.8961675 0.9971901 0.9027218 0.991723 0.8964438 0.9985774 0.5043542 0.9093698 0.4255092 0.8990831 0.4255092 0.9093698 0.7136015 0.9321956 0.7533014 0.9305376 0.7533014 0.9321956 0.9181267 0.531197 0.8699985 0.6434844 0.8699985 0.531197 0.8587117 0.9886171 0.857326 0.991723 0.8573234 0.9872287 0.9181267 0.531197 0.9582323 0.6434855 0.9181267 0.6434855 0.9111768 0.5206369 0.8766556 0.5191657 0.9114697 0.5191657 0.4255092 0.8544874 0.504077 0.8650453 0.5043543 0.8544874 0.918125 0.5264326 0.916655 0.5297251 0.9166532 0.5266809 0.5043542 0.9093698 0.4255092 0.914067 0.5043542 0.914067 0.918125 0.5264326 0.9111768 0.5206369 0.9114697 0.5191657 0.8769485 0.5206369 0.8700011 0.5264326 0.8766556 0.5191657 0.7136014 0.9305375 0.7533013 0.9321954 0.7533013 0.9305375 0.4255092 0.8544874 0.5043543 0.8498495 0.4255092 0.8498495 0.5043542 0.9093698 0.4255092 0.8990831 0.4255092 0.9093698 0.4255092 0.8544874 0.504077 0.8650453 0.5043543 0.8544874 0.504077 0.8650453 0.5043542 0.8990831 0.5043542 0.8648337 0.5043542 0.9093698 0.4255092 0.914067 0.5043542 0.914067 0.4255092 0.8648337 0.5043542 0.8990831 0.5043542 0.8648337 0.4255092 0.8544874 0.504077 0.8650453 0.5043543 0.8544874 0.5043542 0.9093698 0.4255092 0.8990831 0.4255092 0.9093698 0.5043542 0.9093698 0.4255092 0.914067 0.5043542 0.914067 0.8298931 0.531197 0.8699985 0.6434844 0.8298931 0.6434855 0.4255092 0.8544874 0.5043543 0.8498495 0.4255092 0.8498495 0.5043542 0.9093698 0.4255092 0.8990831 0.4255092 0.9093698 0.504077 0.8650453 0.5043542 0.8990831 0.5043542 0.8648337 0.4255092 0.8544874 0.5043543 0.8498495 0.4255092 0.8498495 0.5043542 0.9093698 0.4255092 0.8990831 0.4255092 0.9093698 0.4255092 0.8544874 0.504077 0.8650453 0.5043543 0.8544874 0.504077 0.8650453 0.5043542 0.8990831 0.5043542 0.8648337 0.5043542 0.9093698 0.4255092 0.914067 0.5043542 0.914067 0.4255092 0.8544874 0.5043543 0.8498495 0.4255092 0.8498495 0.4255092 0.8648337 0.5043543 0.8544874 0.4255092 0.8544874 0.7533014 0.8544063 0.7136015 0.8527482 0.7136015 0.8544063 0.9027235 0.8813049 0.9405558 0.9872287 0.9027235 0.9872287 0.8573234 0.8813058 0.8194914 0.9872287 0.8194914 0.8813049 0.8573234 0.9872287 0.9027235 0.8813049 0.9027235 0.9872287 0.9027218 0.991723 0.9013352 0.9886171 0.9027235 0.9872287 0.8573234 0.9872287 0.9027235 0.9872287 0.9013352 0.9886171 0.4255092 0.8544874 0.5043543 0.8498495 0.4255092 0.8498495 0.7469221 0.9822065 0.7337118 0.9577206 0.7337118 0.9822065 0.7337118 0.9822065 0.7211066 0.9577206 0.7211066 0.9822065 0.903684 0.01937627 0.8984053 0.008188903 0.8975556 0.009061396 0.8876585 0.003350794 0.8984053 0.008188903 0.8878688 0.002130866 0.8720958 0.003350794 0.8609638 0.008593916 0.8618155 0.009447216 0.6693674 0.9835135 0.6812059 0.9970669 0.6812059 0.9835135 0.6916201 0.9577206 0.7048112 0.9822065 0.7048112 0.9577206 0.6570399 0.9835135 0.6693674 0.9970669 0.6693674 0.9835135 0.7726699 0.9835135 0.7850576 0.9970669 0.7850576 0.9835136 0.6519986 0.9835136 0.6412703 0.9970669 0.6412703 0.9835135 0.8560703 0.01937627 0.8609638 0.008593916 0.8548924 0.01912385 0.6919612 0.9577206 0.7048112 0.9822065 0.7048112 0.9577206 0.7726701 0.9835135 0.7849715 0.9970669 0.7849715 0.9835135 0.8628519 0.1215437 0.8728322 0.1273471 0.888345 0.1273471 0.8628519 0.1215437 0.888345 0.1273471 0.8567721 0.1113368 0.903684 0.109641 0.8985758 0.1206588 0.9048622 0.1098933 0.6690481 0.9835135 0.6812062 0.9970669 0.6812062 0.9835135 0.7338039 0.9822065 0.7211066 0.9577206 0.7211066 0.9822065 0.6570402 0.9835135 0.6690481 0.9970669 0.6690481 0.9835135 0.7469218 0.9822065 0.7338039 0.9577206 0.7338039 0.9822065 0.6790391 0.9577206 0.6919612 0.9822065 0.6919612 0.9577206 0.8560703 0.109641 0.8613052 0.1207645 0.8621383 0.1199154 0.6523525 0.9835135 0.6412707 0.9970669 0.6412707 0.9835135 0.7469218 0.9822065 0.7330272 0.9577206 0.7330272 0.9822065 0.6919469 0.9577206 0.7048112 0.9822065 0.7048112 0.9577206 0.6790391 0.9577206 0.6919469 0.9822065 0.6919469 0.9577206 0.6570399 0.9835135 0.6690613 0.9970669 0.6690613 0.9835135 0.6690613 0.9835135 0.6812059 0.9970669 0.6812059 0.9835135 0.8720955 0.1257095 0.8618417 0.1213021 0.8718855 0.1268872 0.9036847 0.01937544 0.8989608 0.00873965 0.8980774 0.009585797 0.8876585 0.1257095 0.8985862 0.1206497 0.8977254 0.119807 0.6516845 0.9835135 0.6412703 0.9970669 0.6412703 0.9835135 0.8560699 0.01937544 0.8617106 0.007846057 0.854892 0.01912313 0.7726701 0.9835135 0.7843102 0.9970669 0.7843102 0.9835135 0.6683547 0.9835135 0.6812062 0.9970669 0.6812062 0.9835135 0.8720955 0.003349781 0.8617106 0.007846057 0.8625218 0.008734464 0.7469218 0.9822065 0.7345096 0.9577206 0.7345096 0.9822065 0.8984104 0.1214337 0.9043552 0.1113368 0.9043552 0.09020543 0.8984104 0.1214337 0.9043552 0.09020543 0.888345 0.1273471 0.8632375 0.0105006 0.8567721 0.02114266 0.8567721 0.04227399 0.8632375 0.0105006 0.8567721 0.04227399 0.8728322 0.005132377 0.8987612 0.01134991 0.888345 0.005132377 0.8728322 0.005132377 0.8987612 0.01134991 0.8728322 0.005132377 0.9043552 0.02114266 0.8560699 0.1096417 0.8618417 0.1213021 0.8626458 0.1204241 0.7726699 0.9835135 0.785699 0.9970669 0.785699 0.9835135 0.6529611 0.9835135 0.6412707 0.9970669 0.6412707 0.9835135 0.692701 0.9577206 0.7048112 0.9822065 0.7048112 0.9577206 0.8560703 0.01937603 0.8607677 0.008790016 0.8548924 0.01912385 0.7341488 0.9822065 0.7211066 0.9577206 0.7211066 0.9822065 0.8720958 0.1257086 0.8609475 0.1204069 0.8718855 0.1268865 0.8560703 0.109641 0.8609475 0.1204069 0.8618 0.1195772 0.7343214 0.9822065 0.7211066 0.9577206 0.7211066 0.9822065 0.6696348 0.9835137 0.6812071 0.9970666 0.6812071 0.9835137 0.6790388 0.9577206 0.6913364 0.9822065 0.6913364 0.9577206 0.7726681 0.9835137 0.7846458 0.9970666 0.7846458 0.9835137 0.6528006 0.9835137 0.6412727 0.9970666 0.6412727 0.9835137 0.7469218 0.9822065 0.7343214 0.9577206 0.7343214 0.9822065 0.8876585 0.1257086 0.8986578 0.1205776 0.8977927 0.1197386 0.6526519 0.9835139 0.641273 0.9970666 0.641273 0.9835137 0.6570419 0.9835137 0.6691596 0.9970666 0.6691596 0.9835137 0.903684 0.01937603 0.8987095 0.00849092 0.8978412 0.009348869 0.6691596 0.9835137 0.6812071 0.9970666 0.6812071 0.9835137 0.6790391 0.9577206 0.6918435 0.9822065 0.6918435 0.9577206 0.8876585 0.003350555 0.8987095 0.00849092 0.8878688 0.002130806 0.862512 0.1212036 0.8728322 0.1273471 0.888345 0.1273471 0.862512 0.1212036 0.888345 0.1273471 0.8567721 0.1113368 0.8623411 0.01139724 0.8567721 0.02114284 0.8567721 0.04227399 0.8623411 0.01139724 0.8567721 0.04227399 0.8728322 0.005132496 0.8985262 0.01111292 0.888345 0.005132496 0.8728322 0.005132496 0.8985262 0.01111292 0.8728322 0.005132496 0.9043552 0.02114284 0.6918435 0.9577206 0.7048112 0.9822065 0.7048112 0.9577206 0.903684 0.109641 0.8986578 0.1205776 0.9048622 0.1098935 0.9816448 0.2782771 0.9714404 0.3903777 0.9816448 0.4885696 0.955739 0.4885696 0.9402788 0.2733401 0.9402786 0.4935142 0.947735 0.2458646 0.963201 0.01896739 0.9477346 0.01409566 0.02749067 0.6050267 0.01770269 0.5751738 0.02749067 0.5751738 0.01770269 0.4449971 0.02749067 0.4747884 0.01770269 0.4747884 0.7554292 0.5338281 0.7440074 0.5676413 0.7440074 0.5338281 0.07631748 0.7278724 1.8623e-4 0.6890726 1.8623e-4 0.7278724 0.5195078 0.8527485 0.5571705 0.8544064 0.5195078 0.8544064 0.6543356 0.9306796 0.6159624 0.9305376 0.6172415 0.9306796 0.5195075 0.8527483 0.5571704 0.8544063 0.5571704 0.8527483 0.03428053 0.5683836 0.03428053 0.5250117 0.03428053 0.5683836 0.9583229 0.2564842 0.9784209 0.2409937 0.9832992 0.256484 0.9832988 0.003477275 0.963201 0.01896739 0.9583229 0.003477275 0.9938869 0.2458642 0.9784209 0.01896739 0.9938871 0.0140959 0.01091253 0.4815786 0.01091253 0.5250117 0.01091253 0.4815786 0.5571705 0.9321954 0.5195078 0.9305374 0.5571705 0.9305374 0.5204078 0.8544064 0.5571705 0.8544064 0.5592077 0.8544064 0.5592077 0.8544064 0.6146834 0.8544064 0.6159624 0.8544064 0.9036847 0.1096417 0.8985862 0.1206497 0.8977254 0.119807 0.7111855 0.9321956 0.6568468 0.9305376 0.6568468 0.9321956 0.6572116 0.9822065 0.6790388 0.9577206 0.6790388 0.9822065 0.9043552 0.04227399 0.8728322 0.005132496 0.9043552 0.02114284 0.6570419 0.9970666 0.6412727 0.9835137 0.6570419 0.9835137 0.7726681 0.9970666 0.7512732 0.9835137 0.7726681 0.9835137 0.8567721 0.09020543 0.888345 0.1273471 0.8567721 0.1113368 0.7211066 0.9577206 0.7330272 0.9822065 0.7211066 0.9822065 0.7687064 0.9577206 0.7469218 0.9822065 0.7469218 0.9577206 0.7992674 0.8361543 0.8361173 0.832295 0.7992674 0.8322941 0.01091253 0.4381454 0.03428053 0.4381454 0.03428053 0.4381454 0.7533014 0.9321956 0.7136015 0.9305376 0.7533014 0.9305376 0.6543356 0.9322904 0.6172415 0.9306796 0.6543356 0.9306796 0.7570378 0.511918 0.7547968 0.5106456 0.7570378 0.5106456 0.7111853 0.9321954 0.6568468 0.9305374 0.7111853 0.9305374 0.7992674 0.8361543 0.7826475 0.8322938 0.7826475 0.8361539 0.030855 0.5284372 0.01091253 0.5250117 0.01439929 0.5284372 0.8527401 0.8361539 0.8361173 0.832295 0.8361173 0.8361555 0.01091253 0.4381454 0.01091253 0.4815786 0.01091253 0.4381454 0.5195079 0.8544064 0.520408 0.9305374 0.5195079 0.9305374 0.5571706 0.9321954 0.5195079 0.9305374 0.5571706 0.9305374 0.03428053 0.4815786 0.03428053 0.5250117 0.03428053 0.4815786 0.6568469 0.8544063 0.7123226 0.8544062 0.6555675 0.8544062 0.01091253 0.5250117 0.01091253 0.5683836 0.01091253 0.5250117 0.03428053 0.6552493 0.03428053 0.6118166 0.03428053 0.6552493 0.03428053 0.4381454 0.03428053 0.4815786 0.03428053 0.4381454 0.4612992 0.2708535 0.4374046 0.350542 0.4374046 0.2708535 0.5571704 0.9321956 0.5195075 0.9305376 0.5195075 0.9321956 0.6146834 0.9321954 0.5603919 0.9305374 0.6146834 0.9305374 0.8607677 0.008790016 0.8720958 0.003350555 0.8616299 0.009633779 0.9043552 0.04227399 0.8728322 0.005132377 0.9043552 0.02114266 0.6419453 0.9822065 0.6572116 0.9577206 0.6572116 0.9822065 0.692701 0.9822065 0.6790388 0.9577206 0.692701 0.9577206 0.7840155 0.9577206 0.7687064 0.9822065 0.7687064 0.9577206 0.8567721 0.09020543 0.9043552 0.04227399 0.9043552 0.09020543 0.6146833 0.9321956 0.5603918 0.9305376 0.5603918 0.9321956 0.01439929 0.5215245 0.02749067 0.5182212 0.01770269 0.5182212 0.030855 0.6517627 0.02749067 0.6186069 0.02749067 0.6483981 0.01439929 0.5215245 0.01770269 0.4883685 0.01439929 0.4850042 0.5195075 0.8527483 0.5571702 0.8544063 0.5571702 0.8527483 0.955739 0.2782771 0.9659435 0.3903777 0.955739 0.4885696 0.9816448 0.2782771 0.9659435 0.3068588 0.955739 0.2782771 0.9507957 0.2625802 0.9816448 0.2782771 0.955739 0.2782771 0.5603918 0.8527483 0.6146833 0.8544063 0.6146833 0.8527483 0.8729771 0.8401141 0.889599 0.8439731 0.8895985 0.8401125 0.8729771 0.8283718 0.8361305 0.8322426 0.8729783 0.8322315 0.8729771 0.8401141 0.8361242 0.8439768 0.8729774 0.8439745 0.8195024 0.8401157 0.8361242 0.8439768 0.8361242 0.8401162 0.7136012 0.8527485 0.753301 0.8544064 0.7136012 0.8544064 0.819508 0.8283795 0.8361305 0.8322426 0.83613 0.8283822 0.6172415 0.8528903 0.6543356 0.8545485 0.6172415 0.8545485 0.5195075 0.8527482 0.5571702 0.8544063 0.5195075 0.8544063 0.6172415 0.8545485 0.6555675 0.8544062 0.6159624 0.8544062 0.7458524 0.511918 0.7480841 0.5106456 0.7480841 0.511918 0.5592073 0.9305376 0.5204076 0.8544063 0.5592073 0.8544062 0.7637606 0.511918 0.7615196 0.5106456 0.7637505 0.5106456 0.01439929 0.6083908 0.03428053 0.6118166 0.030855 0.6083908 0.7532069 0.9305376 0.7136015 0.9305376 0.7123226 0.9305376 0.01770269 0.6483981 0.02749067 0.6186069 0.01770269 0.6186069 0.01770269 0.561593 0.02749067 0.531802 0.01770269 0.531802 0.01439929 0.6152423 0.02749067 0.6186069 0.030855 0.6152423 0.5571705 0.9321954 0.5195078 0.9305374 0.5571705 0.9305374 0.01439929 0.4781528 0.02749067 0.4747884 0.01770269 0.4747884 0.8361242 0.8400611 0.7992697 0.8362045 0.7992702 0.8400652 0.030855 0.5284372 0.02749067 0.561593 0.030855 0.5649577 0.030855 0.6083908 0.02749067 0.5751738 0.02749067 0.6050267 0.01439929 0.5718091 0.02749067 0.5751738 0.030855 0.5718091 0.7840155 0.9577206 0.7687065 0.9822065 0.7687065 0.9577206 0.8361173 0.847884 0.7992674 0.8440226 0.7992674 0.8478826 0.7826477 0.8401125 0.8195021 0.8439764 0.8195024 0.8401157 0.01439929 0.5284372 0.02749067 0.531802 0.030855 0.5284372 0.01439929 0.5284372 0.01770269 0.561593 0.01770269 0.531802 0.7992702 0.8400652 0.7826475 0.8362069 0.782648 0.8400677 0.01439929 0.5649577 0.02749067 0.561593 0.01770269 0.561593 0.8895973 0.8361486 0.8527396 0.8322932 0.8527401 0.8361539 0.01439929 0.5649577 0.03428053 0.5683836 0.030855 0.5649577 0.030855 0.6083908 0.03428053 0.5683836 0.030855 0.5718091 0.030855 0.6152423 0.01091253 0.6118166 0.01439929 0.6152423 0.01091253 0.5683836 0.030855 0.5718091 0.03428053 0.5683836 0.01439929 0.5718091 0.01091253 0.6118166 0.01439929 0.6083908 0.030855 0.6152423 0.03428053 0.6552493 0.03428053 0.6118166 0.01439929 0.6152423 0.01091253 0.6552493 0.01439929 0.6517627 0.01091253 0.4815786 0.030855 0.4850042 0.03428053 0.4815786 0.01439929 0.4781528 0.03428053 0.4815786 0.030855 0.4781528 0.030855 0.5284372 0.03428053 0.5683836 0.03428053 0.5250117 0.01439929 0.5215245 0.03428053 0.5250117 0.030855 0.5215245 0.01439929 0.4416323 0.01091253 0.4815786 0.01439929 0.4781528 0.030855 0.4416323 0.01091253 0.4381454 0.01439929 0.4416323 0.01439929 0.6517627 0.03428053 0.6552493 0.030855 0.6517627 0.030855 0.4416323 0.03428053 0.4815786 0.03428053 0.4381454 0.01439929 0.5284372 0.01091253 0.5683836 0.01439929 0.5649577 0.030855 0.5215245 0.03428053 0.4815786 0.030855 0.4850042 0.01439929 0.5215245 0.01091253 0.4815786 0.01091253 0.5250117 0.9784209 0.2409937 0.963201 0.01896739 0.9784209 0.01896739 0.02749067 0.5182212 0.01770269 0.4883685 0.01770269 0.5182212 0.01091253 0.6552493 0.01091253 0.6118166 0.01091253 0.6552493 0.7726701 0.9970669 0.7512747 0.9835135 0.7726701 0.9835135 0.7440074 0.6352692 0.7407165 0.6025522 0.7407165 0.6385594 0.7111853 0.9321954 0.6568468 0.9305375 0.6568468 0.9321954 0.6172415 0.8528903 0.6543356 0.8545485 0.6543356 0.8528903 0.6568468 0.8544064 0.7123225 0.8544063 0.7111853 0.8544064 0.7026015 0.9970669 0.6812059 0.9835135 0.7026015 0.9835135 0.6568468 0.8527485 0.7111853 0.8544064 0.7111853 0.8527485 0.7554292 0.6014553 0.7440074 0.6352692 0.7554292 0.6352692 0.7554292 0.5676413 0.7440074 0.6014553 0.7554292 0.6014553 0.7554292 0.5338281 0.7587203 0.5665448 0.7587203 0.5305367 0.9048622 0.08852624 0.9036847 0.1096417 0.9036847 0.08852624 0.03428053 0.6552493 0.01091253 0.6552493 0.01091253 0.6552493 0.7512744 0.9970669 0.7026015 0.9835135 0.7512744 0.9835135 0.1769754 0.9853516 0.2128812 0.9877727 0.2128819 0.9853562 0.03428053 0.6118166 0.03428053 0.5683836 0.03428053 0.6118166 0.7726699 0.9970669 0.7512744 0.9835135 0.7726699 0.9835135 0.07631725 0.6890723 1.86349e-4 0.7278722 1.86349e-4 0.6890723 0.6146834 0.8544064 0.5592074 0.8544063 0.6159624 0.8544063 0.5195077 0.8527483 0.5571704 0.8544064 0.5195077 0.8544064 0.6146834 0.9305374 0.5592077 0.9305374 0.6159624 0.9305374 0.7026019 0.9970666 0.6812071 0.9835137 0.7026019 0.9835137 0.903684 0.01937603 0.9048622 0.04053324 0.903684 0.04053324 0.01091253 0.6118166 0.01091253 0.5683836 0.01091253 0.6118166 0.7455817 0.5057497 0.74864 0.5081671 0.74864 0.5057631 0.7492569 0.5084331 0.7464947 0.5103387 0.7492448 0.5103387 0.7547694 0.5084331 0.752007 0.5103387 0.7547694 0.5103387 0.7749963 0.5075167 0.7726709 0.505817 0.7745207 0.507707 0.7516986 0.5057631 0.7547436 0.5081804 0.7547436 0.5057631 0.7630555 0.5084331 0.7658175 0.5103387 0.7658056 0.5084331 0.5592077 0.9305374 0.5204078 0.8544064 0.5592077 0.8544064 0.7676544 0.5104672 0.7681438 0.507639 0.7676817 0.507435 0.7464947 0.5084331 0.7437447 0.5103387 0.7464947 0.5103387 0.7547436 0.5057631 0.7578021 0.5081804 0.7578021 0.5057631 0.7547694 0.5084331 0.7575311 0.5103387 0.7575311 0.508445 0.763906 0.5057631 0.766964 0.5081671 0.766964 0.5057631 0.7702484 0.5066434 0.7721058 0.50705 0.7722688 0.5066705 0.7687981 0.5080668 0.7703979 0.5070365 0.7702484 0.5066434 0.7722688 0.5066705 0.7733119 0.5082837 0.7736918 0.5081211 0.7687711 0.5101002 0.7703567 0.5111711 0.7691639 0.5099511 0.7704299 0.5074451 0.7729911 0.508529 0.7719342 0.5074586 0.7729911 0.508529 0.7704299 0.5074451 0.7729774 0.5100331 0.7704031 0.5110764 0.7693594 0.5085019 0.7693458 0.5100059 0.7749556 0.5105351 0.7745207 0.507707 0.7744932 0.5103448 0.7729774 0.5100331 0.7704031 0.5110764 0.7719064 0.5110899 0.7425235 0.5057631 0.7455817 0.5081671 0.7455817 0.5057497 0.6172415 0.8528903 0.6543356 0.8545485 0.6543356 0.8528903 0.7602936 0.508445 0.7630555 0.5103387 0.7630555 0.5084331 0.7578021 0.5057631 0.7608602 0.5081804 0.7608602 0.5057631 0.7608602 0.5057631 0.7639188 0.5081671 0.763906 0.5057631 0.01439929 0.4850042 0.02749067 0.4883685 0.030855 0.4850042 0.09278714 0.9750468 0.1589823 0.9875676 0.1746091 0.9750468 0.1746091 0.9750468 0.1623645 0.9917886 0.1779916 0.9792677 0.5592077 0.8544064 0.6146834 0.8544064 0.6159624 0.8544064 0.752007 0.5084331 0.7492448 0.5103387 0.752007 0.5103387 0.08737826 0.9750468 0.02118456 0.9875681 0.0873785 0.9875674 0.6146834 0.9305374 0.5592077 0.9305374 0.6159624 0.9305374 0.7698434 0.5053141 0.7726709 0.505817 0.7728754 0.5053548 0.7136015 0.9321956 0.7533014 0.9305376 0.7136015 0.9305376 0.5603918 0.8527482 0.6146833 0.8544063 0.6146833 0.8527482 0.7136015 0.9305376 0.7532069 0.9305376 0.7123226 0.9305376 0.6568469 0.8544063 0.7123226 0.8544062 0.7111855 0.8544063 0.5195075 0.8527482 0.5571702 0.8544063 0.5571702 0.8527482 0.6543356 0.8545485 0.6159624 0.8544062 0.6555675 0.8544062 0.6543356 0.9322904 0.6172415 0.9306796 0.6172415 0.9322904 0.6543356 0.9306796 0.6159624 0.9305376 0.6172415 0.9306796 0.5603919 0.8527485 0.6146834 0.8544064 0.5603919 0.8544064 0.7136015 0.8544063 0.7532069 0.8544062 0.7533014 0.8544063 0.4102749 0.9853566 0.4282324 0.9877688 0.4282317 0.9853515 0.7554292 0.6014553 0.7587203 0.5665448 0.7554292 0.5676413 0.854892 0.04053294 0.8560699 0.01937544 0.8560699 0.04053294 0.7136012 0.8544064 0.7532065 0.8544063 0.7533013 0.8544064 0.7587203 0.5305367 0.7440074 0.5338281 0.7554292 0.5338281 0.6570402 0.9970669 0.6412707 0.9835135 0.6570402 0.9835135 0.7587203 0.6025522 0.7554292 0.6352692 0.7587203 0.6385594 0.5603919 0.8527485 0.6146834 0.8544064 0.6146834 0.8527485 0.8560699 0.1096417 0.854892 0.08852624 0.8560699 0.08852624 0.7026015 0.9970669 0.6812062 0.9835135 0.7026015 0.9835135 0.2846906 0.9853821 0.3026292 0.9878019 0.3026292 0.9853875 0.6572118 0.9822065 0.6790391 0.9577206 0.6790391 0.9822065 0.7687065 0.9577206 0.7469221 0.9822065 0.7469221 0.9577206 0.768706 0.9577206 0.7469218 0.9822065 0.7469218 0.9577206 0.6696348 0.9970666 0.6570421 0.9835137 0.6696348 0.9835137 0.7026019 0.9970666 0.6812071 0.9835137 0.7026019 0.9835137 0.8548924 0.04053324 0.8560703 0.01937603 0.8560703 0.04053324 0.6572116 0.9822065 0.6790388 0.9577206 0.6790388 0.9822065 0.9048622 0.08852612 0.903684 0.109641 0.903684 0.08852612 0.8718855 0.002130806 0.8876585 0.003350555 0.8720958 0.003350555 0.520408 0.8544064 0.5571706 0.8544064 0.5592077 0.8544064 0.8560703 0.109641 0.8548924 0.08852612 0.8560703 0.08852612 0.07631725 0.6890723 1.86349e-4 0.727872 1.86349e-4 0.6890723 0.7407165 0.5665448 0.7440074 0.6014553 0.7440074 0.5676413 0.7587203 0.6385594 0.7440074 0.6352692 0.7407165 0.6385594 0.7407165 0.5665448 0.7440074 0.5338281 0.7407165 0.5305372 0.8876585 0.1257095 0.8718855 0.1268872 0.8720955 0.1257095 0.5571705 0.9305374 0.5204078 0.9305374 0.5592077 0.9305374 0.6683547 0.9970669 0.6570402 0.9835135 0.6683547 0.9835135 0.3026292 0.9878019 0.3384957 0.9853811 0.3026292 0.9853875 0.6146833 0.8544063 0.5592074 0.8544063 0.6159624 0.8544063 0.5571702 0.8544063 0.5204076 0.8544063 0.5592073 0.8544062 0.6543356 0.9306795 0.6159624 0.9305374 0.6555674 0.9305374 0.6568468 0.8527485 0.7111853 0.8544064 0.6568468 0.8544064 0.7123224 0.9305374 0.6568468 0.9305374 0.6555674 0.9305374 0.5195078 0.8544064 0.5204078 0.9305374 0.5195078 0.9305374 0.01439929 0.6517627 0.02749067 0.6483981 0.01770269 0.6483981 0.01439929 0.6517627 0.01770269 0.6186069 0.01439929 0.6152423 0.9507957 0.5042661 0.9816448 0.4885696 0.9865888 0.5042661 0.7687981 0.5080668 0.7691639 0.5099511 0.7691776 0.508243 0.7123226 0.9305376 0.6568469 0.9305376 0.6555675 0.9305376 0.5571702 0.9321956 0.5195075 0.9305376 0.5571702 0.9305376 0.5592073 0.8544062 0.6146833 0.8544063 0.6159624 0.8544062 0.5204076 0.8544063 0.5571702 0.8544063 0.5592073 0.8544062 0.8720958 0.1257086 0.8613052 0.1207645 0.8621383 0.1199154 0.7136015 0.8544063 0.7532067 0.8544062 0.7533014 0.8544063 0.7136012 0.8527485 0.753301 0.8544064 0.7136012 0.8544064 0.5195078 0.8527485 0.5571704 0.8544064 0.5571704 0.8527485 0.6146833 0.9305376 0.5592074 0.9305376 0.5603918 0.9305376 0.7136012 0.9321954 0.7533013 0.9305375 0.7136012 0.9305375 0.5571702 0.9305376 0.5204076 0.9305376 0.5195075 0.9305376 0.7136012 0.8544064 0.7532065 0.8544064 0.7123224 0.8544064 0.7532065 0.9305374 0.7136012 0.9305374 0.7123224 0.9305374 0.6146833 0.8544063 0.5592073 0.8544062 0.6159624 0.8544062 0.5571704 0.9321954 0.5195078 0.9305375 0.5195078 0.9321954 0.6916201 0.9822065 0.6790388 0.9577206 0.6916201 0.9577206 0.7111855 0.9321956 0.6568469 0.9305376 0.6568469 0.9321956 0.8567721 0.09020543 0.888345 0.1273471 0.8567721 0.1113368 0.6146833 0.9305375 0.5592074 0.9305375 0.6159624 0.9305375 0.6419453 0.9822065 0.6572116 0.9577206 0.6572116 0.9822065 0.7048112 0.9822065 0.7211066 0.9577206 0.7211066 0.9822065 0.6568468 0.8544064 0.7123225 0.8544063 0.6555675 0.8544063 0.7048112 0.9822065 0.7211066 0.9577206 0.7211066 0.9822065 0.7726678 0.9970666 0.751273 0.9835137 0.7726678 0.9835137 0.9043552 0.04227399 0.8728322 0.005132377 0.9043552 0.02114266 0.6419456 0.9822065 0.6572118 0.9577206 0.6572118 0.9822065 0.7211066 0.9577206 0.7345096 0.9822065 0.7211066 0.9822065 0.751273 0.9970666 0.7026019 0.9835137 0.751273 0.9835137 0.7840152 0.9577206 0.768706 0.9822065 0.768706 0.9577206 0.7048112 0.9822065 0.7211066 0.9577206 0.7211066 0.9822065 0.8567721 0.09020543 0.9043552 0.04227399 0.9043552 0.09020543 0.7840152 0.9577206 0.768706 0.9822065 0.768706 0.9577206 0.6572118 0.9822065 0.6790391 0.9577206 0.6790391 0.9822065 0.5571704 0.9305376 0.5204076 0.9305376 0.5195075 0.9305376 0.5571704 0.8544063 0.5204076 0.8544063 0.5592074 0.8544062 0.9783861 0.9519206 0.9405558 0.8813058 0.9405558 0.9872287 0.8567721 0.09020543 0.888345 0.1273471 0.8567721 0.1113368 0.7512744 0.9970669 0.7026015 0.9835135 0.7512744 0.9835135 0.5571702 0.9305376 0.5204076 0.9305376 0.5195075 0.9305376 0.8638794 0.9971901 0.8964438 0.9985774 0.8961675 0.9971901 0.8560703 0.109641 0.8548924 0.08852589 0.8560703 0.08852589 0.903684 0.01937627 0.9048622 0.04053324 0.903684 0.04053324 0.6543356 0.8545485 0.6159624 0.8544062 0.6555675 0.8544062 0.6146833 0.9321956 0.5603918 0.9305376 0.5603918 0.9321956 0.5571704 0.9321956 0.5195075 0.9305376 0.5195075 0.9321956 0.898401 0.1214432 0.9043552 0.09020543 0.9043552 0.1113368 0.898401 0.1214432 0.888345 0.1273471 0.9043552 0.09020543 0.8625274 0.01121073 0.8567721 0.04227399 0.8567721 0.02114266 0.8625274 0.01121073 0.8728322 0.005132377 0.8567721 0.04227399 0.8982415 0.01082587 0.8728322 0.005132377 0.888345 0.005132377 0.8982415 0.01082587 0.9043552 0.02114266 0.8728322 0.005132377 0.7687065 0.9577206 0.7469221 0.9822065 0.7469221 0.9577206 0.5603918 0.8527483 0.6146833 0.8544064 0.5603918 0.8544064 0.6146833 0.9305376 0.5592073 0.9305376 0.5603918 0.9305376 0.7111855 0.9321956 0.6568469 0.9305376 0.7111855 0.9305376 0.7532065 0.9305374 0.7136012 0.9305374 0.7123224 0.9305374 0.6172415 0.8528903 0.6543356 0.8545485 0.6543356 0.8528903 0.6568469 0.9305376 0.7123226 0.9305376 0.6555675 0.9305376 0.7048112 0.9822065 0.7211066 0.9577206 0.7211066 0.9822065 0.6358521 0.8556799 0.7007794 0.8556799 0.6994094 0.8556799 0.753301 0.9321954 0.7136012 0.9305374 0.753301 0.9305374 0.6159624 0.9305376 0.6555675 0.8544062 0.6159624 0.8544062 0.5592074 0.9305376 0.5204076 0.8544063 0.5204076 0.9305376 0.5592074 0.8544063 0.6146833 0.8544064 0.6159624 0.8544063 0.7123224 0.9305374 0.6555674 0.8544064 0.7123224 0.8544064 0.7136015 0.8544063 0.7532067 0.8544062 0.7533014 0.8544063 0.6159624 0.8544062 0.5592073 0.9305376 0.6159624 0.9305376 0.6159624 0.8544062 0.6555675 0.9305376 0.6555675 0.8544062 0.7512747 0.9970669 0.7026015 0.9835135 0.7512747 0.9835135 0.6568469 0.8544063 0.7123225 0.8544062 0.7111855 0.8544063 0.6146833 0.9305376 0.5592074 0.9305376 0.5603918 0.9305376 0.01439929 0.4416323 0.01770269 0.4747884 0.01770269 0.4449971 0.6543356 0.9306796 0.6159624 0.9305376 0.6172415 0.9306796 0.6543356 0.9322903 0.6172415 0.9306795 0.6543356 0.9306795 0.6358521 0.8556799 0.6994094 0.8556799 0.7007794 0.8556799 0.6146833 0.9321956 0.5603918 0.9305376 0.5603918 0.9321956 0.7123224 0.9305374 0.6568468 0.9305374 0.6555674 0.9305374 0.7123225 0.9305375 0.6568468 0.9305375 0.6555675 0.9305375 0.7480841 0.511918 0.7503148 0.5106456 0.7503148 0.511918 0.5571702 0.8544063 0.5204076 0.8544063 0.5592074 0.8544062 0.8720958 0.003350794 0.8878688 0.002130866 0.8876585 0.003350794 0.5195075 0.8544063 0.5204076 0.9305376 0.5204076 0.8544063 0.6568469 0.8544063 0.7123225 0.8544062 0.7111855 0.8544063 0.5571704 0.9321954 0.5195077 0.9305375 0.5571704 0.9305375 0.7136014 0.8544064 0.7532066 0.8544063 0.7123225 0.8544063 0.5592074 0.9305375 0.5204078 0.8544064 0.5592074 0.8544063 0.6543356 0.9322904 0.6172415 0.9306796 0.6172415 0.9322904 0.7123225 0.8544063 0.6555675 0.9305375 0.6555675 0.8544063 0.7532069 0.8544062 0.7123226 0.9305376 0.7532069 0.9305376 0.7532067 0.9305376 0.7123225 0.8544063 0.7123225 0.9305376 0.7123225 0.9305375 0.7532065 0.8544063 0.7123225 0.8544063 0.7111853 0.9321954 0.6568468 0.9305375 0.7111853 0.9305375 0.5195077 0.8544064 0.5204078 0.9305375 0.5195077 0.9305375 0.6543356 0.9322904 0.6172415 0.9306795 0.6543356 0.9306795 0.5204078 0.8544064 0.5571704 0.8544064 0.5592074 0.8544063 0.6146833 0.9321954 0.5603918 0.9305375 0.6146833 0.9305375 0.5571704 0.9305375 0.5204078 0.9305375 0.5592074 0.9305375 0.6358521 0.8556799 0.7007794 0.8556799 0.6994094 0.8556799 0.7111855 0.9321956 0.6568469 0.9305376 0.6568469 0.9321956 0.6543356 0.9306795 0.6159624 0.9305375 0.6555675 0.9305375 0.5571702 0.9321956 0.5195075 0.9305376 0.5195075 0.9321956 0.7136015 0.9305376 0.7532067 0.9305376 0.7123225 0.9305376 0.6146833 0.8544063 0.5592074 0.8544062 0.6159624 0.8544062 0.7136015 0.9321956 0.7533014 0.9305376 0.7136015 0.9305376 0.7026015 0.9970669 0.6812062 0.9835135 0.7026015 0.9835135 0.5571704 0.8544064 0.5204078 0.8544064 0.5592074 0.8544063 0.6555674 0.9305374 0.6159624 0.8544064 0.6555674 0.8544064 0.6555675 0.9305376 0.7123225 0.8544062 0.6555675 0.8544062 0.6419453 0.9822065 0.6572116 0.9577206 0.6572116 0.9822065 0.8567721 0.09020543 0.9043552 0.04227399 0.9043552 0.09020543 0.8878688 0.1268863 0.8720958 0.1257086 0.8876585 0.1257086 0.8985758 0.1206588 0.8876585 0.1257086 0.8977157 0.1198154 0.5195079 0.8527485 0.5571706 0.8544064 0.5195079 0.8544064 0.7532067 0.8544062 0.7123225 0.9305376 0.7532067 0.9305376 0.7123225 0.9305376 0.7532067 0.8544062 0.7123225 0.8544062 0.8548924 0.04053324 0.8560703 0.01937627 0.8560703 0.04053324 0.9048622 0.08852589 0.903684 0.109641 0.903684 0.08852589 0.6568469 0.9305376 0.7123225 0.9305376 0.6555675 0.9305376 0.5195075 0.8527483 0.5571704 0.8544063 0.5571704 0.8527483 0.7026015 0.9970669 0.6812059 0.9835135 0.7026015 0.9835135 0.6159624 0.8544063 0.6543356 0.8545485 0.6555675 0.8544063 0.6358521 0.8556799 0.6994094 0.8556799 0.7007794 0.8556799 0.7136012 0.8544064 0.7532065 0.8544064 0.7123224 0.8544064 0.6146833 0.9305376 0.5592074 0.9305376 0.5603918 0.9305376 0.916655 0.5297251 0.8714703 0.5297251 0.8714703 0.5297251 0.07631748 0.6890726 1.8623e-4 0.7278724 0.07631748 0.7278724 0.6159624 0.8544064 0.6543356 0.8545486 0.6555674 0.8544064 0.5195075 0.8544063 0.5204076 0.9305376 0.5204076 0.8544063 0.7136015 0.9305376 0.7532067 0.9305376 0.7123225 0.9305376 0.6570399 0.9970669 0.6412703 0.9835135 0.6570399 0.9835135 0.7123226 0.8544062 0.6555675 0.9305376 0.6555675 0.8544062 0.6543356 0.9306796 0.6159624 0.9305376 0.6172415 0.9306796 0.6570402 0.9970669 0.6412707 0.9835135 0.6570402 0.9835135 0.5592077 0.9305374 0.6159624 0.8544064 0.6159624 0.9305374 0.6572116 0.9822065 0.6790388 0.9577206 0.6790388 0.9822065 0.7111853 0.9321954 0.6568468 0.9305374 0.7111853 0.9305374 0.768706 0.9577206 0.7469218 0.9822065 0.7469218 0.9577206 0.5592077 0.8544064 0.6159624 0.9305374 0.5592077 0.9305374 0.6555675 0.8544062 0.6159624 0.9305376 0.6159624 0.8544062 0.6146833 0.8544063 0.5592074 0.8544062 0.6159624 0.8544062 0.6568468 0.8544064 0.7123224 0.8544064 0.6555674 0.8544064 0.784484 0.9970666 0.7726678 0.9835137 0.784484 0.9835137 0.5571706 0.9305374 0.520408 0.9305374 0.5592077 0.9305374 0.7341488 0.9577206 0.7469221 0.9822065 0.7341488 0.9822065 0.8876585 0.1257086 0.8718855 0.1268865 0.8720958 0.1257086 0.6570421 0.9970666 0.641273 0.9835137 0.6570421 0.9835137 0.8984778 0.1213657 0.9043552 0.09020543 0.9043552 0.1113368 0.8984778 0.1213657 0.888345 0.1273471 0.9043552 0.09020543 0.7048112 0.9822065 0.6913364 0.9577206 0.7048112 0.9577206 0.6146834 0.9305374 0.5592077 0.9305374 0.6159624 0.9305374 0.7840155 0.9577206 0.7687065 0.9822065 0.7687065 0.9577206 0.6543356 0.9306795 0.6159624 0.9305374 0.6555674 0.9305374 0.7726701 0.9970669 0.7512747 0.9835135 0.7726701 0.9835135 0.6358521 0.8556799 0.7007794 0.8556799 0.6994094 0.8556799 0.9027235 0.8813049 0.857326 0.8588511 0.8573234 0.8813058 0.8700011 0.6672887 0.9181267 0.6434855 0.8699985 0.6434844 0.6568468 0.8527483 0.7111855 0.8544063 0.7111855 0.8527483 0.6568468 0.9305376 0.7123225 0.9305376 0.6555675 0.9305376 0.6543356 0.8545485 0.6159624 0.8544062 0.6555675 0.8544062 0.5592074 0.9305375 0.5204078 0.8544064 0.5204078 0.9305375 0.6172415 0.8528903 0.6543356 0.8545485 0.6172415 0.8545485 0.7111855 0.9321956 0.6568469 0.9305376 0.6568469 0.9321956 0.6568469 0.8527482 0.7111855 0.8544063 0.7111855 0.8527482 0.5592074 0.8544063 0.6159624 0.9305375 0.6159624 0.8544063 0.7136015 0.8527482 0.7533014 0.8544063 0.7533014 0.8527482 0.6358521 0.8556799 0.6994094 0.8556799 0.7007794 0.8556799 0.7136015 0.8544063 0.7532069 0.8544062 0.7123226 0.8544062 0.5195075 0.8544063 0.5204076 0.9305376 0.5204076 0.8544063 0.5571702 0.9321956 0.5195075 0.9305376 0.5195075 0.9321956 0.6159624 0.8544063 0.5592074 0.9305375 0.5592074 0.8544063 0.6568469 0.9305376 0.7123225 0.9305376 0.6555675 0.9305376 0.7726699 0.9970669 0.7512744 0.9835135 0.7726699 0.9835135 0.6543356 0.9322904 0.6172415 0.9306796 0.6172415 0.9322904 0.6555675 0.9305375 0.6159624 0.8544063 0.6555675 0.8544063 0.6543356 0.9306796 0.6159624 0.9305376 0.6555675 0.9305376 0.6555674 0.9305374 0.6159624 0.8544064 0.6555674 0.8544064 0.7532069 0.8544062 0.7123226 0.9305376 0.7123226 0.8544062 0.6568469 0.8527482 0.7111855 0.8544063 0.6568469 0.8544063 0.9714592 0.3068588 0.9659435 0.3746424 0.9659435 0.3068588 0.7532066 0.9305375 0.7136014 0.9305375 0.7123225 0.9305375 0.7503148 0.511918 0.752556 0.5106456 0.752556 0.511918 0.752556 0.511918 0.7547968 0.5106456 0.7547968 0.511918 0.6358521 0.8556799 0.7007794 0.8556799 0.6994094 0.8556799 0.6146833 0.9305376 0.5592073 0.9305376 0.6159624 0.9305376 0.6159624 0.9305376 0.5592074 0.8544062 0.5592074 0.9305376 0.6159624 0.9305376 0.5592074 0.8544062 0.5592074 0.9305376 0.6159624 0.8544064 0.6543356 0.8545486 0.6555674 0.8544064 0.6568468 0.8544063 0.7123225 0.8544063 0.7111855 0.8544063 0.6555675 0.8544063 0.7123225 0.9305375 0.7123225 0.8544063 0.6159624 0.9305376 0.5592073 0.8544062 0.6159624 0.8544062 0.7136015 0.8544063 0.7532067 0.8544063 0.7533014 0.8544063 0.7136015 0.8527483 0.7533014 0.8544063 0.7533014 0.8527483 0.7136015 0.9305376 0.7532067 0.9305376 0.7123225 0.9305376 0.5571704 0.9305376 0.5204076 0.9305376 0.5195075 0.9305376 0.6358521 0.8556799 0.6994094 0.8556799 0.7007794 0.8556799 0.5571704 0.8544063 0.5204076 0.8544063 0.5592074 0.8544063 0.5195075 0.8544063 0.5204076 0.9305376 0.5204076 0.8544063 0.6555674 0.8544064 0.6159624 0.9305374 0.6159624 0.8544064 0.6543356 0.8545485 0.6159624 0.8544063 0.6555675 0.8544063 0.8718855 0.002129793 0.8876585 0.003349781 0.8720955 0.003349781 0.7123224 0.9305374 0.7532065 0.8544064 0.7532065 0.9305374 0.7123224 0.8544064 0.6555674 0.9305374 0.6555674 0.8544064 0.6568468 0.8544064 0.7123224 0.8544064 0.6555674 0.8544064 0.6543356 0.9306795 0.6159624 0.9305375 0.6172415 0.9306795 0.6570399 0.9970669 0.6412703 0.9835135 0.6570399 0.9835135 0.2487887 0.9853672 0.2128812 0.9877727 0.2487878 0.9877837 0.8876585 0.003349781 0.8989608 0.00873965 0.8980774 0.009585797 0.7533013 0.8527485 0.7136012 0.8544064 0.7533013 0.8544064 0.8633621 0.1220539 0.888345 0.1273471 0.8728322 0.1273471 0.8633621 0.1220539 0.8567721 0.1113368 0.888345 0.1273471 0.7048112 0.9822065 0.7211066 0.9577206 0.7211066 0.9822065 0.7048112 0.9822065 0.7211066 0.9577206 0.7211066 0.9822065 0.6358521 0.8556799 0.7007794 0.8556799 0.6994094 0.8556799 0.5592077 0.8544064 0.6146834 0.8544064 0.6159624 0.8544064 0.7512732 0.9970666 0.7026019 0.9835137 0.7512732 0.9835137 0.6555675 0.9305376 0.6159624 0.8544063 0.6159624 0.9305376 0.6568468 0.9305375 0.7123225 0.9305375 0.6555675 0.9305375 0.6555675 0.8544062 0.6159624 0.9305376 0.6555675 0.9305376 0.7136012 0.9305375 0.7532065 0.9305375 0.7123225 0.9305375 0.5195078 0.8544064 0.5204078 0.9305374 0.5195078 0.9305374 0.7123224 0.8544064 0.6555674 0.9305374 0.6555674 0.8544064 0.7512747 0.9970669 0.7026015 0.9835135 0.7512747 0.9835135 0.6555675 0.9305376 0.7123225 0.8544062 0.6555675 0.8544062 0.9036847 0.01937544 0.9048622 0.04053294 0.9036847 0.04053294 0.5592073 0.9305376 0.5204076 0.8544063 0.5204076 0.9305376 0.6358521 0.8556799 0.6994094 0.8556799 0.7007794 0.8556799 0.6568468 0.8527483 0.7111853 0.8544064 0.6568468 0.8544064 0.6172415 0.8528904 0.6543356 0.8545486 0.6172415 0.8545486 0.7136012 0.8527485 0.753301 0.8544064 0.7136012 0.8544064 0.6568468 0.8527485 0.7111853 0.8544064 0.6568468 0.8544064 0.7704299 0.5074451 0.7704031 0.5110764 0.7729774 0.5100331 0.6159624 0.9305374 0.5592077 0.8544064 0.6159624 0.8544064 0.5195078 0.8544064 0.5204078 0.9305375 0.5204078 0.8544064 0.7532065 0.8544064 0.7123224 0.9305374 0.7123224 0.8544064 0.5571704 0.9305375 0.5204078 0.9305375 0.5195078 0.9305375 0.6146833 0.9321956 0.5603918 0.9305376 0.5603918 0.9321956 0.7136014 0.8527483 0.7533013 0.8544064 0.7136014 0.8544064 0.7123225 0.9305375 0.7532066 0.8544063 0.7532066 0.9305375 0.7111853 0.9321954 0.6568468 0.9305374 0.7111853 0.9305374 0.7123224 0.9305374 0.7532065 0.8544064 0.7532065 0.9305374 0.6172415 0.8528903 0.6543356 0.8545486 0.6172415 0.8545486 0.6543356 0.9322903 0.6172415 0.9306795 0.6172415 0.9322903 0.8729771 0.8283718 0.8895975 0.8322257 0.8895964 0.8283661 0.6419456 0.9822065 0.6572118 0.9577206 0.6572118 0.9822065 0.6159624 0.8544064 0.6543356 0.8545486 0.6555674 0.8544064 0.5195078 0.8527485 0.5571705 0.8544064 0.5195078 0.8544064 0.8895971 0.8400677 0.8527457 0.836201 0.8527453 0.8400616 0.01439929 0.6083908 0.02749067 0.6050267 0.01770269 0.6050267 0.5603918 0.8527483 0.6146833 0.8544063 0.6146833 0.8527483 0.6568469 0.8527483 0.7111855 0.8544063 0.7111855 0.8527483 0.7533014 0.8527483 0.7136015 0.8544063 0.7533014 0.8544063 0.6568468 0.8527485 0.7111853 0.8544064 0.6568468 0.8544064 0.5204078 0.8544064 0.5571705 0.8544064 0.5592077 0.8544064 0.74864 0.5057631 0.7516851 0.5081671 0.7516986 0.5057631 0.657212 0.9822065 0.6790391 0.9577206 0.6790391 0.9822065 0.7727938 0.5126562 0.7699655 0.5121666 0.7697753 0.5126289 0.7698434 0.5053141 0.7681438 0.507639 0.7700333 0.5057899 0.4612992 0.2708535 0.4374046 0.350542 0.4374046 0.2708535 0.7575311 0.508445 0.7602936 0.5103387 0.7602936 0.508445 0.7727938 0.5126562 0.7744932 0.5103448 0.7726036 0.5121939 0.4636 0.350542 0.4875552 0.2708535 0.4875552 0.350542 0.7697753 0.5126289 0.7681168 0.5102767 0.7676544 0.5104672 0.6146834 0.9305375 0.5592074 0.9305375 0.5603919 0.9305375 0.6146834 0.9321954 0.5603919 0.9305375 0.5603919 0.9321954 0.3743722 0.9853689 0.3384962 0.9877953 0.3743729 0.9877842 0.4102749 0.9853566 0.3743729 0.9877842 0.4102756 0.9877735 0.2846891 0.987798 0.2487887 0.9853672 0.2487878 0.9877837 0.6543356 0.8545485 0.6159624 0.8544063 0.6555675 0.8544063 0.8527453 0.8400616 0.836124 0.8362005 0.8361242 0.8400611 0.6568469 0.8527483 0.7111855 0.8544063 0.7111855 0.8527483 0.7826487 0.8283661 0.8195069 0.8322404 0.819508 0.8283795 0.01439929 0.4416323 0.02749067 0.4449971 0.030855 0.4416323 0.01439929 0.6083908 0.01770269 0.5751738 0.01439929 0.5718091 0.6172415 0.8528903 0.6543356 0.8545485 0.6543356 0.8528903 0.030855 0.4850042 0.02749067 0.5182212 0.030855 0.5215245 0.7533014 0.8527483 0.7136015 0.8544063 0.7533014 0.8544063 0.753301 0.9321954 0.7136012 0.9305374 0.753301 0.9305374 0.8895971 0.8478826 0.8527403 0.8440229 0.8527405 0.8478839 0.7992674 0.8478826 0.7826477 0.8440217 0.7826475 0.8478817 0.8527405 0.8478839 0.8361173 0.8440238 0.8361173 0.847884 0.5603919 0.8527485 0.6146834 0.8544064 0.5603919 0.8544064 0.7123224 0.9305374 0.6568468 0.9305374 0.6555674 0.9305374 0.7136012 0.8544064 0.7532065 0.8544064 0.7123224 0.8544064 0.6568468 0.8544064 0.7123224 0.8544064 0.6555674 0.8544064 0.6543356 0.9306795 0.6159624 0.9305374 0.6555674 0.9305374 0.7615196 0.511918 0.7592786 0.5106456 0.7615196 0.5106456 0.5571702 0.9305376 0.5204076 0.9305376 0.5592073 0.9305376 0.9971055 0.2733331 0.9816448 0.4885696 0.9816448 0.2782771 0.7592786 0.511918 0.7570378 0.5106456 0.7592786 0.5106456 0.7701942 0.5115506 0.772065 0.5111846 0.7703567 0.5111711 0.5603918 0.8527482 0.6146833 0.8544063 0.5603918 0.8544063 0.08737826 0.9750468 0.09278714 0.9875676 0.09278714 0.9750468 0.6146833 0.9321956 0.5603918 0.9305376 0.6146833 0.9305376 0.6543356 0.9322903 0.6172415 0.9306795 0.6543356 0.9306795 0.7532065 0.9305374 0.7136012 0.9305374 0.7123224 0.9305374 0.6146834 0.9321954 0.5603919 0.9305374 0.6146834 0.9305374 0.6146834 0.9321954 0.5603919 0.9305374 0.6146834 0.9305374 0.7533014 0.9321956 0.7136015 0.9305376 0.7136015 0.9321956 0.6543356 0.9322904 0.6172415 0.9306796 0.6172415 0.9322904 0.7840152 0.9577206 0.768706 0.9822065 0.768706 0.9577206 0.768706 0.9577206 0.7469218 0.9822065 0.7469218 0.9577206 0.6419458 0.9822065 0.657212 0.9577206 0.657212 0.9822065 0.030855 0.4416323 0.02749067 0.4747884 0.030855 0.4781528 0.5571705 0.9305374 0.5204078 0.9305374 0.5592077 0.9305374 0.7722278 0.5115778 0.7732849 0.5099917 0.772065 0.5111846 0.7736918 0.5081211 0.7732849 0.5099917 0.7736781 0.5101544 0.6543356 0.9322903 0.6172415 0.9306795 0.6543356 0.9306795 0.4636 0.350542 0.4875552 0.2708535 0.4875552 0.350542 0.753301 0.9321954 0.7136012 0.9305374 0.753301 0.9305374 0.955739 0.4885696 0.9714404 0.3903777 0.9816448 0.4885696 0.6172415 0.8528903 0.6543356 0.8545485 0.6543356 0.8528903 0.6172415 0.8528903 0.6543356 0.8545486 0.6172415 0.8545486 0.5603918 0.8527483 0.6146833 0.8544063 0.6146833 0.8527483 0.5603919 0.8527485 0.6146834 0.8544064 0.5603919 0.8544064 0.9466732 0.9903435 0.9063406 0.9963685 0.9466729 0.9963718 0.9493905 0.9903437 0.9466729 0.9963718 0.9493904 0.9963719 0.6555675 0.8544062 0.7123226 0.9305376 0.7123226 0.8544062 0.7123225 0.9305376 0.6555675 0.8544063 0.6555675 0.9305376 0.5592074 0.9305376 0.6159624 0.8544063 0.5592074 0.8544063 0.6159624 0.8544063 0.6555675 0.9305375 0.6555675 0.8544063 0.7816618 0.9519206 0.8194914 0.8813049 0.7816618 0.916613 0.5043542 0.914067 0.4255092 0.9093698 0.5043542 0.9093698 0.916655 0.5297251 0.8699985 0.531197 0.9181267 0.531197 0.998336 0.5686264 0.9582323 0.6434855 0.998336 0.606056 0.8298931 0.6434855 0.7897904 0.5686264 0.7897904 0.606056 0.8699985 0.531197 0.916655 0.5297251 0.8714703 0.5297251 0.9013352 0.9886171 0.8573234 0.9872287 0.8587117 0.9886171 0.9013352 0.9886171 0.8587136 0.9914886 0.9013335 0.9914886 0.8769485 0.5206369 0.8714722 0.5266809 0.8769485 0.5206369 0.8769485 0.5206369 0.8714703 0.5297251 0.8714722 0.5266809 0.9954704 0.9903357 0.9877061 0.9963649 0.9954716 0.9963635 0.9981875 0.9903351 0.9954716 0.9963635 0.9981889 0.9963629 0.9571568 0.996371 0.9493905 0.9903437 0.9493904 0.9963719 0.987705 0.9903372 0.9571568 0.996371 0.9877061 0.9963649 0.857326 0.991723 0.8638794 0.9971901 0.8587136 0.9914886 0.8700011 0.5264326 0.8714703 0.5297251 0.8714722 0.5266809 0.9111768 0.5206369 0.9166532 0.5266809 0.9166532 0.5266809 0.9166532 0.5266809 0.916655 0.5297251 0.916655 0.5297251 0.8587136 0.9914886 0.8961675 0.9971901 0.9013335 0.9914886 0.8769485 0.5206369 0.9111768 0.5206369 0.9111768 0.5206369 0.8769485 0.5206369 0.9166532 0.5266809 0.9111768 0.5206369 0.8714703 0.5297251 0.9166532 0.5266809 0.8745967 0.5258246 0.504077 0.8650453 0.5043542 0.8990831 0.4255092 0.8648337 0.8961675 0.9971901 0.9027218 0.991723 0.9013335 0.9914886 0.4255092 0.8990831 0.5043542 0.9093698 0.4255092 0.9093698 0.7136015 0.9321956 0.7533014 0.9305376 0.7136015 0.9305376 0.8699985 0.6434844 0.9181267 0.531197 0.8699985 0.531197 0.8587117 0.9886171 0.857326 0.991723 0.8587136 0.9914886 0.9582323 0.6434855 0.9181267 0.531197 0.9181267 0.6434855 0.8766556 0.5191657 0.9111768 0.5206369 0.9114697 0.5191657 0.4255092 0.8544874 0.504077 0.8650453 0.4255092 0.8648337 0.918125 0.5264326 0.916655 0.5297251 0.9181267 0.531197 0.4255092 0.914067 0.5043542 0.9093698 0.5043542 0.914067 0.9111768 0.5206369 0.918125 0.5264326 0.9114697 0.5191657 0.8700011 0.5264326 0.8769485 0.5206369 0.8766556 0.5191657 0.7533013 0.9321954 0.7136014 0.9305375 0.7533013 0.9305375 0.5043543 0.8498495 0.4255092 0.8544874 0.4255092 0.8498495 0.4255092 0.8990831 0.5043542 0.9093698 0.4255092 0.9093698 0.4255092 0.8544874 0.504077 0.8650453 0.4255092 0.8648337 0.504077 0.8650453 0.5043542 0.8648337 0.5043542 0.8990831 0.4255092 0.914067 0.5043542 0.9093698 0.5043542 0.914067 0.504077 0.8650453 0.5043542 0.8648337 0.5043542 0.8990831 0.4255092 0.8544874 0.504077 0.8650453 0.4255092 0.8648337 0.4255092 0.8990831 0.5043542 0.9093698 0.4255092 0.9093698 0.4255092 0.914067 0.5043542 0.9093698 0.5043542 0.914067 0.8298931 0.531197 0.8699985 0.6434844 0.8699985 0.531197 0.5043543 0.8498495 0.4255092 0.8544874 0.4255092 0.8498495 0.4255092 0.8990831 0.5043542 0.9093698 0.4255092 0.9093698 0.504077 0.8650453 0.5043542 0.8648337 0.5043542 0.8990831 0.5043543 0.8498495 0.4255092 0.8544874 0.4255092 0.8498495 0.4255092 0.8990831 0.5043542 0.9093698 0.4255092 0.9093698 0.4255092 0.8544874 0.504077 0.8650453 0.4255092 0.8648337 0.504077 0.8650453 0.5043542 0.8648337 0.5043542 0.8990831 0.4255092 0.914067 0.5043542 0.9093698 0.5043542 0.914067 0.5043543 0.8498495 0.4255092 0.8544874 0.4255092 0.8498495 0.5043543 0.8544874 0.4255092 0.8648337 0.4255092 0.8544874 0.7136015 0.8527482 0.7533014 0.8544063 0.7136015 0.8544063 0.9027235 0.8813049 0.9405558 0.9872287 0.9405558 0.8813058 0.8573234 0.8813058 0.8194914 0.9872287 0.8573234 0.9872287 0.8573234 0.9872287 0.9027235 0.8813049 0.8573234 0.8813058 0.9027218 0.991723 0.9013352 0.9886171 0.9013335 0.9914886 0.8573234 0.9872287 0.9013352 0.9886171 0.9027235 0.9872287 0.5043543 0.8498495 0.4255092 0.8544874 0.4255092 0.8498495 0.7337118 0.9577206 0.7469221 0.9822065 0.7337118 0.9822065 0.7211066 0.9577206 0.7337118 0.9822065 0.7211066 0.9822065 0.8984053 0.008188903 0.903684 0.01937627 0.8975556 0.009061396 0.8876585 0.003350794 0.8984053 0.008188903 0.8975556 0.009061396 0.8609638 0.008593916 0.8720958 0.003350794 0.8618155 0.009447216 0.6812059 0.9970669 0.6693674 0.9835135 0.6812059 0.9835135 0.7048112 0.9822065 0.6916201 0.9577206 0.7048112 0.9577206 0.6693674 0.9970669 0.6570399 0.9835135 0.6693674 0.9835135 0.7850576 0.9970669 0.7726699 0.9835135 0.7850576 0.9835136 0.6412703 0.9970669 0.6519986 0.9835136 0.6412703 0.9835135 0.8560703 0.01937627 0.8609638 0.008593916 0.8618155 0.009447216 0.7048112 0.9822065 0.6919612 0.9577206 0.7048112 0.9577206 0.7849715 0.9970669 0.7726701 0.9835135 0.7849715 0.9835135 0.8628519 0.1215437 0.888345 0.1273471 0.8728322 0.1273471 0.8628519 0.1215437 0.8567721 0.1113368 0.888345 0.1273471 0.903684 0.109641 0.8985758 0.1206588 0.8977157 0.1198154 0.6812062 0.9970669 0.6690481 0.9835135 0.6812062 0.9835135 0.7211066 0.9577206 0.7338039 0.9822065 0.7211066 0.9822065 0.6690481 0.9970669 0.6570402 0.9835135 0.6690481 0.9835135 0.7338039 0.9577206 0.7469218 0.9822065 0.7338039 0.9822065 0.6919612 0.9822065 0.6790391 0.9577206 0.6919612 0.9577206 0.8613052 0.1207645 0.8560703 0.109641 0.8621383 0.1199154 0.6412707 0.9970669 0.6523525 0.9835135 0.6412707 0.9835135 0.7330272 0.9577206 0.7469218 0.9822065 0.7330272 0.9822065 0.7048112 0.9822065 0.6919469 0.9577206 0.7048112 0.9577206 0.6919469 0.9822065 0.6790391 0.9577206 0.6919469 0.9577206 0.6690613 0.9970669 0.6570399 0.9835135 0.6690613 0.9835135 0.6812059 0.9970669 0.6690613 0.9835135 0.6812059 0.9835135 0.8720955 0.1257095 0.8618417 0.1213021 0.8626458 0.1204241 0.8989608 0.00873965 0.9036847 0.01937544 0.8980774 0.009585797 0.8985862 0.1206497 0.8876585 0.1257095 0.8977254 0.119807 0.6412703 0.9970669 0.6516845 0.9835135 0.6412703 0.9835135 0.8560699 0.01937544 0.8617106 0.007846057 0.8625218 0.008734464 0.7843102 0.9970669 0.7726701 0.9835135 0.7843102 0.9835135 0.6812062 0.9970669 0.6683547 0.9835135 0.6812062 0.9835135 0.8617106 0.007846057 0.8720955 0.003349781 0.8625218 0.008734464 0.7345096 0.9577206 0.7469218 0.9822065 0.7345096 0.9822065 0.8984104 0.1214337 0.9043552 0.09020543 0.9043552 0.1113368 0.8984104 0.1214337 0.888345 0.1273471 0.9043552 0.09020543 0.8632375 0.0105006 0.8567721 0.04227399 0.8567721 0.02114266 0.8632375 0.0105006 0.8728322 0.005132377 0.8567721 0.04227399 0.8987612 0.01134991 0.8728322 0.005132377 0.888345 0.005132377 0.8987612 0.01134991 0.9043552 0.02114266 0.8728322 0.005132377 0.8618417 0.1213021 0.8560699 0.1096417 0.8626458 0.1204241 0.785699 0.9970669 0.7726699 0.9835135 0.785699 0.9835135 0.6412707 0.9970669 0.6529611 0.9835135 0.6412707 0.9835135 0.7048112 0.9822065 0.692701 0.9577206 0.7048112 0.9577206 0.8560703 0.01937603 0.8607677 0.008790016 0.8616299 0.009633779 0.7211066 0.9577206 0.7341488 0.9822065 0.7211066 0.9822065 0.8720958 0.1257086 0.8609475 0.1204069 0.8618 0.1195772 0.8609475 0.1204069 0.8560703 0.109641 0.8618 0.1195772 0.7211066 0.9577206 0.7343214 0.9822065 0.7211066 0.9822065 0.6812071 0.9970666 0.6696348 0.9835137 0.6812071 0.9835137 0.6913364 0.9822065 0.6790388 0.9577206 0.6913364 0.9577206 0.7846458 0.9970666 0.7726681 0.9835137 0.7846458 0.9835137 0.6412727 0.9970666 0.6528006 0.9835137 0.6412727 0.9835137 0.7343214 0.9577206 0.7469218 0.9822065 0.7343214 0.9822065 0.8986578 0.1205776 0.8876585 0.1257086 0.8977927 0.1197386 0.641273 0.9970666 0.6526519 0.9835139 0.641273 0.9835137 0.6691596 0.9970666 0.6570419 0.9835137 0.6691596 0.9835137 0.8987095 0.00849092 0.903684 0.01937603 0.8978412 0.009348869 0.6812071 0.9970666 0.6691596 0.9835137 0.6812071 0.9835137 0.6918435 0.9822065 0.6790391 0.9577206 0.6918435 0.9577206 0.8876585 0.003350555 0.8987095 0.00849092 0.8978412 0.009348869 0.862512 0.1212036 0.888345 0.1273471 0.8728322 0.1273471 0.862512 0.1212036 0.8567721 0.1113368 0.888345 0.1273471 0.8623411 0.01139724 0.8567721 0.04227399 0.8567721 0.02114284 0.8623411 0.01139724 0.8728322 0.005132496 0.8567721 0.04227399 0.8985262 0.01111292 0.8728322 0.005132496 0.888345 0.005132496 0.8985262 0.01111292 0.9043552 0.02114284 0.8728322 0.005132496 0.7048112 0.9822065 0.6918435 0.9577206 0.7048112 0.9577206 0.903684 0.109641 0.8986578 0.1205776 0.8977927 0.1197386 0.9714404 0.3903777 0.9816448 0.2782771 0.9816448 0.4885696 0.9402788 0.2733401 0.955739 0.4885696 0.9402786 0.4935142 0.963201 0.01896739 0.947735 0.2458646 0.9477346 0.01409566 0.01770269 0.5751738 0.02749067 0.6050267 0.02749067 0.5751738 0.02749067 0.4747884 0.01770269 0.4449971 0.01770269 0.4747884 0.7440074 0.5676413 0.7554292 0.5338281 0.7440074 0.5338281 0.07631748 0.7278724 1.8623e-4 0.7278724 1.8623e-4 0.6890726 0.5571705 0.8544064 0.5571705 0.8527485 0.5195078 0.8527485 0.6159624 0.9305376 0.6555675 0.9305376 0.6543356 0.9306796 0.5571704 0.8544063 0.5195075 0.8544063 0.5195075 0.8527483 0.03428053 0.5250117 0.03428053 0.5250117 0.03428053 0.5683836 0.9784209 0.2409937 0.9632012 0.2409937 0.9583229 0.2564842 0.963201 0.01896739 0.9784209 0.01896739 0.9832988 0.003477275 0.9938869 0.2458642 0.9938871 0.0140959 0.9784209 0.01896739 0.01091253 0.5250117 0.01091253 0.5250117 0.01091253 0.4815786 0.5195078 0.9305374 0.5195078 0.9321954 0.5571705 0.9321954 0.5204078 0.8544064 0.5592077 0.8544064 0.5571705 0.8544064 0.5592077 0.8544064 0.6159624 0.8544064 0.6146834 0.8544064 0.9036847 0.1096417 0.8977254 0.119807 0.8985862 0.1206497 0.6568468 0.9305376 0.7111855 0.9305376 0.7111855 0.9321956 0.6790388 0.9577206 0.6572116 0.9577206 0.6572116 0.9822065 0.9043552 0.04227399 0.9043552 0.02114284 0.8728322 0.005132496 0.6412727 0.9835137 0.6412727 0.9970666 0.6570419 0.9970666 0.7512732 0.9835137 0.7512732 0.9970666 0.7726681 0.9970666 0.8567721 0.09020543 0.8567721 0.1113368 0.888345 0.1273471 0.7330272 0.9822065 0.7330272 0.9577206 0.7211066 0.9577206 0.7469218 0.9822065 0.7687064 0.9822065 0.7687064 0.9577206 0.7992674 0.8361543 0.7992674 0.8322941 0.8361173 0.832295 0.03428053 0.4381454 0.01091253 0.4381454 0.01091253 0.4381454 0.7136015 0.9305376 0.7136015 0.9321956 0.7533014 0.9321956 0.6172415 0.9306796 0.6172415 0.9322904 0.6543356 0.9322904 0.7570378 0.511918 0.7570378 0.5106456 0.7547968 0.5106456 0.6568468 0.9305374 0.6568468 0.9321954 0.7111853 0.9321954 0.7826475 0.8322938 0.7992674 0.8322941 0.7992674 0.8361543 0.01091253 0.5250117 0.03428053 0.5250117 0.030855 0.5284372 0.8361173 0.832295 0.8527396 0.8322932 0.8527401 0.8361539 0.01091253 0.4815786 0.01091253 0.4815786 0.01091253 0.4381454 0.520408 0.9305374 0.520408 0.8544064 0.5195079 0.8544064 0.5195079 0.9305374 0.5195079 0.9321954 0.5571706 0.9321954 0.03428053 0.5250117 0.03428053 0.5250117 0.03428053 0.4815786 0.7123226 0.8544062 0.7111855 0.8544063 0.6568469 0.8544063 0.01091253 0.5683836 0.01091253 0.5683836 0.01091253 0.5250117 0.03428053 0.6118166 0.03428053 0.6118166 0.03428053 0.6552493 0.03428053 0.4815786 0.03428053 0.4815786 0.03428053 0.4381454 0.4374046 0.350542 0.4612992 0.350542 0.4612992 0.2708535 0.5195075 0.9305376 0.5571704 0.9305376 0.5571704 0.9321956 0.5603919 0.9305374 0.5603919 0.9321954 0.6146834 0.9321954 0.8720958 0.003350555 0.8718855 0.002130806 0.8607677 0.008790016 0.9043552 0.04227399 0.9043552 0.02114266 0.8728322 0.005132377 0.6572116 0.9577206 0.6419453 0.9577206 0.6419453 0.9822065 0.6790388 0.9577206 0.6790388 0.9822065 0.692701 0.9822065 0.7687064 0.9822065 0.7840155 0.9822065 0.7840155 0.9577206 0.9043552 0.04227399 0.8567721 0.04227399 0.8567721 0.09020543 0.5603918 0.9305376 0.6146833 0.9305376 0.6146833 0.9321956 0.01439929 0.5215245 0.01770269 0.5182212 0.02749067 0.5182212 0.030855 0.6517627 0.02749067 0.6483981 0.02749067 0.6186069 0.01770269 0.4883685 0.01770269 0.5182212 0.01439929 0.5215245 0.5571702 0.8544063 0.5195075 0.8544063 0.5195075 0.8527483 0.955739 0.2782771 0.955739 0.4885696 0.9659435 0.3903777 0.9816448 0.2782771 0.955739 0.2782771 0.9659435 0.3068588 0.9507957 0.2625802 0.955739 0.2782771 0.9816448 0.2782771 0.6146833 0.8544063 0.5603918 0.8544063 0.5603918 0.8527483 0.889599 0.8439731 0.8729774 0.8439745 0.8729771 0.8401141 0.8729771 0.8283718 0.8729783 0.8322315 0.8361305 0.8322426 0.8729771 0.8401141 0.8729774 0.8439745 0.8361242 0.8439768 0.8361242 0.8439768 0.8195021 0.8439764 0.8195024 0.8401157 0.753301 0.8544064 0.753301 0.8527485 0.7136012 0.8527485 0.8361305 0.8322426 0.8195069 0.8322404 0.819508 0.8283795 0.6543356 0.8545485 0.6543356 0.8528903 0.6172415 0.8528903 0.5571702 0.8544063 0.5571702 0.8527482 0.5195075 0.8527482 0.6555675 0.8544062 0.6543356 0.8545485 0.6172415 0.8545485 0.7480841 0.5106456 0.7458524 0.5106456 0.7458524 0.511918 0.5204076 0.8544063 0.5204076 0.9305376 0.5592073 0.9305376 0.7637606 0.511918 0.7637505 0.5106456 0.7615196 0.5106456 0.03428053 0.6118166 0.01091253 0.6118166 0.01439929 0.6083908 0.7532069 0.9305376 0.7123226 0.9305376 0.7136015 0.9305376 0.02749067 0.6186069 0.02749067 0.6483981 0.01770269 0.6483981 0.02749067 0.531802 0.02749067 0.561593 0.01770269 0.561593 0.02749067 0.6186069 0.01770269 0.6186069 0.01439929 0.6152423 0.5195078 0.9305374 0.5195078 0.9321954 0.5571705 0.9321954 0.01439929 0.4781528 0.01770269 0.4747884 0.02749067 0.4747884 0.7992697 0.8362045 0.836124 0.8362005 0.8361242 0.8400611 0.02749067 0.561593 0.02749067 0.531802 0.030855 0.5284372 0.030855 0.6083908 0.02749067 0.6050267 0.02749067 0.5751738 0.02749067 0.5751738 0.01770269 0.5751738 0.01439929 0.5718091 0.7687065 0.9822065 0.7840155 0.9822065 0.7840155 0.9577206 0.7992674 0.8440226 0.8361173 0.8440238 0.8361173 0.847884 0.8195021 0.8439764 0.7826475 0.8439732 0.7826477 0.8401125 0.02749067 0.531802 0.01770269 0.531802 0.01439929 0.5284372 0.01439929 0.5284372 0.01770269 0.531802 0.01770269 0.561593 0.7826475 0.8362069 0.7992697 0.8362045 0.7992702 0.8400652 0.01439929 0.5649577 0.01770269 0.561593 0.02749067 0.561593 0.8527396 0.8322932 0.8895971 0.8322876 0.8895973 0.8361486 0.03428053 0.5683836 0.01091253 0.5683836 0.01439929 0.5649577 0.03428053 0.5683836 0.03428053 0.6118166 0.030855 0.6083908 0.01091253 0.6118166 0.03428053 0.6118166 0.030855 0.6152423 0.030855 0.5718091 0.01439929 0.5718091 0.01091253 0.5683836 0.01091253 0.6118166 0.01091253 0.5683836 0.01439929 0.5718091 0.030855 0.6152423 0.03428053 0.6118166 0.03428053 0.6552493 0.01091253 0.6552493 0.01091253 0.6118166 0.01439929 0.6152423 0.030855 0.4850042 0.01439929 0.4850042 0.01091253 0.4815786 0.03428053 0.4815786 0.01091253 0.4815786 0.01439929 0.4781528 0.030855 0.5284372 0.03428053 0.5250117 0.03428053 0.5683836 0.03428053 0.5250117 0.01091253 0.5250117 0.01439929 0.5215245 0.01091253 0.4815786 0.01091253 0.4381454 0.01439929 0.4416323 0.01091253 0.4381454 0.03428053 0.4381454 0.030855 0.4416323 0.03428053 0.6552493 0.01091253 0.6552493 0.01439929 0.6517627 0.030855 0.4416323 0.03428053 0.4381454 0.03428053 0.4815786 0.01091253 0.5683836 0.01091253 0.5250117 0.01439929 0.5284372 0.03428053 0.4815786 0.03428053 0.5250117 0.030855 0.5215245 0.01439929 0.5215245 0.01091253 0.5250117 0.01091253 0.4815786 0.963201 0.01896739 0.9632012 0.2409937 0.9784209 0.2409937 0.01770269 0.4883685 0.02749067 0.4883685 0.02749067 0.5182212 0.01091253 0.6118166 0.01091253 0.6118166 0.01091253 0.6552493 0.7512747 0.9835135 0.7512747 0.9970669 0.7726701 0.9970669 0.7440074 0.6352692 0.7407165 0.6385594 0.7407165 0.6025522 0.6568468 0.9305375 0.7111853 0.9305375 0.7111853 0.9321954 0.6543356 0.8545485 0.6172415 0.8545485 0.6172415 0.8528903 0.7123225 0.8544063 0.6555675 0.8544063 0.6568468 0.8544064 0.6812059 0.9835135 0.6812059 0.9970669 0.7026015 0.9970669 0.7111853 0.8544064 0.6568468 0.8544064 0.6568468 0.8527485 0.7440074 0.6352692 0.7440074 0.6014553 0.7554292 0.6014553 0.7440074 0.6014553 0.7440074 0.5676413 0.7554292 0.5676413 0.7554292 0.5338281 0.7587203 0.5305367 0.7587203 0.5665448 0.9048622 0.08852624 0.9036847 0.08852624 0.9036847 0.1096417 0.01091253 0.6552493 0.03428053 0.6552493 0.03428053 0.6552493 0.7026015 0.9835135 0.7026015 0.9970669 0.7512744 0.9970669 0.1769754 0.9853516 0.2128819 0.9853562 0.2128812 0.9877727 0.03428053 0.5683836 0.03428053 0.5683836 0.03428053 0.6118166 0.7512744 0.9835135 0.7512744 0.9970669 0.7726699 0.9970669 1.86349e-4 0.7278722 0.07631725 0.7278722 0.07631725 0.6890723 0.6146834 0.8544064 0.6159624 0.8544063 0.5592074 0.8544063 0.5571704 0.8544064 0.5571704 0.8527483 0.5195077 0.8527483 0.5592077 0.9305374 0.5603919 0.9305374 0.6146834 0.9305374 0.6812071 0.9835137 0.6812071 0.9970666 0.7026019 0.9970666 0.903684 0.01937603 0.903684 0.04053324 0.9048622 0.04053324 0.01091253 0.5683836 0.01091253 0.5683836 0.01091253 0.6118166 0.74864 0.5081671 0.7455817 0.5081671 0.7455817 0.5057497 0.7492569 0.5084331 0.7492448 0.5103387 0.7464947 0.5103387 0.7547694 0.5084331 0.7547694 0.5103387 0.752007 0.5103387 0.7749963 0.5075167 0.7745207 0.507707 0.7726709 0.505817 0.7547436 0.5081804 0.7516851 0.5081671 0.7516986 0.5057631 0.7658175 0.5103387 0.7630555 0.5103387 0.7630555 0.5084331 0.5204078 0.8544064 0.5204078 0.9305374 0.5592077 0.9305374 0.7681438 0.507639 0.7681168 0.5102767 0.7676544 0.5104672 0.7464947 0.5084331 0.7464947 0.5103387 0.7437447 0.5103387 0.7578021 0.5081804 0.7547436 0.5081804 0.7547436 0.5057631 0.7575311 0.5103387 0.7547694 0.5103387 0.7547694 0.5084331 0.766964 0.5081671 0.7639188 0.5081671 0.763906 0.5057631 0.7721058 0.50705 0.7703979 0.5070365 0.7702484 0.5066434 0.7703979 0.5070365 0.7691776 0.508243 0.7687981 0.5080668 0.7733119 0.5082837 0.7721058 0.50705 0.7722688 0.5066705 0.7687711 0.5101002 0.7691639 0.5099511 0.7703567 0.5111711 0.7749556 0.5105351 0.7744932 0.5103448 0.7745207 0.507707 0.7455817 0.5081671 0.7425235 0.5081671 0.7425235 0.5057631 0.6543356 0.8545485 0.6172415 0.8545485 0.6172415 0.8528903 0.7630555 0.5103387 0.7602936 0.5103387 0.7602936 0.508445 0.7608602 0.5081804 0.7578021 0.5081804 0.7578021 0.5057631 0.7639188 0.5081671 0.7608602 0.5081804 0.7608602 0.5057631 0.02749067 0.4883685 0.01770269 0.4883685 0.01439929 0.4850042 0.09278714 0.9750468 0.1746091 0.9750468 0.1589823 0.9875676 0.1623645 0.9917886 0.1589823 0.9875676 0.1746091 0.9750468 0.5592077 0.8544064 0.6159624 0.8544064 0.6146834 0.8544064 0.752007 0.5084331 0.752007 0.5103387 0.7492448 0.5103387 0.08737826 0.9750468 0.0873785 0.9875674 0.02118456 0.9875681 0.5592077 0.9305374 0.5603919 0.9305374 0.6146834 0.9305374 0.7726709 0.505817 0.7700333 0.5057899 0.7698434 0.5053141 0.7136015 0.9321956 0.7136015 0.9305376 0.7533014 0.9305376 0.6146833 0.8544063 0.5603918 0.8544063 0.5603918 0.8527482 0.7136015 0.9305376 0.7123226 0.9305376 0.7532069 0.9305376 0.7123226 0.8544062 0.6555675 0.8544062 0.6568469 0.8544063 0.5571702 0.8544063 0.5195075 0.8544063 0.5195075 0.8527482 0.6543356 0.8545485 0.6555675 0.8544062 0.6159624 0.8544062 0.6172415 0.9306796 0.6543356 0.9306796 0.6543356 0.9322904 0.6159624 0.9305376 0.6555675 0.9305376 0.6543356 0.9306796 0.6146834 0.8544064 0.6146834 0.8527485 0.5603919 0.8527485 0.7136015 0.8544063 0.7533014 0.8544063 0.7532069 0.8544062 0.4282324 0.9877688 0.4102756 0.9877735 0.4102749 0.9853566 0.7554292 0.6014553 0.7554292 0.5676413 0.7587203 0.5665448 0.854892 0.04053294 0.8560699 0.04053294 0.8560699 0.01937544 0.7136012 0.8544064 0.7533013 0.8544064 0.7532065 0.8544063 0.7587203 0.5305367 0.7554292 0.5338281 0.7440074 0.5338281 0.6412707 0.9835135 0.6412707 0.9970669 0.6570402 0.9970669 0.7587203 0.6025522 0.7587203 0.6385594 0.7554292 0.6352692 0.6146834 0.8544064 0.5603919 0.8544064 0.5603919 0.8527485 0.8560699 0.1096417 0.8560699 0.08852624 0.854892 0.08852624 0.6812062 0.9835135 0.6812062 0.9970669 0.7026015 0.9970669 0.3026292 0.9878019 0.2846891 0.987798 0.2846906 0.9853821 0.6790391 0.9577206 0.6572118 0.9577206 0.6572118 0.9822065 0.7469221 0.9822065 0.7687065 0.9822065 0.7687065 0.9577206 0.7469218 0.9822065 0.768706 0.9822065 0.768706 0.9577206 0.6570421 0.9835137 0.6570421 0.9970666 0.6696348 0.9970666 0.6812071 0.9835137 0.6812071 0.9970666 0.7026019 0.9970666 0.8548924 0.04053324 0.8560703 0.04053324 0.8560703 0.01937603 0.6790388 0.9577206 0.6572116 0.9577206 0.6572116 0.9822065 0.9048622 0.08852612 0.903684 0.08852612 0.903684 0.109641 0.8876585 0.003350555 0.8878688 0.002130806 0.8718855 0.002130806 0.520408 0.8544064 0.5592077 0.8544064 0.5571706 0.8544064 0.8560703 0.109641 0.8560703 0.08852612 0.8548924 0.08852612 1.86349e-4 0.727872 0.07631725 0.727872 0.07631725 0.6890723 0.7440074 0.6014553 0.7407165 0.6025522 0.7407165 0.5665448 0.7440074 0.6352692 0.7554292 0.6352692 0.7587203 0.6385594 0.7407165 0.5665448 0.7407165 0.5305372 0.7440074 0.5338281 0.8876585 0.1257095 0.8720955 0.1257095 0.8718855 0.1268872 0.5571705 0.9305374 0.5592077 0.9305374 0.5204078 0.9305374 0.6570402 0.9835135 0.6570402 0.9970669 0.6683547 0.9970669 0.3384957 0.9853811 0.3384962 0.9877953 0.3026292 0.9878019 0.6146833 0.8544063 0.6159624 0.8544063 0.5592074 0.8544063 0.5571702 0.8544063 0.5592073 0.8544062 0.5204076 0.8544063 0.6159624 0.9305374 0.6172415 0.9306795 0.6543356 0.9306795 0.7111853 0.8544064 0.7111853 0.8527485 0.6568468 0.8527485 0.7123224 0.9305374 0.6555674 0.9305374 0.6568468 0.9305374 0.5204078 0.9305374 0.5204078 0.8544064 0.5195078 0.8544064 0.01439929 0.6517627 0.01770269 0.6483981 0.02749067 0.6483981 0.01770269 0.6186069 0.01770269 0.6483981 0.01439929 0.6517627 0.9816448 0.4885696 0.955739 0.4885696 0.9507957 0.5042661 0.7687981 0.5080668 0.7691776 0.508243 0.7691639 0.5099511 0.7123226 0.9305376 0.6555675 0.9305376 0.6568469 0.9305376 0.5195075 0.9305376 0.5195075 0.9321956 0.5571702 0.9321956 0.5592073 0.8544062 0.6159624 0.8544062 0.6146833 0.8544063 0.5204076 0.8544063 0.5592073 0.8544062 0.5571702 0.8544063 0.8720958 0.1257086 0.8621383 0.1199154 0.8613052 0.1207645 0.7136015 0.8544063 0.7533014 0.8544063 0.7532067 0.8544062 0.753301 0.8544064 0.753301 0.8527485 0.7136012 0.8527485 0.5571704 0.8544064 0.5195078 0.8544064 0.5195078 0.8527485 0.5592074 0.9305376 0.6159624 0.9305376 0.6146833 0.9305376 0.7136012 0.9321954 0.7136012 0.9305375 0.7533013 0.9305375 0.5571702 0.9305376 0.5195075 0.9305376 0.5204076 0.9305376 0.7136012 0.8544064 0.7123224 0.8544064 0.7532065 0.8544064 0.7532065 0.9305374 0.7123224 0.9305374 0.7136012 0.9305374 0.6146833 0.8544063 0.6159624 0.8544062 0.5592073 0.8544062 0.5195078 0.9305375 0.5571704 0.9305375 0.5571704 0.9321954 0.6790388 0.9577206 0.6790388 0.9822065 0.6916201 0.9822065 0.6568469 0.9305376 0.7111855 0.9305376 0.7111855 0.9321956 0.8567721 0.09020543 0.8567721 0.1113368 0.888345 0.1273471 0.5592074 0.9305375 0.5603918 0.9305375 0.6146833 0.9305375 0.6572116 0.9577206 0.6419453 0.9577206 0.6419453 0.9822065 0.7211066 0.9577206 0.7048112 0.9577206 0.7048112 0.9822065 0.7123225 0.8544063 0.7111853 0.8544064 0.6568468 0.8544064 0.7211066 0.9577206 0.7048112 0.9577206 0.7048112 0.9822065 0.751273 0.9835137 0.751273 0.9970666 0.7726678 0.9970666 0.9043552 0.04227399 0.9043552 0.02114266 0.8728322 0.005132377 0.6572118 0.9577206 0.6419456 0.9577206 0.6419456 0.9822065 0.7345096 0.9822065 0.7345096 0.9577206 0.7211066 0.9577206 0.7026019 0.9835137 0.7026019 0.9970666 0.751273 0.9970666 0.768706 0.9822065 0.7840152 0.9822065 0.7840152 0.9577206 0.7211066 0.9577206 0.7048112 0.9577206 0.7048112 0.9822065 0.9043552 0.04227399 0.8567721 0.04227399 0.8567721 0.09020543 0.768706 0.9822065 0.7840152 0.9822065 0.7840152 0.9577206 0.6790391 0.9577206 0.6572118 0.9577206 0.6572118 0.9822065 0.5571704 0.9305376 0.5195075 0.9305376 0.5204076 0.9305376 0.5571704 0.8544063 0.5592074 0.8544062 0.5204076 0.8544063 0.9405558 0.8813058 0.9783861 0.916613 0.9783861 0.9519206 0.8567721 0.09020543 0.8567721 0.1113368 0.888345 0.1273471 0.7026015 0.9835135 0.7026015 0.9970669 0.7512744 0.9970669 0.5571702 0.9305376 0.5195075 0.9305376 0.5204076 0.9305376 0.8638794 0.9971901 0.8961675 0.9971901 0.8964438 0.9985774 0.8560703 0.109641 0.8560703 0.08852589 0.8548924 0.08852589 0.903684 0.01937627 0.903684 0.04053324 0.9048622 0.04053324 0.6543356 0.8545485 0.6555675 0.8544062 0.6159624 0.8544062 0.5603918 0.9305376 0.6146833 0.9305376 0.6146833 0.9321956 0.5195075 0.9305376 0.5571704 0.9305376 0.5571704 0.9321956 0.7469221 0.9822065 0.7687065 0.9822065 0.7687065 0.9577206 0.6146833 0.8544064 0.6146833 0.8527483 0.5603918 0.8527483 0.5592073 0.9305376 0.6159624 0.9305376 0.6146833 0.9305376 0.6568469 0.9305376 0.6568469 0.9321956 0.7111855 0.9321956 0.7532065 0.9305374 0.7123224 0.9305374 0.7136012 0.9305374 0.6543356 0.8545485 0.6172415 0.8545485 0.6172415 0.8528903 0.6568469 0.9305376 0.6555675 0.9305376 0.7123226 0.9305376 0.7211066 0.9577206 0.7048112 0.9577206 0.7048112 0.9822065 0.7136012 0.9305374 0.7136012 0.9321954 0.753301 0.9321954 0.6555675 0.8544062 0.6555675 0.9305376 0.6159624 0.9305376 0.5204076 0.8544063 0.5592074 0.8544062 0.5592074 0.9305376 0.5592074 0.8544063 0.6159624 0.8544063 0.6146833 0.8544064 0.6555674 0.8544064 0.6555674 0.9305374 0.7123224 0.9305374 0.7136015 0.8544063 0.7533014 0.8544063 0.7532067 0.8544062 0.6159624 0.8544062 0.6159624 0.9305376 0.5592073 0.9305376 0.6555675 0.9305376 0.6159624 0.9305376 0.6159624 0.8544062 0.7026015 0.9835135 0.7026015 0.9970669 0.7512747 0.9970669 0.7123225 0.8544062 0.6555675 0.8544062 0.6568469 0.8544063 0.5592074 0.9305376 0.6159624 0.9305376 0.6146833 0.9305376 0.01439929 0.4416323 0.01770269 0.4449971 0.01770269 0.4747884 0.6159624 0.9305376 0.6555675 0.9305376 0.6543356 0.9306796 0.6172415 0.9306795 0.6172415 0.9322903 0.6543356 0.9322903 0.5603918 0.9305376 0.6146833 0.9305376 0.6146833 0.9321956 0.7123224 0.9305374 0.6555674 0.9305374 0.6568468 0.9305374 0.7123225 0.9305375 0.6555675 0.9305375 0.6568468 0.9305375 0.7503148 0.5106456 0.7480841 0.5106456 0.7480841 0.511918 0.5571702 0.8544063 0.5592074 0.8544062 0.5204076 0.8544063 0.8720958 0.003350794 0.8876585 0.003350794 0.8878688 0.002130866 0.5204076 0.9305376 0.5195075 0.9305376 0.5195075 0.8544063 0.7123225 0.8544062 0.6555675 0.8544062 0.6568469 0.8544063 0.5195077 0.9305375 0.5195077 0.9321954 0.5571704 0.9321954 0.7136014 0.8544064 0.7123225 0.8544063 0.7532066 0.8544063 0.5204078 0.8544064 0.5204078 0.9305375 0.5592074 0.9305375 0.6172415 0.9306796 0.6543356 0.9306796 0.6543356 0.9322904 0.7123225 0.8544063 0.6555675 0.8544063 0.6555675 0.9305375 0.7123226 0.9305376 0.7123226 0.8544062 0.7532069 0.8544062 0.7532067 0.9305376 0.7123225 0.9305376 0.7123225 0.8544063 0.7123225 0.9305375 0.7123225 0.8544063 0.7532065 0.8544063 0.6568468 0.9305375 0.6568468 0.9321954 0.7111853 0.9321954 0.5204078 0.9305375 0.5204078 0.8544064 0.5195077 0.8544064 0.6172415 0.9306795 0.6172415 0.9322904 0.6543356 0.9322904 0.5204078 0.8544064 0.5592074 0.8544063 0.5571704 0.8544064 0.5603918 0.9305375 0.5603918 0.9321954 0.6146833 0.9321954 0.5571704 0.9305375 0.5592074 0.9305375 0.5204078 0.9305375 0.6568469 0.9305376 0.7111855 0.9305376 0.7111855 0.9321956 0.6159624 0.9305375 0.6172415 0.9306795 0.6543356 0.9306795 0.5195075 0.9305376 0.5571702 0.9305376 0.5571702 0.9321956 0.7136015 0.9305376 0.7123225 0.9305376 0.7532067 0.9305376 0.6146833 0.8544063 0.6159624 0.8544062 0.5592074 0.8544062 0.7136015 0.9321956 0.7136015 0.9305376 0.7533014 0.9305376 0.6812062 0.9835135 0.6812062 0.9970669 0.7026015 0.9970669 0.5571704 0.8544064 0.5592074 0.8544063 0.5204078 0.8544064 0.6159624 0.8544064 0.6159624 0.9305374 0.6555674 0.9305374 0.7123225 0.8544062 0.7123225 0.9305376 0.6555675 0.9305376 0.6572116 0.9577206 0.6419453 0.9577206 0.6419453 0.9822065 0.9043552 0.04227399 0.8567721 0.04227399 0.8567721 0.09020543 0.8720958 0.1257086 0.8718855 0.1268863 0.8878688 0.1268863 0.8876585 0.1257086 0.8878688 0.1268863 0.8985758 0.1206588 0.5571706 0.8544064 0.5571706 0.8527485 0.5195079 0.8527485 0.7123225 0.9305376 0.7123225 0.8544062 0.7532067 0.8544062 0.7532067 0.8544062 0.7532067 0.9305376 0.7123225 0.9305376 0.8548924 0.04053324 0.8560703 0.04053324 0.8560703 0.01937627 0.9048622 0.08852589 0.903684 0.08852589 0.903684 0.109641 0.6568469 0.9305376 0.6555675 0.9305376 0.7123225 0.9305376 0.5571704 0.8544063 0.5195075 0.8544063 0.5195075 0.8527483 0.6812059 0.9835135 0.6812059 0.9970669 0.7026015 0.9970669 0.6159624 0.8544063 0.6555675 0.8544063 0.6543356 0.8545485 0.7136012 0.8544064 0.7123224 0.8544064 0.7532065 0.8544064 0.5592074 0.9305376 0.6159624 0.9305376 0.6146833 0.9305376 0.8714703 0.5297251 0.916655 0.5297251 0.916655 0.5297251 1.8623e-4 0.7278724 1.86111e-4 0.6890726 0.07631748 0.6890726 0.6159624 0.8544064 0.6555674 0.8544064 0.6543356 0.8545486 0.5204076 0.9305376 0.5195075 0.9305376 0.5195075 0.8544063 0.7136015 0.9305376 0.7123225 0.9305376 0.7532067 0.9305376 0.6412703 0.9835135 0.6412703 0.9970669 0.6570399 0.9970669 0.7123226 0.8544062 0.6555675 0.8544062 0.6555675 0.9305376 0.6159624 0.9305376 0.6555675 0.9305376 0.6543356 0.9306796 0.6412707 0.9835135 0.6412707 0.9970669 0.6570402 0.9970669 0.5592077 0.9305374 0.6159624 0.9305374 0.6159624 0.8544064 0.6790388 0.9577206 0.6572116 0.9577206 0.6572116 0.9822065 0.6568468 0.9305374 0.6568468 0.9321954 0.7111853 0.9321954 0.7469218 0.9822065 0.768706 0.9822065 0.768706 0.9577206 0.5592077 0.8544064 0.5592077 0.9305374 0.6159624 0.9305374 0.6555675 0.8544062 0.6159624 0.8544062 0.6159624 0.9305376 0.6146833 0.8544063 0.6159624 0.8544062 0.5592074 0.8544062 0.7123224 0.8544064 0.7111853 0.8544064 0.6568468 0.8544064 0.7726678 0.9835137 0.7726678 0.9970666 0.784484 0.9970666 0.5571706 0.9305374 0.5592077 0.9305374 0.520408 0.9305374 0.7469221 0.9822065 0.7469221 0.9577206 0.7341488 0.9577206 0.8876585 0.1257086 0.8720958 0.1257086 0.8718855 0.1268865 0.641273 0.9835137 0.641273 0.9970666 0.6570421 0.9970666 0.6913364 0.9577206 0.6913364 0.9822065 0.7048112 0.9822065 0.5592077 0.9305374 0.5603919 0.9305374 0.6146834 0.9305374 0.7687065 0.9822065 0.7840155 0.9822065 0.7840155 0.9577206 0.6159624 0.9305374 0.6172415 0.9306795 0.6543356 0.9306795 0.7512747 0.9835135 0.7512747 0.9970669 0.7726701 0.9970669 0.9027235 0.8813049 0.8573234 0.8813058 0.857326 0.8588511 0.8700011 0.6672887 0.8699985 0.6434844 0.9181267 0.6434855 0.7111855 0.8544063 0.6568468 0.8544063 0.6568468 0.8527483 0.6568468 0.9305376 0.6555675 0.9305376 0.7123225 0.9305376 0.6543356 0.8545485 0.6555675 0.8544062 0.6159624 0.8544062 0.5204078 0.8544064 0.5592074 0.8544063 0.5592074 0.9305375 0.6543356 0.8545485 0.6543356 0.8528903 0.6172415 0.8528903 0.6568469 0.9305376 0.7111855 0.9305376 0.7111855 0.9321956 0.7111855 0.8544063 0.6568469 0.8544063 0.6568469 0.8527482 0.5592074 0.8544063 0.6159624 0.8544063 0.6159624 0.9305375 0.7533014 0.8544063 0.7136015 0.8544063 0.7136015 0.8527482 0.7136015 0.8544063 0.7123226 0.8544062 0.7532069 0.8544062 0.5204076 0.9305376 0.5195075 0.9305376 0.5195075 0.8544063 0.5195075 0.9305376 0.5571702 0.9305376 0.5571702 0.9321956 0.5592074 0.9305375 0.6159624 0.9305375 0.6159624 0.8544063 0.6568469 0.9305376 0.6555675 0.9305376 0.7123225 0.9305376 0.7512744 0.9835135 0.7512744 0.9970669 0.7726699 0.9970669 0.6172415 0.9306796 0.6543356 0.9306796 0.6543356 0.9322904 0.6159624 0.8544063 0.6159624 0.9305375 0.6555675 0.9305375 0.6159624 0.9305376 0.6172415 0.9306796 0.6543356 0.9306796 0.6159624 0.8544064 0.6159624 0.9305374 0.6555674 0.9305374 0.7532069 0.8544062 0.7123226 0.8544062 0.7123226 0.9305376 0.7111855 0.8544063 0.7111855 0.8527482 0.6568469 0.8527482 0.9659435 0.3746424 0.9714592 0.3746424 0.9714592 0.3068588 0.7532066 0.9305375 0.7123225 0.9305375 0.7136014 0.9305375 0.752556 0.5106456 0.7503148 0.5106456 0.7503148 0.511918 0.7547968 0.5106456 0.752556 0.5106456 0.752556 0.511918 0.5592073 0.9305376 0.5603918 0.9305376 0.6146833 0.9305376 0.5592074 0.8544062 0.6159624 0.8544062 0.6159624 0.9305376 0.6159624 0.9305376 0.5592074 0.9305376 0.5592074 0.8544062 0.6159624 0.8544064 0.6555674 0.8544064 0.6543356 0.8545486 0.7123225 0.8544063 0.6555675 0.8544063 0.6568468 0.8544063 0.7123225 0.9305375 0.6555675 0.9305375 0.6555675 0.8544063 0.5592073 0.8544062 0.5592073 0.9305376 0.6159624 0.9305376 0.7136015 0.8544063 0.7533014 0.8544063 0.7532067 0.8544063 0.7533014 0.8544063 0.7136015 0.8544063 0.7136015 0.8527483 0.7136015 0.9305376 0.7123225 0.9305376 0.7532067 0.9305376 0.5571704 0.9305376 0.5195075 0.9305376 0.5204076 0.9305376 0.5571704 0.8544063 0.5592074 0.8544063 0.5204076 0.8544063 0.5204076 0.9305376 0.5195075 0.9305376 0.5195075 0.8544063 0.6159624 0.9305374 0.6555674 0.9305374 0.6555674 0.8544064 0.6543356 0.8545485 0.6555675 0.8544063 0.6159624 0.8544063 0.8876585 0.003349781 0.8878688 0.002129793 0.8718855 0.002129793 0.7123224 0.9305374 0.7532065 0.9305374 0.7532065 0.8544064 0.7123224 0.8544064 0.6555674 0.8544064 0.6555674 0.9305374 0.7123224 0.8544064 0.7111853 0.8544064 0.6568468 0.8544064 0.6159624 0.9305375 0.6555675 0.9305375 0.6543356 0.9306795 0.6412703 0.9835135 0.6412703 0.9970669 0.6570399 0.9970669 0.2128812 0.9877727 0.2128819 0.9853562 0.2487887 0.9853672 0.8876585 0.003349781 0.8980774 0.009585797 0.8989608 0.00873965 0.7533013 0.8527485 0.7533013 0.8544064 0.7136012 0.8544064 0.7211066 0.9577206 0.7048112 0.9577206 0.7048112 0.9822065 0.7211066 0.9577206 0.7048112 0.9577206 0.7048112 0.9822065 0.5592077 0.8544064 0.6159624 0.8544064 0.6146834 0.8544064 0.7026019 0.9835137 0.7026019 0.9970666 0.7512732 0.9970666 0.6159624 0.8544063 0.6555675 0.8544063 0.6555675 0.9305376 0.6568468 0.9305375 0.6555675 0.9305375 0.7123225 0.9305375 0.6159624 0.9305376 0.6159624 0.8544062 0.6555675 0.8544062 0.7136012 0.9305375 0.7123225 0.9305375 0.7532065 0.9305375 0.5204078 0.9305374 0.5204078 0.8544064 0.5195078 0.8544064 0.7123224 0.8544064 0.6555674 0.8544064 0.6555674 0.9305374 0.7026015 0.9835135 0.7026015 0.9970669 0.7512747 0.9970669 0.7123225 0.8544062 0.7123225 0.9305376 0.6555675 0.9305376 0.9036847 0.01937544 0.9036847 0.04053294 0.9048622 0.04053294 0.5204076 0.8544063 0.5592073 0.8544062 0.5592073 0.9305376 0.7111853 0.8544064 0.7111853 0.8527483 0.6568468 0.8527483 0.6543356 0.8545486 0.6543356 0.8528904 0.6172415 0.8528904 0.753301 0.8544064 0.753301 0.8527485 0.7136012 0.8527485 0.7111853 0.8544064 0.7111853 0.8527485 0.6568468 0.8527485 0.7704299 0.5074451 0.7729774 0.5100331 0.7704031 0.5110764 0.5592077 0.8544064 0.5592077 0.9305374 0.6159624 0.9305374 0.5204078 0.9305375 0.5195078 0.9305375 0.5195078 0.8544064 0.7123224 0.9305374 0.7532065 0.9305374 0.7532065 0.8544064 0.5571704 0.9305375 0.5195078 0.9305375 0.5204078 0.9305375 0.5603918 0.9305376 0.6146833 0.9305376 0.6146833 0.9321956 0.7533013 0.8544064 0.7533013 0.8527483 0.7136014 0.8527483 0.7123225 0.9305375 0.7532066 0.9305375 0.7532066 0.8544063 0.6568468 0.9305374 0.6568468 0.9321954 0.7111853 0.9321954 0.7532065 0.8544064 0.7123224 0.8544064 0.7123224 0.9305374 0.6543356 0.8545486 0.6543356 0.8528903 0.6172415 0.8528903 0.6172415 0.9306795 0.6543356 0.9306795 0.6543356 0.9322903 0.8895975 0.8322257 0.8729783 0.8322315 0.8729771 0.8283718 0.6572118 0.9577206 0.6419456 0.9577206 0.6419456 0.9822065 0.6159624 0.8544064 0.6555674 0.8544064 0.6543356 0.8545486 0.5571705 0.8544064 0.5571705 0.8527485 0.5195078 0.8527485 0.8527457 0.836201 0.8895973 0.836207 0.8895971 0.8400677 0.01439929 0.6083908 0.01770269 0.6050267 0.02749067 0.6050267 0.6146833 0.8544063 0.5603918 0.8544063 0.5603918 0.8527483 0.7111855 0.8544063 0.6568469 0.8544063 0.6568469 0.8527483 0.7533014 0.8527483 0.7533014 0.8544063 0.7136015 0.8544063 0.7111853 0.8544064 0.7111853 0.8527485 0.6568468 0.8527485 0.5204078 0.8544064 0.5592077 0.8544064 0.5571705 0.8544064 0.7516851 0.5081671 0.74864 0.5081671 0.74864 0.5057631 0.6790391 0.9577206 0.657212 0.9577206 0.657212 0.9822065 0.7699655 0.5121666 0.7726036 0.5121939 0.7727938 0.5126562 0.7698434 0.5053141 0.7700333 0.5057899 0.7681438 0.507639 0.4374046 0.350542 0.4612992 0.350542 0.4612992 0.2708535 0.7602936 0.5103387 0.7575311 0.5103387 0.7575311 0.508445 0.7727938 0.5126562 0.7726036 0.5121939 0.7744932 0.5103448 0.4875552 0.2708535 0.4636 0.2708535 0.4636 0.350542 0.7681168 0.5102767 0.7699655 0.5121666 0.7697753 0.5126289 0.5592074 0.9305375 0.6159624 0.9305375 0.6146834 0.9305375 0.5603919 0.9305375 0.6146834 0.9305375 0.6146834 0.9321954 0.3384962 0.9877953 0.3384957 0.9853811 0.3743722 0.9853689 0.3743729 0.9877842 0.3743722 0.9853689 0.4102749 0.9853566 0.2846891 0.987798 0.2487878 0.9877837 0.2487887 0.9853672 0.6543356 0.8545485 0.6555675 0.8544063 0.6159624 0.8544063 0.836124 0.8362005 0.8527457 0.836201 0.8527453 0.8400616 0.7111855 0.8544063 0.6568469 0.8544063 0.6568469 0.8527483 0.8195069 0.8322404 0.7826475 0.8322274 0.7826487 0.8283661 0.02749067 0.4449971 0.01770269 0.4449971 0.01439929 0.4416323 0.01770269 0.5751738 0.01770269 0.6050267 0.01439929 0.6083908 0.6543356 0.8545485 0.6172415 0.8545485 0.6172415 0.8528903 0.02749067 0.5182212 0.02749067 0.4883685 0.030855 0.4850042 0.7533014 0.8527483 0.7533014 0.8544063 0.7136015 0.8544063 0.7136012 0.9305374 0.7136012 0.9321954 0.753301 0.9321954 0.8527403 0.8440229 0.8895968 0.8440216 0.8895971 0.8478826 0.7826477 0.8440217 0.7992674 0.8440226 0.7992674 0.8478826 0.8361173 0.8440238 0.8527403 0.8440229 0.8527405 0.8478839 0.6146834 0.8544064 0.6146834 0.8527485 0.5603919 0.8527485 0.7123224 0.9305374 0.6555674 0.9305374 0.6568468 0.9305374 0.7136012 0.8544064 0.7123224 0.8544064 0.7532065 0.8544064 0.7123224 0.8544064 0.7111853 0.8544064 0.6568468 0.8544064 0.6159624 0.9305374 0.6172415 0.9306795 0.6543356 0.9306795 0.7615196 0.511918 0.7615196 0.5106456 0.7592786 0.5106456 0.5571702 0.9305376 0.5592073 0.9305376 0.5204076 0.9305376 0.9971055 0.2733331 0.9816448 0.2782771 0.9816448 0.4885696 0.7592786 0.511918 0.7592786 0.5106456 0.7570378 0.5106456 0.7701942 0.5115506 0.7703567 0.5111711 0.772065 0.5111846 0.6146833 0.8544063 0.6146833 0.8527482 0.5603918 0.8527482 0.09278714 0.9875676 0.0873785 0.9875674 0.08737826 0.9750468 0.5603918 0.9305376 0.5603918 0.9321956 0.6146833 0.9321956 0.6172415 0.9306795 0.6172415 0.9322903 0.6543356 0.9322903 0.7532065 0.9305374 0.7123224 0.9305374 0.7136012 0.9305374 0.5603919 0.9305374 0.5603919 0.9321954 0.6146834 0.9321954 0.5603919 0.9305374 0.5603919 0.9321954 0.6146834 0.9321954 0.7136015 0.9305376 0.7533014 0.9305376 0.7533014 0.9321956 0.6172415 0.9306796 0.6543356 0.9306796 0.6543356 0.9322904 0.768706 0.9822065 0.7840152 0.9822065 0.7840152 0.9577206 0.7469218 0.9822065 0.768706 0.9822065 0.768706 0.9577206 0.657212 0.9577206 0.6419458 0.9577206 0.6419458 0.9822065 0.02749067 0.4747884 0.02749067 0.4449971 0.030855 0.4416323 0.5571705 0.9305374 0.5592077 0.9305374 0.5204078 0.9305374 0.7722278 0.5115778 0.772065 0.5111846 0.7732849 0.5099917 0.7732849 0.5099917 0.7733119 0.5082837 0.7736918 0.5081211 0.6172415 0.9306795 0.6172415 0.9322903 0.6543356 0.9322903 0.4875552 0.2708535 0.4636 0.2708535 0.4636 0.350542 0.7136012 0.9305374 0.7136012 0.9321954 0.753301 0.9321954 0.955739 0.4885696 0.9816448 0.4885696 0.9714404 0.3903777 0.6543356 0.8545485 0.6172415 0.8545485 0.6172415 0.8528903 0.6543356 0.8545486 0.6543356 0.8528903 0.6172415 0.8528903 0.6146833 0.8544063 0.5603918 0.8544063 0.5603918 0.8527483 0.6146834 0.8544064 0.6146834 0.8527485 0.5603919 0.8527485 0.9063406 0.9963685 0.9063411 0.9903403 0.9466732 0.9903435 0.9466729 0.9963718 0.9466732 0.9903435 0.9493905 0.9903437 0.6555675 0.8544062 0.7123226 0.8544062 0.7123226 0.9305376 0.6555675 0.8544063 0.7123225 0.8544063 0.7123225 0.9305376 0.6159624 0.8544063 0.6159624 0.9305376 0.5592074 0.9305376 0.6555675 0.9305375 0.6159624 0.9305375 0.6159624 0.8544063 0.7816618 0.9519206 0.7816618 0.916613 0.8194914 0.8813049 0.5043542 0.914067 0.5043542 0.9093698 0.4255092 0.9093698 0.998336 0.5686264 0.998336 0.606056 0.9582323 0.6434855 0.7897904 0.5686264 0.8298931 0.531197 0.8298931 0.6434855 0.8587136 0.9914886 0.8587117 0.9886171 0.9013352 0.9886171 0.8714722 0.5266809 0.8769485 0.5206369 0.8769485 0.5206369 0.8714703 0.5297251 0.8714722 0.5266809 0.8769485 0.5206369 0.9877061 0.9963649 0.987705 0.9903372 0.9954704 0.9903357 0.9954716 0.9963635 0.9954704 0.9903357 0.9981875 0.9903351 0.9571568 0.996371 0.9493904 0.9963719 0.9493905 0.9903437 0.9571568 0.996371 0.9571558 0.9903433 0.987705 0.9903372 0.8638794 0.9971901 0.8636031 0.9985791 0.857326 0.991723 0.8700011 0.5264326 0.8714722 0.5266809 0.8714703 0.5297251 0.9166532 0.5266809 0.9111768 0.5206369 0.9111768 0.5206369 0.916655 0.5297251 0.9166532 0.5266809 0.9166532 0.5266809 0.8587136 0.9914886 0.9013335 0.9914886 0.8961675 0.9971901 0.9111768 0.5206369 0.8769485 0.5206369 0.8769485 0.5206369 0.8769485 0.5206369 0.9111768 0.5206369 0.9166532 0.5266809 0.8714703 0.5297251 0.8745967 0.5258246 0.9166532 0.5266809 0.504077 0.8650453 0.4255092 0.8648337 0.4255092 0.8990831 0.5043542 0.8990831 0.5043542 0.8648337 0.504077 0.8650453 0.8961675 0.9971901 0.9013335 0.9914886 0.9027218 0.991723 0.5043542 0.9093698 0.5043543 0.8992952 0.4255092 0.8990831 0.7136015 0.9321956 0.7136015 0.9305376 0.7533014 0.9305376 0.9181267 0.531197 0.9181267 0.6434855 0.8699985 0.6434844 0.8587117 0.9886171 0.8587136 0.9914886 0.857326 0.991723 0.9181267 0.531197 0.9582323 0.531197 0.9582323 0.6434855 0.9111768 0.5206369 0.8769485 0.5206369 0.8766556 0.5191657 0.4255092 0.8544874 0.4255092 0.8648337 0.504077 0.8650453 0.918125 0.5264326 0.9181267 0.531197 0.916655 0.5297251 0.5043542 0.9093698 0.4255092 0.9093698 0.4255092 0.914067 0.918125 0.5264326 0.9166532 0.5266809 0.9111768 0.5206369 0.8769485 0.5206369 0.8714722 0.5266809 0.8700011 0.5264326 0.7136014 0.9305375 0.7136014 0.9321954 0.7533013 0.9321954 0.4255092 0.8544874 0.5043543 0.8544874 0.5043543 0.8498495 0.5043542 0.9093698 0.5043543 0.8992952 0.4255092 0.8990831 0.4255092 0.8544874 0.4255092 0.8648337 0.504077 0.8650453 0.504077 0.8650453 0.4255092 0.8648337 0.4255092 0.8990831 0.504077 0.8650453 0.4255092 0.8990831 0.5043542 0.8990831 0.5043542 0.9093698 0.4255092 0.9093698 0.4255092 0.914067 0.4255092 0.8648337 0.4255092 0.8990831 0.5043542 0.8990831 0.5043542 0.8648337 0.504077 0.8650453 0.4255092 0.8648337 0.4255092 0.8544874 0.4255092 0.8648337 0.504077 0.8650453 0.5043542 0.9093698 0.5043543 0.8992952 0.4255092 0.8990831 0.5043542 0.9093698 0.4255092 0.9093698 0.4255092 0.914067 0.8298931 0.531197 0.8699985 0.531197 0.8699985 0.6434844 0.4255092 0.8544874 0.5043543 0.8544874 0.5043543 0.8498495 0.5043542 0.9093698 0.5043543 0.8992952 0.4255092 0.8990831 0.504077 0.8650453 0.4255092 0.8648337 0.4255092 0.8990831 0.504077 0.8650453 0.4255092 0.8990831 0.5043542 0.8990831 0.4255092 0.8544874 0.5043543 0.8544874 0.5043543 0.8498495 0.5043542 0.9093698 0.5043543 0.8992952 0.4255092 0.8990831 0.4255092 0.8544874 0.4255092 0.8648337 0.504077 0.8650453 0.504077 0.8650453 0.4255092 0.8648337 0.4255092 0.8990831 0.504077 0.8650453 0.4255092 0.8990831 0.5043542 0.8990831 0.5043542 0.9093698 0.4255092 0.9093698 0.4255092 0.914067 0.4255092 0.8544874 0.5043543 0.8544874 0.5043543 0.8498495 0.4255092 0.8648337 0.504077 0.8650453 0.5043543 0.8544874 0.7533014 0.8544063 0.7533014 0.8527482 0.7136015 0.8527482 0.9027235 0.8813049 0.9405558 0.8813058 0.9405558 0.9872287 0.8573234 0.8813058 0.8573234 0.9872287 0.8194914 0.9872287 0.8573234 0.9872287 0.8573234 0.8813058 0.9027235 0.8813049 0.9027218 0.991723 0.9013335 0.9914886 0.9013352 0.9886171 0.4255092 0.8544874 0.5043543 0.8544874 0.5043543 0.8498495 0.7469221 0.9822065 0.7469221 0.9577206 0.7337118 0.9577206 0.7337118 0.9822065 0.7337118 0.9577206 0.7211066 0.9577206 0.903684 0.01937627 0.9048622 0.01912385 0.8984053 0.008188903 0.8876585 0.003350794 0.8975556 0.009061396 0.8984053 0.008188903 0.8720958 0.003350794 0.8718855 0.002130866 0.8609638 0.008593916 0.6693674 0.9835135 0.6693674 0.9970669 0.6812059 0.9970669 0.6916201 0.9577206 0.6916201 0.9822065 0.7048112 0.9822065 0.6570399 0.9835135 0.6570399 0.9970669 0.6693674 0.9970669 0.7726699 0.9835135 0.7726699 0.9970669 0.7850576 0.9970669 0.6519986 0.9835136 0.6519986 0.9970669 0.6412703 0.9970669 0.8560703 0.01937627 0.8618155 0.009447216 0.8609638 0.008593916 0.6919612 0.9577206 0.6919612 0.9822065 0.7048112 0.9822065 0.7726701 0.9835135 0.7726701 0.9970669 0.7849715 0.9970669 0.903684 0.109641 0.8977157 0.1198154 0.8985758 0.1206588 0.6690481 0.9835135 0.6690481 0.9970669 0.6812062 0.9970669 0.7338039 0.9822065 0.7338039 0.9577206 0.7211066 0.9577206 0.6570402 0.9835135 0.6570402 0.9970669 0.6690481 0.9970669 0.7469218 0.9822065 0.7469218 0.9577206 0.7338039 0.9577206 0.6790391 0.9577206 0.6790391 0.9822065 0.6919612 0.9822065 0.8560703 0.109641 0.8548924 0.1098933 0.8613052 0.1207645 0.6523525 0.9835135 0.6523525 0.9970669 0.6412707 0.9970669 0.7469218 0.9822065 0.7469218 0.9577206 0.7330272 0.9577206 0.6919469 0.9577206 0.6919469 0.9822065 0.7048112 0.9822065 0.6790391 0.9577206 0.6790391 0.9822065 0.6919469 0.9822065 0.6570399 0.9835135 0.6570399 0.9970669 0.6690613 0.9970669 0.6690613 0.9835135 0.6690613 0.9970669 0.6812059 0.9970669 0.8720955 0.1257095 0.8626458 0.1204241 0.8618417 0.1213021 0.9036847 0.01937544 0.9048622 0.01912313 0.8989608 0.00873965 0.8876585 0.1257095 0.8878688 0.1268872 0.8985862 0.1206497 0.6516845 0.9835135 0.6516845 0.9970669 0.6412703 0.9970669 0.8560699 0.01937544 0.8625218 0.008734464 0.8617106 0.007846057 0.7726701 0.9835135 0.7726701 0.9970669 0.7843102 0.9970669 0.6683547 0.9835135 0.6683547 0.9970669 0.6812062 0.9970669 0.8720955 0.003349781 0.8718855 0.002129793 0.8617106 0.007846057 0.7469218 0.9822065 0.7469218 0.9577206 0.7345096 0.9577206 0.8560699 0.1096417 0.854892 0.1098937 0.8618417 0.1213021 0.7726699 0.9835135 0.7726699 0.9970669 0.785699 0.9970669 0.6529611 0.9835135 0.6529612 0.9970667 0.6412707 0.9970669 0.692701 0.9577206 0.692701 0.9822065 0.7048112 0.9822065 0.8560703 0.01937603 0.8616299 0.009633779 0.8607677 0.008790016 0.7341488 0.9822065 0.7341488 0.9577206 0.7211066 0.9577206 0.8720958 0.1257086 0.8618 0.1195772 0.8609475 0.1204069 0.8560703 0.109641 0.8548924 0.1098935 0.8609475 0.1204069 0.7343214 0.9822065 0.7343214 0.9577206 0.7211066 0.9577206 0.6696348 0.9835137 0.6696348 0.9970666 0.6812071 0.9970666 0.6790388 0.9577206 0.6790388 0.9822065 0.6913364 0.9822065 0.7726681 0.9835137 0.7726681 0.9970666 0.7846458 0.9970666 0.6528006 0.9835137 0.6528006 0.9970666 0.6412727 0.9970666 0.7469218 0.9822065 0.7469218 0.9577206 0.7343214 0.9577206 0.8876585 0.1257086 0.8878688 0.1268865 0.8986578 0.1205776 0.6526519 0.9835139 0.6526518 0.9970666 0.641273 0.9970666 0.6570419 0.9835137 0.6570419 0.9970666 0.6691596 0.9970666 0.903684 0.01937603 0.9048622 0.01912385 0.8987095 0.00849092 0.6691596 0.9835137 0.6691596 0.9970666 0.6812071 0.9970666 0.6790391 0.9577206 0.6790391 0.9822065 0.6918435 0.9822065 0.8876585 0.003350555 0.8978412 0.009348869 0.8987095 0.00849092 0.6918435 0.9577206 0.6918435 0.9822065 0.7048112 0.9822065 0.903684 0.109641 0.8977927 0.1197386 0.8986578 0.1205776 0.9816448 0.2782771 0.9714404 0.3068588 0.9714404 0.3903777 0.955739 0.4885696 0.955739 0.2782771 0.9402788 0.2733401 0.947735 0.2458646 0.9632012 0.2409937 0.963201 0.01896739 0.02749067 0.6050267 0.01770269 0.6050267 0.01770269 0.5751738 0.01770269 0.4449971 0.02749067 0.4449971 0.02749067 0.4747884 0.7554292 0.5338281 0.7554292 0.5676413 0.7440074 0.5676413 0.07631748 0.7278724 0.07631748 0.6890726 1.8623e-4 0.6890726 0.5195078 0.8527485 0.5571705 0.8527485 0.5571705 0.8544064 0.6543356 0.9306796 0.6555675 0.9305376 0.6159624 0.9305376 0.5195075 0.8527483 0.5195075 0.8544063 0.5571704 0.8544063 0.03428053 0.5683836 0.03428053 0.5250117 0.03428053 0.5250117 0.9583229 0.2564842 0.9632012 0.2409937 0.9784209 0.2409937 0.9832988 0.003477275 0.9784209 0.01896739 0.963201 0.01896739 0.9938869 0.2458642 0.9784209 0.2409937 0.9784209 0.01896739 0.01091253 0.4815786 0.01091253 0.5250117 0.01091253 0.5250117 0.5571705 0.9321954 0.5195078 0.9321954 0.5195078 0.9305374 0.5204078 0.8544064 0.5195078 0.8544064 0.5571705 0.8544064 0.5592077 0.8544064 0.5603919 0.8544064 0.6146834 0.8544064 0.9036847 0.1096417 0.9048622 0.1098937 0.8985862 0.1206497 0.7111855 0.9321956 0.7111855 0.9305376 0.6568468 0.9305376 0.6572116 0.9822065 0.6572116 0.9577206 0.6790388 0.9577206 0.9043552 0.04227399 0.8567721 0.04227399 0.8728322 0.005132496 0.6570419 0.9970666 0.6412727 0.9970666 0.6412727 0.9835137 0.7726681 0.9970666 0.7512732 0.9970666 0.7512732 0.9835137 0.8567721 0.09020543 0.9043552 0.09020543 0.888345 0.1273471 0.7211066 0.9577206 0.7330272 0.9577206 0.7330272 0.9822065 0.7687064 0.9577206 0.7687064 0.9822065 0.7469218 0.9822065 0.7992674 0.8361543 0.8361173 0.8361555 0.8361173 0.832295 0.01091253 0.4381454 0.01091253 0.4381454 0.03428053 0.4381454 0.7533014 0.9321956 0.7136015 0.9321956 0.7136015 0.9305376 0.6543356 0.9322904 0.6172415 0.9322904 0.6172415 0.9306796 0.7570378 0.511918 0.7547968 0.511918 0.7547968 0.5106456 0.7111853 0.9321954 0.6568468 0.9321954 0.6568468 0.9305374 0.7992674 0.8361543 0.7992674 0.8322941 0.7826475 0.8322938 0.030855 0.5284372 0.03428053 0.5250117 0.01091253 0.5250117 0.8527401 0.8361539 0.8527396 0.8322932 0.8361173 0.832295 0.01091253 0.4381454 0.01091253 0.4815786 0.01091253 0.4815786 0.5195079 0.8544064 0.520408 0.8544064 0.520408 0.9305374 0.5571706 0.9321954 0.5195079 0.9321954 0.5195079 0.9305374 0.03428053 0.4815786 0.03428053 0.5250117 0.03428053 0.5250117 0.6568469 0.8544063 0.7111855 0.8544063 0.7123226 0.8544062 0.01091253 0.5250117 0.01091253 0.5683836 0.01091253 0.5683836 0.03428053 0.6552493 0.03428053 0.6118166 0.03428053 0.6118166 0.03428053 0.4381454 0.03428053 0.4815786 0.03428053 0.4815786 0.4612992 0.2708535 0.4612992 0.350542 0.4374046 0.350542 0.5571704 0.9321956 0.5571704 0.9305376 0.5195075 0.9305376 0.6146834 0.9321954 0.5603919 0.9321954 0.5603919 0.9305374 0.8607677 0.008790016 0.8718855 0.002130806 0.8720958 0.003350555 0.9043552 0.04227399 0.8567721 0.04227399 0.8728322 0.005132377 0.6419453 0.9822065 0.6419453 0.9577206 0.6572116 0.9577206 0.692701 0.9822065 0.6790388 0.9822065 0.6790388 0.9577206 0.7840155 0.9577206 0.7840155 0.9822065 0.7687064 0.9822065 0.8567721 0.09020543 0.8567721 0.04227399 0.9043552 0.04227399 0.6146833 0.9321956 0.6146833 0.9305376 0.5603918 0.9305376 0.01439929 0.5215245 0.030855 0.5215245 0.02749067 0.5182212 0.030855 0.6517627 0.030855 0.6152423 0.02749067 0.6186069 0.01439929 0.5215245 0.01770269 0.5182212 0.01770269 0.4883685 0.5195075 0.8527483 0.5195075 0.8544063 0.5571702 0.8544063 0.955739 0.2782771 0.9659435 0.3068588 0.9659435 0.3903777 0.9816448 0.2782771 0.9714404 0.3068588 0.9659435 0.3068588 0.9507957 0.2625802 0.9865888 0.2625806 0.9816448 0.2782771 0.5603918 0.8527483 0.5603918 0.8544063 0.6146833 0.8544063 0.8729771 0.8401141 0.8729774 0.8439745 0.889599 0.8439731 0.8729771 0.8283718 0.83613 0.8283822 0.8361305 0.8322426 0.8729771 0.8401141 0.8361242 0.8401162 0.8361242 0.8439768 0.8195024 0.8401157 0.8195021 0.8439764 0.8361242 0.8439768 0.7136012 0.8527485 0.753301 0.8527485 0.753301 0.8544064 0.819508 0.8283795 0.8195069 0.8322404 0.8361305 0.8322426 0.6172415 0.8528903 0.6543356 0.8528903 0.6543356 0.8545485 0.5195075 0.8527482 0.5571702 0.8527482 0.5571702 0.8544063 0.6172415 0.8545485 0.6543356 0.8545485 0.6555675 0.8544062 0.7458524 0.511918 0.7458524 0.5106456 0.7480841 0.5106456 0.5592073 0.9305376 0.5204076 0.9305376 0.5204076 0.8544063 0.7637606 0.511918 0.7615196 0.511918 0.7615196 0.5106456 0.01439929 0.6083908 0.01091253 0.6118166 0.03428053 0.6118166 0.7532069 0.9305376 0.7533014 0.9305376 0.7136015 0.9305376 0.01770269 0.6483981 0.02749067 0.6483981 0.02749067 0.6186069 0.01770269 0.561593 0.02749067 0.561593 0.02749067 0.531802 0.01439929 0.6152423 0.01770269 0.6186069 0.02749067 0.6186069 0.5571705 0.9321954 0.5195078 0.9321954 0.5195078 0.9305374 0.01439929 0.4781528 0.030855 0.4781528 0.02749067 0.4747884 0.8361242 0.8400611 0.836124 0.8362005 0.7992697 0.8362045 0.030855 0.5284372 0.02749067 0.531802 0.02749067 0.561593 0.030855 0.6083908 0.030855 0.5718091 0.02749067 0.5751738 0.01439929 0.5718091 0.01770269 0.5751738 0.02749067 0.5751738 0.7840155 0.9577206 0.7840155 0.9822065 0.7687065 0.9822065 0.8361173 0.847884 0.8361173 0.8440238 0.7992674 0.8440226 0.7826477 0.8401125 0.7826475 0.8439732 0.8195021 0.8439764 0.01439929 0.5284372 0.01770269 0.531802 0.02749067 0.531802 0.01439929 0.5284372 0.01439929 0.5649577 0.01770269 0.561593 0.7992702 0.8400652 0.7992697 0.8362045 0.7826475 0.8362069 0.01439929 0.5649577 0.030855 0.5649577 0.02749067 0.561593 0.8895973 0.8361486 0.8895971 0.8322876 0.8527396 0.8322932 0.01439929 0.5649577 0.01091253 0.5683836 0.03428053 0.5683836 0.030855 0.6083908 0.03428053 0.6118166 0.03428053 0.5683836 0.030855 0.6152423 0.03428053 0.6118166 0.01091253 0.6118166 0.01091253 0.5683836 0.01439929 0.5718091 0.030855 0.5718091 0.01439929 0.5718091 0.01091253 0.5683836 0.01091253 0.6118166 0.030855 0.6152423 0.030855 0.6517627 0.03428053 0.6552493 0.01439929 0.6152423 0.01091253 0.6118166 0.01091253 0.6552493 0.01091253 0.4815786 0.01439929 0.4850042 0.030855 0.4850042 0.01439929 0.4781528 0.01091253 0.4815786 0.03428053 0.4815786 0.030855 0.5284372 0.030855 0.5649577 0.03428053 0.5683836 0.01439929 0.5215245 0.01091253 0.5250117 0.03428053 0.5250117 0.01439929 0.4416323 0.01091253 0.4381454 0.01091253 0.4815786 0.030855 0.4416323 0.03428053 0.4381454 0.01091253 0.4381454 0.01439929 0.6517627 0.01091253 0.6552493 0.03428053 0.6552493 0.030855 0.4416323 0.030855 0.4781528 0.03428053 0.4815786 0.01439929 0.5284372 0.01091253 0.5250117 0.01091253 0.5683836 0.030855 0.5215245 0.03428053 0.5250117 0.03428053 0.4815786 0.01439929 0.5215245 0.01439929 0.4850042 0.01091253 0.4815786 0.9784209 0.2409937 0.9632012 0.2409937 0.963201 0.01896739 0.02749067 0.5182212 0.02749067 0.4883685 0.01770269 0.4883685 0.01091253 0.6552493 0.01091253 0.6118166 0.01091253 0.6118166 0.7726701 0.9970669 0.7512747 0.9970669 0.7512747 0.9835135 0.7440074 0.6352692 0.7440074 0.6014553 0.7407165 0.6025522 0.7111853 0.9321954 0.7111853 0.9305375 0.6568468 0.9305375 0.6172415 0.8528903 0.6172415 0.8545485 0.6543356 0.8545485 0.6568468 0.8544064 0.6555675 0.8544063 0.7123225 0.8544063 0.7026015 0.9970669 0.6812059 0.9970669 0.6812059 0.9835135 0.6568468 0.8527485 0.6568468 0.8544064 0.7111853 0.8544064 0.7554292 0.6014553 0.7440074 0.6014553 0.7440074 0.6352692 0.7554292 0.5676413 0.7440074 0.5676413 0.7440074 0.6014553 0.7554292 0.5338281 0.7554292 0.5676413 0.7587203 0.5665448 0.9048622 0.08852624 0.9048622 0.1098937 0.9036847 0.1096417 0.03428053 0.6552493 0.03428053 0.6552493 0.01091253 0.6552493 0.7512744 0.9970669 0.7026015 0.9970669 0.7026015 0.9835135 0.1769754 0.9853516 0.1769754 0.9877681 0.2128812 0.9877727 0.03428053 0.6118166 0.03428053 0.5683836 0.03428053 0.5683836 0.7726699 0.9970669 0.7512744 0.9970669 0.7512744 0.9835135 0.07631725 0.6890723 0.07631725 0.7278722 1.86349e-4 0.7278722 0.6146834 0.8544064 0.5603919 0.8544064 0.5592074 0.8544063 0.5195077 0.8527483 0.5571704 0.8527483 0.5571704 0.8544064 0.6146834 0.9305374 0.5603919 0.9305374 0.5592077 0.9305374 0.7026019 0.9970666 0.6812071 0.9970666 0.6812071 0.9835137 0.903684 0.01937603 0.9048622 0.01912385 0.9048622 0.04053324 0.01091253 0.6118166 0.01091253 0.5683836 0.01091253 0.5683836 0.7455817 0.5057497 0.7455817 0.5081671 0.74864 0.5081671 0.7492569 0.5084331 0.7464947 0.5084331 0.7464947 0.5103387 0.7547694 0.5084331 0.752007 0.5084331 0.752007 0.5103387 0.7749963 0.5075167 0.7728754 0.5053548 0.7726709 0.505817 0.7516986 0.5057631 0.7516851 0.5081671 0.7547436 0.5081804 0.7630555 0.5084331 0.7630555 0.5103387 0.7658175 0.5103387 0.5592077 0.9305374 0.5204078 0.9305374 0.5204078 0.8544064 0.7676544 0.5104672 0.7681168 0.5102767 0.7681438 0.507639 0.7464947 0.5084331 0.7437325 0.5084331 0.7437447 0.5103387 0.7547436 0.5057631 0.7547436 0.5081804 0.7578021 0.5081804 0.7547694 0.5084331 0.7547694 0.5103387 0.7575311 0.5103387 0.763906 0.5057631 0.7639188 0.5081671 0.766964 0.5081671 0.7702484 0.5066434 0.7703979 0.5070365 0.7721058 0.50705 0.7687981 0.5080668 0.7691776 0.508243 0.7703979 0.5070365 0.7722688 0.5066705 0.7721058 0.50705 0.7733119 0.5082837 0.7687711 0.5101002 0.7701942 0.5115506 0.7703567 0.5111711 0.7749556 0.5105351 0.7749963 0.5075167 0.7745207 0.507707 0.7425235 0.5057631 0.7425235 0.5081671 0.7455817 0.5081671 0.6172415 0.8528903 0.6172415 0.8545485 0.6543356 0.8545485 0.7602936 0.508445 0.7602936 0.5103387 0.7630555 0.5103387 0.7578021 0.5057631 0.7578021 0.5081804 0.7608602 0.5081804 0.7608602 0.5057631 0.7608602 0.5081804 0.7639188 0.5081671 0.01439929 0.4850042 0.01770269 0.4883685 0.02749067 0.4883685 0.09278714 0.9750468 0.09278714 0.9875676 0.1589823 0.9875676 0.1746091 0.9750468 0.1589823 0.9875676 0.1623645 0.9917886 0.5592077 0.8544064 0.5603919 0.8544064 0.6146834 0.8544064 0.752007 0.5084331 0.7492569 0.5084331 0.7492448 0.5103387 0.08737826 0.9750468 0.005557656 0.9750478 0.02118456 0.9875681 0.6146834 0.9305374 0.5603919 0.9305374 0.5592077 0.9305374 0.7698434 0.5053141 0.7700333 0.5057899 0.7726709 0.505817 0.7136015 0.9321956 0.7533014 0.9321956 0.7533014 0.9305376 0.5603918 0.8527482 0.5603918 0.8544063 0.6146833 0.8544063 0.7136015 0.9305376 0.7533014 0.9305376 0.7532069 0.9305376 0.6568469 0.8544063 0.6555675 0.8544062 0.7123226 0.8544062 0.5195075 0.8527482 0.5195075 0.8544063 0.5571702 0.8544063 0.6543356 0.8545485 0.6172415 0.8545485 0.6159624 0.8544062 0.6543356 0.9322904 0.6543356 0.9306796 0.6172415 0.9306796 0.6543356 0.9306796 0.6555675 0.9305376 0.6159624 0.9305376 0.5603919 0.8527485 0.6146834 0.8527485 0.6146834 0.8544064 0.7136015 0.8544063 0.7123226 0.8544062 0.7532069 0.8544062 0.4102749 0.9853566 0.4102756 0.9877735 0.4282324 0.9877688 0.7554292 0.6014553 0.7587203 0.6025522 0.7587203 0.5665448 0.854892 0.04053294 0.854892 0.01912313 0.8560699 0.01937544 0.7136012 0.8544064 0.7123225 0.8544063 0.7532065 0.8544063 0.7587203 0.5305367 0.7407165 0.5305372 0.7440074 0.5338281 0.6570402 0.9970669 0.6412707 0.9970669 0.6412707 0.9835135 0.7587203 0.6025522 0.7554292 0.6014553 0.7554292 0.6352692 0.5603919 0.8527485 0.5603919 0.8544064 0.6146834 0.8544064 0.8560699 0.1096417 0.854892 0.1098937 0.854892 0.08852624 0.7026015 0.9970669 0.6812062 0.9970669 0.6812062 0.9835135 0.2846906 0.9853821 0.2846891 0.987798 0.3026292 0.9878019 0.6572118 0.9822065 0.6572118 0.9577206 0.6790391 0.9577206 0.7687065 0.9577206 0.7687065 0.9822065 0.7469221 0.9822065 0.768706 0.9577206 0.768706 0.9822065 0.7469218 0.9822065 0.6696348 0.9970666 0.6570421 0.9970666 0.6570421 0.9835137 0.7026019 0.9970666 0.6812071 0.9970666 0.6812071 0.9835137 0.8548924 0.04053324 0.8548924 0.01912385 0.8560703 0.01937603 0.6572116 0.9822065 0.6572116 0.9577206 0.6790388 0.9577206 0.9048622 0.08852612 0.9048622 0.1098935 0.903684 0.109641 0.8718855 0.002130806 0.8878688 0.002130806 0.8876585 0.003350555 0.520408 0.8544064 0.5195079 0.8544064 0.5571706 0.8544064 0.8560703 0.109641 0.8548924 0.1098935 0.8548924 0.08852612 0.07631725 0.6890723 0.07631725 0.727872 1.86349e-4 0.727872 0.7407165 0.5665448 0.7407165 0.6025522 0.7440074 0.6014553 0.7587203 0.6385594 0.7554292 0.6352692 0.7440074 0.6352692 0.7407165 0.5665448 0.7440074 0.5676413 0.7440074 0.5338281 0.8876585 0.1257095 0.8878688 0.1268872 0.8718855 0.1268872 0.5571705 0.9305374 0.5195078 0.9305374 0.5204078 0.9305374 0.6683547 0.9970669 0.6570402 0.9970669 0.6570402 0.9835135 0.3026292 0.9878019 0.3384962 0.9877953 0.3384957 0.9853811 0.6146833 0.8544063 0.5603918 0.8544063 0.5592074 0.8544063 0.5571702 0.8544063 0.5195075 0.8544063 0.5204076 0.8544063 0.6543356 0.9306795 0.6172415 0.9306795 0.6159624 0.9305374 0.6568468 0.8527485 0.7111853 0.8527485 0.7111853 0.8544064 0.7123224 0.9305374 0.7111853 0.9305374 0.6568468 0.9305374 0.5195078 0.8544064 0.5204078 0.8544064 0.5204078 0.9305374 0.01439929 0.6517627 0.030855 0.6517627 0.02749067 0.6483981 0.01439929 0.6517627 0.01770269 0.6483981 0.01770269 0.6186069 0.9507957 0.5042661 0.955739 0.4885696 0.9816448 0.4885696 0.7687981 0.5080668 0.7687711 0.5101002 0.7691639 0.5099511 0.7123226 0.9305376 0.7111855 0.9305376 0.6568469 0.9305376 0.5571702 0.9321956 0.5195075 0.9321956 0.5195075 0.9305376 0.5592073 0.8544062 0.5603918 0.8544063 0.6146833 0.8544063 0.5204076 0.8544063 0.5195075 0.8544063 0.5571702 0.8544063 0.8720958 0.1257086 0.8718855 0.1268863 0.8613052 0.1207645 0.7136015 0.8544063 0.7123225 0.8544062 0.7532067 0.8544062 0.7136012 0.8527485 0.753301 0.8527485 0.753301 0.8544064 0.5195078 0.8527485 0.5195078 0.8544064 0.5571704 0.8544064 0.6146833 0.9305376 0.6159624 0.9305376 0.5592074 0.9305376 0.7136012 0.9321954 0.7533013 0.9321954 0.7533013 0.9305375 0.5571702 0.9305376 0.5592073 0.9305376 0.5204076 0.9305376 0.7136012 0.8544064 0.753301 0.8544064 0.7532065 0.8544064 0.7532065 0.9305374 0.753301 0.9305374 0.7136012 0.9305374 0.6146833 0.8544063 0.5603918 0.8544063 0.5592073 0.8544062 0.5571704 0.9321954 0.5571704 0.9305375 0.5195078 0.9305375 0.6916201 0.9822065 0.6790388 0.9822065 0.6790388 0.9577206 0.7111855 0.9321956 0.7111855 0.9305376 0.6568469 0.9305376 0.8567721 0.09020543 0.9043552 0.09020543 0.888345 0.1273471 0.6146833 0.9305375 0.5603918 0.9305375 0.5592074 0.9305375 0.6419453 0.9822065 0.6419453 0.9577206 0.6572116 0.9577206 0.7048112 0.9822065 0.7048112 0.9577206 0.7211066 0.9577206 0.6568468 0.8544064 0.7111853 0.8544064 0.7123225 0.8544063 0.7048112 0.9822065 0.7048112 0.9577206 0.7211066 0.9577206 0.7726678 0.9970666 0.751273 0.9970666 0.751273 0.9835137 0.9043552 0.04227399 0.8567721 0.04227399 0.8728322 0.005132377 0.6419456 0.9822065 0.6419456 0.9577206 0.6572118 0.9577206 0.7211066 0.9577206 0.7345096 0.9577206 0.7345096 0.9822065 0.751273 0.9970666 0.7026019 0.9970666 0.7026019 0.9835137 0.7840152 0.9577206 0.7840152 0.9822065 0.768706 0.9822065 0.7048112 0.9822065 0.7048112 0.9577206 0.7211066 0.9577206 0.8567721 0.09020543 0.8567721 0.04227399 0.9043552 0.04227399 0.7840152 0.9577206 0.7840152 0.9822065 0.768706 0.9822065 0.6572118 0.9822065 0.6572118 0.9577206 0.6790391 0.9577206 0.5571704 0.9305376 0.5592074 0.9305376 0.5204076 0.9305376 0.5571704 0.8544063 0.5195075 0.8544063 0.5204076 0.8544063 0.9783861 0.9519206 0.9783861 0.916613 0.9405558 0.8813058 0.8567721 0.09020543 0.9043552 0.09020543 0.888345 0.1273471 0.7512744 0.9970669 0.7026015 0.9970669 0.7026015 0.9835135 0.5571702 0.9305376 0.5592074 0.9305376 0.5204076 0.9305376 0.8638794 0.9971901 0.8636031 0.9985774 0.8964438 0.9985774 0.8560703 0.109641 0.8548924 0.1098933 0.8548924 0.08852589 0.903684 0.01937627 0.9048622 0.01912385 0.9048622 0.04053324 0.6543356 0.8545485 0.6172415 0.8545485 0.6159624 0.8544062 0.6146833 0.9321956 0.6146833 0.9305376 0.5603918 0.9305376 0.5571704 0.9321956 0.5571704 0.9305376 0.5195075 0.9305376 0.7687065 0.9577206 0.7687065 0.9822065 0.7469221 0.9822065 0.5603918 0.8527483 0.6146833 0.8527483 0.6146833 0.8544064 0.6146833 0.9305376 0.6159624 0.9305376 0.5592073 0.9305376 0.7111855 0.9321956 0.6568469 0.9321956 0.6568469 0.9305376 0.7532065 0.9305374 0.753301 0.9305374 0.7136012 0.9305374 0.6172415 0.8528903 0.6172415 0.8545485 0.6543356 0.8545485 0.6568469 0.9305376 0.7111855 0.9305376 0.7123226 0.9305376 0.7048112 0.9822065 0.7048112 0.9577206 0.7211066 0.9577206 0.753301 0.9321954 0.7136012 0.9321954 0.7136012 0.9305374 0.6159624 0.9305376 0.6555675 0.9305376 0.6555675 0.8544062 0.5592074 0.9305376 0.5592074 0.8544062 0.5204076 0.8544063 0.5592074 0.8544063 0.5603918 0.8544064 0.6146833 0.8544064 0.7123224 0.9305374 0.6555674 0.9305374 0.6555674 0.8544064 0.7136015 0.8544063 0.7123225 0.8544062 0.7532067 0.8544062 0.6159624 0.8544062 0.5592073 0.8544062 0.5592073 0.9305376 0.6159624 0.8544062 0.6159624 0.9305376 0.6555675 0.9305376 0.7512747 0.9970669 0.7026015 0.9970669 0.7026015 0.9835135 0.6568469 0.8544063 0.6555675 0.8544062 0.7123225 0.8544062 0.6146833 0.9305376 0.6159624 0.9305376 0.5592074 0.9305376 0.01439929 0.4416323 0.01439929 0.4781528 0.01770269 0.4747884 0.6543356 0.9306796 0.6555675 0.9305376 0.6159624 0.9305376 0.6543356 0.9322903 0.6172415 0.9322903 0.6172415 0.9306795 0.6146833 0.9321956 0.6146833 0.9305376 0.5603918 0.9305376 0.7123224 0.9305374 0.7111853 0.9305374 0.6568468 0.9305374 0.7123225 0.9305375 0.7111853 0.9305375 0.6568468 0.9305375 0.7480841 0.511918 0.7480841 0.5106456 0.7503148 0.5106456 0.5571702 0.8544063 0.5195075 0.8544063 0.5204076 0.8544063 0.8720958 0.003350794 0.8718855 0.002130866 0.8878688 0.002130866 0.5195075 0.8544063 0.5195075 0.9305376 0.5204076 0.9305376 0.6568469 0.8544063 0.6555675 0.8544062 0.7123225 0.8544062 0.5571704 0.9321954 0.5195077 0.9321954 0.5195077 0.9305375 0.7136014 0.8544064 0.7533013 0.8544064 0.7532066 0.8544063 0.5592074 0.9305375 0.5204078 0.9305375 0.5204078 0.8544064 0.6543356 0.9322904 0.6543356 0.9306796 0.6172415 0.9306796 0.7123225 0.8544063 0.7123225 0.9305375 0.6555675 0.9305375 0.7532069 0.8544062 0.7123226 0.8544062 0.7123226 0.9305376 0.7532067 0.9305376 0.7532067 0.8544063 0.7123225 0.8544063 0.7123225 0.9305375 0.7532065 0.9305375 0.7532065 0.8544063 0.7111853 0.9321954 0.6568468 0.9321954 0.6568468 0.9305375 0.5195077 0.8544064 0.5204078 0.8544064 0.5204078 0.9305375 0.6543356 0.9322904 0.6172415 0.9322904 0.6172415 0.9306795 0.5204078 0.8544064 0.5195077 0.8544064 0.5571704 0.8544064 0.6146833 0.9321954 0.5603918 0.9321954 0.5603918 0.9305375 0.5571704 0.9305375 0.5195077 0.9305375 0.5204078 0.9305375 0.7111855 0.9321956 0.7111855 0.9305376 0.6568469 0.9305376 0.6543356 0.9306795 0.6172415 0.9306795 0.6159624 0.9305375 0.5571702 0.9321956 0.5571702 0.9305376 0.5195075 0.9305376 0.7136015 0.9305376 0.7533014 0.9305376 0.7532067 0.9305376 0.6146833 0.8544063 0.5603918 0.8544063 0.5592074 0.8544062 0.7136015 0.9321956 0.7533014 0.9321956 0.7533014 0.9305376 0.7026015 0.9970669 0.6812062 0.9970669 0.6812062 0.9835135 0.5571704 0.8544064 0.5195078 0.8544064 0.5204078 0.8544064 0.6555674 0.9305374 0.6159624 0.9305374 0.6159624 0.8544064 0.6555675 0.9305376 0.7123225 0.9305376 0.7123225 0.8544062 0.6419453 0.9822065 0.6419453 0.9577206 0.6572116 0.9577206 0.8567721 0.09020543 0.8567721 0.04227399 0.9043552 0.04227399 0.8878688 0.1268863 0.8718855 0.1268863 0.8720958 0.1257086 0.8985758 0.1206588 0.8878688 0.1268863 0.8876585 0.1257086 0.5195079 0.8527485 0.5571706 0.8527485 0.5571706 0.8544064 0.7532067 0.8544062 0.7123225 0.8544062 0.7123225 0.9305376 0.7123225 0.9305376 0.7532067 0.9305376 0.7532067 0.8544062 0.8548924 0.04053324 0.8548924 0.01912385 0.8560703 0.01937627 0.9048622 0.08852589 0.9048622 0.1098933 0.903684 0.109641 0.6568469 0.9305376 0.7111855 0.9305376 0.7123225 0.9305376 0.5195075 0.8527483 0.5195075 0.8544063 0.5571704 0.8544063 0.7026015 0.9970669 0.6812059 0.9970669 0.6812059 0.9835135 0.6159624 0.8544063 0.6172415 0.8545485 0.6543356 0.8545485 0.7136012 0.8544064 0.753301 0.8544064 0.7532065 0.8544064 0.6146833 0.9305376 0.6159624 0.9305376 0.5592074 0.9305376 0.916655 0.5297251 0.916655 0.5297251 0.8714703 0.5297251 0.07631748 0.6890726 1.86111e-4 0.6890726 1.8623e-4 0.7278724 0.6159624 0.8544064 0.6172415 0.8545486 0.6543356 0.8545486 0.5195075 0.8544063 0.5195075 0.9305376 0.5204076 0.9305376 0.7136015 0.9305376 0.7533014 0.9305376 0.7532067 0.9305376 0.6570399 0.9970669 0.6412703 0.9970669 0.6412703 0.9835135 0.7123226 0.8544062 0.7123226 0.9305376 0.6555675 0.9305376 0.6543356 0.9306796 0.6555675 0.9305376 0.6159624 0.9305376 0.6570402 0.9970669 0.6412707 0.9970669 0.6412707 0.9835135 0.5592077 0.9305374 0.5592077 0.8544064 0.6159624 0.8544064 0.6572116 0.9822065 0.6572116 0.9577206 0.6790388 0.9577206 0.7111853 0.9321954 0.6568468 0.9321954 0.6568468 0.9305374 0.768706 0.9577206 0.768706 0.9822065 0.7469218 0.9822065 0.5592077 0.8544064 0.6159624 0.8544064 0.6159624 0.9305374 0.6555675 0.8544062 0.6555675 0.9305376 0.6159624 0.9305376 0.6146833 0.8544063 0.5603918 0.8544063 0.5592074 0.8544062 0.6568468 0.8544064 0.7111853 0.8544064 0.7123224 0.8544064 0.784484 0.9970666 0.7726678 0.9970666 0.7726678 0.9835137 0.5571706 0.9305374 0.5195079 0.9305374 0.520408 0.9305374 0.7341488 0.9577206 0.7469221 0.9577206 0.7469221 0.9822065 0.8876585 0.1257086 0.8878688 0.1268865 0.8718855 0.1268865 0.6570421 0.9970666 0.641273 0.9970666 0.641273 0.9835137 0.7048112 0.9822065 0.6913364 0.9822065 0.6913364 0.9577206 0.6146834 0.9305374 0.5603919 0.9305374 0.5592077 0.9305374 0.7840155 0.9577206 0.7840155 0.9822065 0.7687065 0.9822065 0.6543356 0.9306795 0.6172415 0.9306795 0.6159624 0.9305374 0.7726701 0.9970669 0.7512747 0.9970669 0.7512747 0.9835135 0.9027235 0.8813049 0.9027218 0.8588511 0.857326 0.8588511 0.8700011 0.6672887 0.918125 0.6672887 0.9181267 0.6434855 0.6568468 0.8527483 0.6568468 0.8544063 0.7111855 0.8544063 0.6568468 0.9305376 0.7111855 0.9305376 0.7123225 0.9305376 0.6543356 0.8545485 0.6172415 0.8545485 0.6159624 0.8544062 0.5592074 0.9305375 0.5592074 0.8544063 0.5204078 0.8544064 0.6172415 0.8528903 0.6543356 0.8528903 0.6543356 0.8545485 0.7111855 0.9321956 0.7111855 0.9305376 0.6568469 0.9305376 0.6568469 0.8527482 0.6568469 0.8544063 0.7111855 0.8544063 0.5592074 0.8544063 0.5592074 0.9305375 0.6159624 0.9305375 0.7136015 0.8527482 0.7136015 0.8544063 0.7533014 0.8544063 0.7136015 0.8544063 0.7533014 0.8544063 0.7532069 0.8544062 0.5195075 0.8544063 0.5195075 0.9305376 0.5204076 0.9305376 0.5571702 0.9321956 0.5571702 0.9305376 0.5195075 0.9305376 0.6159624 0.8544063 0.6159624 0.9305375 0.5592074 0.9305375 0.6568469 0.9305376 0.7111855 0.9305376 0.7123225 0.9305376 0.7726699 0.9970669 0.7512744 0.9970669 0.7512744 0.9835135 0.6543356 0.9322904 0.6543356 0.9306796 0.6172415 0.9306796 0.6555675 0.9305375 0.6159624 0.9305375 0.6159624 0.8544063 0.6543356 0.9306796 0.6172415 0.9306796 0.6159624 0.9305376 0.6555674 0.9305374 0.6159624 0.9305374 0.6159624 0.8544064 0.7532069 0.8544062 0.7532069 0.9305376 0.7123226 0.9305376 0.6568469 0.8527482 0.7111855 0.8527482 0.7111855 0.8544063 0.9714592 0.3068588 0.9714592 0.3746424 0.9659435 0.3746424 0.7532066 0.9305375 0.7533013 0.9305375 0.7136014 0.9305375 0.7503148 0.511918 0.7503148 0.5106456 0.752556 0.5106456 0.752556 0.511918 0.752556 0.5106456 0.7547968 0.5106456 0.6146833 0.9305376 0.5603918 0.9305376 0.5592073 0.9305376 0.6159624 0.9305376 0.6159624 0.8544062 0.5592074 0.8544062 0.6159624 0.9305376 0.6159624 0.8544062 0.5592074 0.8544062 0.6159624 0.8544064 0.6172415 0.8545486 0.6543356 0.8545486 0.6568468 0.8544063 0.6555675 0.8544063 0.7123225 0.8544063 0.6555675 0.8544063 0.6555675 0.9305375 0.7123225 0.9305375 0.6159624 0.9305376 0.5592073 0.9305376 0.5592073 0.8544062 0.7136015 0.8544063 0.7123225 0.8544063 0.7532067 0.8544063 0.7136015 0.8527483 0.7136015 0.8544063 0.7533014 0.8544063 0.7136015 0.9305376 0.7533014 0.9305376 0.7532067 0.9305376 0.5571704 0.9305376 0.5592074 0.9305376 0.5204076 0.9305376 0.5571704 0.8544063 0.5195075 0.8544063 0.5204076 0.8544063 0.5195075 0.8544063 0.5195075 0.9305376 0.5204076 0.9305376 0.6555674 0.8544064 0.6555674 0.9305374 0.6159624 0.9305374 0.6543356 0.8545485 0.6172415 0.8545485 0.6159624 0.8544063 0.8718855 0.002129793 0.8878688 0.002129793 0.8876585 0.003349781 0.7123224 0.9305374 0.7123224 0.8544064 0.7532065 0.8544064 0.7123224 0.8544064 0.7123224 0.9305374 0.6555674 0.9305374 0.6568468 0.8544064 0.7111853 0.8544064 0.7123224 0.8544064 0.6543356 0.9306795 0.6555675 0.9305375 0.6159624 0.9305375 0.6570399 0.9970669 0.6412703 0.9970669 0.6412703 0.9835135 0.2487887 0.9853672 0.2128819 0.9853562 0.2128812 0.9877727 0.8876585 0.003349781 0.8878688 0.002129793 0.8989608 0.00873965 0.7533013 0.8527485 0.7136012 0.8527485 0.7136012 0.8544064 0.7048112 0.9822065 0.7048112 0.9577206 0.7211066 0.9577206 0.7048112 0.9822065 0.7048112 0.9577206 0.7211066 0.9577206 0.5592077 0.8544064 0.5603919 0.8544064 0.6146834 0.8544064 0.7512732 0.9970666 0.7026019 0.9970666 0.7026019 0.9835137 0.6555675 0.9305376 0.6555675 0.8544063 0.6159624 0.8544063 0.6568468 0.9305375 0.7111853 0.9305375 0.7123225 0.9305375 0.6555675 0.8544062 0.6159624 0.8544062 0.6159624 0.9305376 0.7136012 0.9305375 0.7533013 0.9305375 0.7532065 0.9305375 0.5195078 0.8544064 0.5204078 0.8544064 0.5204078 0.9305374 0.7123224 0.8544064 0.7123224 0.9305374 0.6555674 0.9305374 0.7512747 0.9970669 0.7026015 0.9970669 0.7026015 0.9835135 0.6555675 0.9305376 0.7123225 0.9305376 0.7123225 0.8544062 0.9036847 0.01937544 0.9048622 0.01912313 0.9048622 0.04053294 0.5592073 0.9305376 0.5592073 0.8544062 0.5204076 0.8544063 0.6568468 0.8527483 0.7111853 0.8527483 0.7111853 0.8544064 0.6172415 0.8528904 0.6543356 0.8528904 0.6543356 0.8545486 0.7136012 0.8527485 0.753301 0.8527485 0.753301 0.8544064 0.6568468 0.8527485 0.7111853 0.8527485 0.7111853 0.8544064 0.7704299 0.5074451 0.7693594 0.5085019 0.7704031 0.5110764 0.6159624 0.9305374 0.5592077 0.9305374 0.5592077 0.8544064 0.5195078 0.8544064 0.5195078 0.9305375 0.5204078 0.9305375 0.7532065 0.8544064 0.7532065 0.9305374 0.7123224 0.9305374 0.5571704 0.9305375 0.5592074 0.9305375 0.5204078 0.9305375 0.6146833 0.9321956 0.6146833 0.9305376 0.5603918 0.9305376 0.7136014 0.8527483 0.7533013 0.8527483 0.7533013 0.8544064 0.7123225 0.9305375 0.7123225 0.8544063 0.7532066 0.8544063 0.7111853 0.9321954 0.6568468 0.9321954 0.6568468 0.9305374 0.7123224 0.9305374 0.7123224 0.8544064 0.7532065 0.8544064 0.6172415 0.8528903 0.6543356 0.8528903 0.6543356 0.8545486 0.6543356 0.9322903 0.6543356 0.9306795 0.6172415 0.9306795 0.8729771 0.8283718 0.8729783 0.8322315 0.8895975 0.8322257 0.6419456 0.9822065 0.6419456 0.9577206 0.6572118 0.9577206 0.6159624 0.8544064 0.6172415 0.8545486 0.6543356 0.8545486 0.5195078 0.8527485 0.5571705 0.8527485 0.5571705 0.8544064 0.8895971 0.8400677 0.8895973 0.836207 0.8527457 0.836201 0.01439929 0.6083908 0.030855 0.6083908 0.02749067 0.6050267 0.5603918 0.8527483 0.5603918 0.8544063 0.6146833 0.8544063 0.6568469 0.8527483 0.6568469 0.8544063 0.7111855 0.8544063 0.7533014 0.8527483 0.7136015 0.8527483 0.7136015 0.8544063 0.6568468 0.8527485 0.7111853 0.8527485 0.7111853 0.8544064 0.5204078 0.8544064 0.5195078 0.8544064 0.5571705 0.8544064 0.74864 0.5057631 0.74864 0.5081671 0.7516851 0.5081671 0.657212 0.9822065 0.657212 0.9577206 0.6790391 0.9577206 0.7727938 0.5126562 0.7726036 0.5121939 0.7699655 0.5121666 0.7698434 0.5053141 0.7676817 0.507435 0.7681438 0.507639 0.4612992 0.2708535 0.4612992 0.350542 0.4374046 0.350542 0.7575311 0.508445 0.7575311 0.5103387 0.7602936 0.5103387 0.7727938 0.5126562 0.7749556 0.5105351 0.7744932 0.5103448 0.4636 0.350542 0.4636 0.2708535 0.4875552 0.2708535 0.7697753 0.5126289 0.7699655 0.5121666 0.7681168 0.5102767 0.6146834 0.9305375 0.6159624 0.9305375 0.5592074 0.9305375 0.6146834 0.9321954 0.6146834 0.9305375 0.5603919 0.9305375 0.3743722 0.9853689 0.3384957 0.9853811 0.3384962 0.9877953 0.4102749 0.9853566 0.3743722 0.9853689 0.3743729 0.9877842 0.2846891 0.987798 0.2846906 0.9853821 0.2487887 0.9853672 0.6543356 0.8545485 0.6172415 0.8545485 0.6159624 0.8544063 0.8527453 0.8400616 0.8527457 0.836201 0.836124 0.8362005 0.6568469 0.8527483 0.6568469 0.8544063 0.7111855 0.8544063 0.7826487 0.8283661 0.7826475 0.8322274 0.8195069 0.8322404 0.01439929 0.4416323 0.01770269 0.4449971 0.02749067 0.4449971 0.01439929 0.6083908 0.01770269 0.6050267 0.01770269 0.5751738 0.6172415 0.8528903 0.6172415 0.8545485 0.6543356 0.8545485 0.030855 0.4850042 0.02749067 0.4883685 0.02749067 0.5182212 0.7533014 0.8527483 0.7136015 0.8527483 0.7136015 0.8544063 0.753301 0.9321954 0.7136012 0.9321954 0.7136012 0.9305374 0.8895971 0.8478826 0.8895968 0.8440216 0.8527403 0.8440229 0.7992674 0.8478826 0.7992674 0.8440226 0.7826477 0.8440217 0.8527405 0.8478839 0.8527403 0.8440229 0.8361173 0.8440238 0.5603919 0.8527485 0.6146834 0.8527485 0.6146834 0.8544064 0.7123224 0.9305374 0.7111853 0.9305374 0.6568468 0.9305374 0.7136012 0.8544064 0.753301 0.8544064 0.7532065 0.8544064 0.6568468 0.8544064 0.7111853 0.8544064 0.7123224 0.8544064 0.6543356 0.9306795 0.6172415 0.9306795 0.6159624 0.9305374 0.7615196 0.511918 0.7592786 0.511918 0.7592786 0.5106456 0.5571702 0.9305376 0.5195075 0.9305376 0.5204076 0.9305376 0.9971055 0.2733331 0.9971055 0.4935063 0.9816448 0.4885696 0.7592786 0.511918 0.7570378 0.511918 0.7570378 0.5106456 0.7701942 0.5115506 0.7722278 0.5115778 0.772065 0.5111846 0.5603918 0.8527482 0.6146833 0.8527482 0.6146833 0.8544063 0.08737826 0.9750468 0.0873785 0.9875674 0.09278714 0.9875676 0.6146833 0.9321956 0.5603918 0.9321956 0.5603918 0.9305376 0.6543356 0.9322903 0.6172415 0.9322903 0.6172415 0.9306795 0.7532065 0.9305374 0.753301 0.9305374 0.7136012 0.9305374 0.6146834 0.9321954 0.5603919 0.9321954 0.5603919 0.9305374 0.6146834 0.9321954 0.5603919 0.9321954 0.5603919 0.9305374 0.7533014 0.9321956 0.7533014 0.9305376 0.7136015 0.9305376 0.6543356 0.9322904 0.6543356 0.9306796 0.6172415 0.9306796 0.7840152 0.9577206 0.7840152 0.9822065 0.768706 0.9822065 0.768706 0.9577206 0.768706 0.9822065 0.7469218 0.9822065 0.6419458 0.9822065 0.6419458 0.9577206 0.657212 0.9577206 0.030855 0.4416323 0.02749067 0.4449971 0.02749067 0.4747884 0.5571705 0.9305374 0.5195078 0.9305374 0.5204078 0.9305374 0.7722278 0.5115778 0.7736781 0.5101544 0.7732849 0.5099917 0.7736918 0.5081211 0.7733119 0.5082837 0.7732849 0.5099917 0.6543356 0.9322903 0.6172415 0.9322903 0.6172415 0.9306795 0.4636 0.350542 0.4636 0.2708535 0.4875552 0.2708535 0.753301 0.9321954 0.7136012 0.9321954 0.7136012 0.9305374 0.955739 0.4885696 0.9659435 0.3903777 0.9714404 0.3903777 0.6172415 0.8528903 0.6172415 0.8545485 0.6543356 0.8545485 0.6172415 0.8528903 0.6543356 0.8528903 0.6543356 0.8545486 0.5603918 0.8527483 0.5603918 0.8544063 0.6146833 0.8544063 0.5603919 0.8527485 0.6146834 0.8527485 0.6146834 0.8544064 0.9466732 0.9903435 0.9063411 0.9903403 0.9063406 0.9963685 0.9493905 0.9903437 0.9466732 0.9903435 0.9466729 0.9963718 0.6555675 0.8544062 0.6555675 0.9305376 0.7123226 0.9305376 0.7123225 0.9305376 0.7123225 0.8544063 0.6555675 0.8544063 0.5592074 0.9305376 0.6159624 0.9305376 0.6159624 0.8544063 0.6159624 0.8544063 0.6159624 0.9305375 0.6555675 0.9305375 0.7816618 0.9519206 0.8194914 0.9872287 0.8194914 0.8813049 0.5043542 0.914067 0.4255092 0.914067 0.4255092 0.9093698 0.998336 0.5686264 0.9582323 0.531197 0.9582323 0.6434855 0.8298931 0.6434855 0.8298931 0.531197 0.7897904 0.5686264 0.9013352 0.9886171 0.8587117 0.9886171 0.8587136 0.9914886 0.8769485 0.5206369 0.8769485 0.5206369 0.8714722 0.5266809 0.8769485 0.5206369 0.8714722 0.5266809 0.8714703 0.5297251 0.9954704 0.9903357 0.987705 0.9903372 0.9877061 0.9963649 0.9981875 0.9903351 0.9954704 0.9903357 0.9954716 0.9963635 0.9571568 0.996371 0.9571558 0.9903433 0.9493905 0.9903437 0.987705 0.9903372 0.9571558 0.9903433 0.9571568 0.996371 0.857326 0.991723 0.8636031 0.9985791 0.8638794 0.9971901 0.8700011 0.5264326 0.8699985 0.531197 0.8714703 0.5297251 0.9111768 0.5206369 0.9111768 0.5206369 0.9166532 0.5266809 0.9166532 0.5266809 0.9166532 0.5266809 0.916655 0.5297251 0.8587136 0.9914886 0.8638794 0.9971901 0.8961675 0.9971901 0.8769485 0.5206369 0.8769485 0.5206369 0.9111768 0.5206369 0.8769485 0.5206369 0.8745967 0.5258246 0.9166532 0.5266809 0.8714703 0.5297251 0.916655 0.5297251 0.9166532 0.5266809 0.504077 0.8650453 0.5043542 0.8648337 0.5043542 0.8990831 0.5043542 0.8990831 0.4255092 0.8990831 0.4255092 0.8648337 0.8961675 0.9971901 0.8964438 0.9985774 0.9027218 0.991723 0.4255092 0.8990831 0.5043543 0.8992952 0.5043542 0.9093698 0.7136015 0.9321956 0.7533014 0.9321956 0.7533014 0.9305376 0.8699985 0.6434844 0.9181267 0.6434855 0.9181267 0.531197 0.8587117 0.9886171 0.8573234 0.9872287 0.857326 0.991723 0.9582323 0.6434855 0.9582323 0.531197 0.9181267 0.531197 0.8766556 0.5191657 0.8769485 0.5206369 0.9111768 0.5206369 0.4255092 0.8544874 0.5043543 0.8544874 0.504077 0.8650453 0.918125 0.5264326 0.9166532 0.5266809 0.916655 0.5297251 0.4255092 0.914067 0.4255092 0.9093698 0.5043542 0.9093698 0.9111768 0.5206369 0.9166532 0.5266809 0.918125 0.5264326 0.8700011 0.5264326 0.8714722 0.5266809 0.8769485 0.5206369 0.7533013 0.9321954 0.7136014 0.9321954 0.7136014 0.9305375 0.5043543 0.8498495 0.5043543 0.8544874 0.4255092 0.8544874 0.4255092 0.8990831 0.5043543 0.8992952 0.5043542 0.9093698 0.4255092 0.8544874 0.5043543 0.8544874 0.504077 0.8650453 0.5043542 0.8990831 0.4255092 0.8990831 0.4255092 0.8648337 0.5043542 0.8990831 0.4255092 0.8648337 0.504077 0.8650453 0.4255092 0.914067 0.4255092 0.9093698 0.5043542 0.9093698 0.5043542 0.8990831 0.4255092 0.8990831 0.504077 0.8650453 0.4255092 0.8990831 0.4255092 0.8648337 0.504077 0.8650453 0.4255092 0.8544874 0.5043543 0.8544874 0.504077 0.8650453 0.4255092 0.8990831 0.5043543 0.8992952 0.5043542 0.9093698 0.4255092 0.914067 0.4255092 0.9093698 0.5043542 0.9093698 0.8298931 0.531197 0.8298931 0.6434855 0.8699985 0.6434844 0.5043543 0.8498495 0.5043543 0.8544874 0.4255092 0.8544874 0.4255092 0.8990831 0.5043543 0.8992952 0.5043542 0.9093698 0.5043542 0.8990831 0.4255092 0.8990831 0.4255092 0.8648337 0.5043542 0.8990831 0.4255092 0.8648337 0.504077 0.8650453 0.5043543 0.8498495 0.5043543 0.8544874 0.4255092 0.8544874 0.4255092 0.8990831 0.5043543 0.8992952 0.5043542 0.9093698 0.4255092 0.8544874 0.5043543 0.8544874 0.504077 0.8650453 0.5043542 0.8990831 0.4255092 0.8990831 0.4255092 0.8648337 0.5043542 0.8990831 0.4255092 0.8648337 0.504077 0.8650453 0.4255092 0.914067 0.4255092 0.9093698 0.5043542 0.9093698 0.5043543 0.8498495 0.5043543 0.8544874 0.4255092 0.8544874 0.5043543 0.8544874 0.504077 0.8650453 0.4255092 0.8648337 0.7136015 0.8527482 0.7533014 0.8527482 0.7533014 0.8544063 0.9027235 0.8813049 0.9027235 0.9872287 0.9405558 0.9872287 0.8573234 0.8813058 0.8194914 0.8813049 0.8194914 0.9872287 0.8573234 0.9872287 0.9027235 0.9872287 0.9027235 0.8813049 0.9027218 0.991723 0.9027235 0.9872287 0.9013352 0.9886171 0.5043543 0.8498495 0.5043543 0.8544874 0.4255092 0.8544874 0.7337118 0.9577206 0.7469221 0.9577206 0.7469221 0.9822065 0.7211066 0.9577206 0.7337118 0.9577206 0.7337118 0.9822065 0.8984053 0.008188903 0.9048622 0.01912385 0.903684 0.01937627 0.8876585 0.003350794 0.8878688 0.002130866 0.8984053 0.008188903 0.8609638 0.008593916 0.8718855 0.002130866 0.8720958 0.003350794 0.6812059 0.9970669 0.6693674 0.9970669 0.6693674 0.9835135 0.7048112 0.9822065 0.6916201 0.9822065 0.6916201 0.9577206 0.6693674 0.9970669 0.6570399 0.9970669 0.6570399 0.9835135 0.7850576 0.9970669 0.7726699 0.9970669 0.7726699 0.9835135 0.6412703 0.9970669 0.6519986 0.9970669 0.6519986 0.9835136 0.8560703 0.01937627 0.8548924 0.01912385 0.8609638 0.008593916 0.7048112 0.9822065 0.6919612 0.9822065 0.6919612 0.9577206 0.7849715 0.9970669 0.7726701 0.9970669 0.7726701 0.9835135 0.903684 0.109641 0.9048622 0.1098933 0.8985758 0.1206588 0.6812062 0.9970669 0.6690481 0.9970669 0.6690481 0.9835135 0.7211066 0.9577206 0.7338039 0.9577206 0.7338039 0.9822065 0.6690481 0.9970669 0.6570402 0.9970669 0.6570402 0.9835135 0.7338039 0.9577206 0.7469218 0.9577206 0.7469218 0.9822065 0.6919612 0.9822065 0.6790391 0.9822065 0.6790391 0.9577206 0.8613052 0.1207645 0.8548924 0.1098933 0.8560703 0.109641 0.6412707 0.9970669 0.6523525 0.9970669 0.6523525 0.9835135 0.7330272 0.9577206 0.7469218 0.9577206 0.7469218 0.9822065 0.7048112 0.9822065 0.6919469 0.9822065 0.6919469 0.9577206 0.6919469 0.9822065 0.6790391 0.9822065 0.6790391 0.9577206 0.6690613 0.9970669 0.6570399 0.9970669 0.6570399 0.9835135 0.6812059 0.9970669 0.6690613 0.9970669 0.6690613 0.9835135 0.8720955 0.1257095 0.8718855 0.1268872 0.8618417 0.1213021 0.8989608 0.00873965 0.9048622 0.01912313 0.9036847 0.01937544 0.8985862 0.1206497 0.8878688 0.1268872 0.8876585 0.1257095 0.6412703 0.9970669 0.6516845 0.9970669 0.6516845 0.9835135 0.8560699 0.01937544 0.854892 0.01912313 0.8617106 0.007846057 0.7843102 0.9970669 0.7726701 0.9970669 0.7726701 0.9835135 0.6812062 0.9970669 0.6683547 0.9970669 0.6683547 0.9835135 0.8617106 0.007846057 0.8718855 0.002129793 0.8720955 0.003349781 0.7345096 0.9577206 0.7469218 0.9577206 0.7469218 0.9822065 0.8618417 0.1213021 0.854892 0.1098937 0.8560699 0.1096417 0.785699 0.9970669 0.7726699 0.9970669 0.7726699 0.9835135 0.6412707 0.9970669 0.6529612 0.9970667 0.6529611 0.9835135 0.7048112 0.9822065 0.692701 0.9822065 0.692701 0.9577206 0.8560703 0.01937603 0.8548924 0.01912385 0.8607677 0.008790016 0.7211066 0.9577206 0.7341488 0.9577206 0.7341488 0.9822065 0.8720958 0.1257086 0.8718855 0.1268865 0.8609475 0.1204069 0.8609475 0.1204069 0.8548924 0.1098935 0.8560703 0.109641 0.7211066 0.9577206 0.7343214 0.9577206 0.7343214 0.9822065 0.6812071 0.9970666 0.6696348 0.9970666 0.6696348 0.9835137 0.6913364 0.9822065 0.6790388 0.9822065 0.6790388 0.9577206 0.7846458 0.9970666 0.7726681 0.9970666 0.7726681 0.9835137 0.6412727 0.9970666 0.6528006 0.9970666 0.6528006 0.9835137 0.7343214 0.9577206 0.7469218 0.9577206 0.7469218 0.9822065 0.8986578 0.1205776 0.8878688 0.1268865 0.8876585 0.1257086 0.641273 0.9970666 0.6526518 0.9970666 0.6526519 0.9835139 0.6691596 0.9970666 0.6570419 0.9970666 0.6570419 0.9835137 0.8987095 0.00849092 0.9048622 0.01912385 0.903684 0.01937603 0.6812071 0.9970666 0.6691596 0.9970666 0.6691596 0.9835137 0.6918435 0.9822065 0.6790391 0.9822065 0.6790391 0.9577206 0.8876585 0.003350555 0.8878688 0.002130806 0.8987095 0.00849092 0.7048112 0.9822065 0.6918435 0.9822065 0.6918435 0.9577206 0.903684 0.109641 0.9048622 0.1098935 0.8986578 0.1205776 0.9714404 0.3903777 0.9714404 0.3068588 0.9816448 0.2782771 0.9402788 0.2733401 0.955739 0.2782771 0.955739 0.4885696 0.963201 0.01896739 0.9632012 0.2409937 0.947735 0.2458646 0.01770269 0.5751738 0.01770269 0.6050267 0.02749067 0.6050267 0.02749067 0.4747884 0.02749067 0.4449971 0.01770269 0.4449971 0.7440074 0.5676413 0.7554292 0.5676413 0.7554292 0.5338281</float_array>
          <technique_common>
            <accessor source="#cargo_med-mesh-map-0-array" count="7890" stride="2">
              <param name="S" type="float"/>
              <param name="T" type="float"/>
            </accessor>
          </technique_common>
        </source>
        <vertices id="cargo_med-mesh-vertices">
          <input semantic="POSITION" source="#cargo_med-mesh-positions"/>
        </vertices>
        <triangles material="fuselage-material" count="2630">
          <input semantic="VERTEX" source="#cargo_med-mesh-vertices" offset="0"/>
          <input semantic="NORMAL" source="#cargo_med-mesh-normals" offset="1"/>
          <input semantic="TEXCOORD" source="#cargo_med-mesh-map-0" offset="2" set="0"/>
          <p>2329 0 0 156 0 1 155 0 2 13 1 3 160 2 4 1635 1 5 149 3 6 2325 3 7 150 3 8 2319 4 9 177 5 10 764 6 11 1751 7 12 722 7 13 384 7 14 1699 8 15 422 8 16 69 8 17 1705 9 18 70 9 19 71 9 20 1753 10 21 761 10 22 762 10 23 1739 0 24 718 0 25 1744 0 26 495 0 27 484 0 28 12 0 29 493 11 30 2368 11 31 494 11 32 487 12 33 130 12 34 2368 12 35 2523 13 36 474 13 37 462 13 38 498 14 39 143 14 40 442 14 41 469 15 42 2533 3 43 2536 16 44 209 0 45 1618 0 46 210 0 47 546 17 48 233 18 49 545 19 50 2216 3 51 2615 20 52 2571 21 53 2540 22 54 2552 22 55 2538 22 56 467 23 57 453 24 58 2543 25 59 2566 26 60 456 11 61 470 27 62 58 7 63 402 7 64 396 7 65 390 11 66 379 11 67 723 11 68 511 7 69 20 7 70 161 7 71 1997 28 72 165 28 73 21 28 74 2057 29 75 2039 29 76 701 29 77 134 30 78 74 30 79 133 30 80 395 3 81 1724 3 82 1734 3 83 719 31 84 1730 31 85 1732 31 86 1696 11 87 387 11 88 1731 11 89 1744 0 90 1736 0 91 1737 0 92 2604 32 93 2608 32 94 2609 32 95 244 0 96 598 0 97 2601 0 98 724 7 99 1756 7 100 386 7 101 521 33 102 2029 33 103 522 33 104 1740 0 105 56 0 106 1739 0 107 1757 7 108 1752 7 109 1747 7 110 386 7 111 1741 7 112 1743 7 113 508 34 114 159 34 115 103 34 116 2310 0 117 146 0 118 496 0 119 2600 35 120 2200 35 121 2165 35 122 2622 36 123 216 36 124 2625 36 125 2539 37 126 2562 37 127 2541 37 128 2535 38 129 266 38 130 2534 38 131 469 15 132 9 39 133 465 40 134 2545 38 135 102 38 136 2546 38 137 2539 0 138 2540 0 139 2538 0 140 2332 41 141 441 41 142 2400 41 143 1842 42 144 68 42 145 1852 42 146 1840 43 147 749 43 148 1925 43 149 1943 44 150 1843 44 151 1845 44 152 620 45 153 251 45 154 613 45 155 755 46 156 759 47 157 420 7 158 754 7 159 420 7 160 421 7 161 1991 48 162 1988 48 163 1993 48 164 280 49 165 1978 49 166 581 49 167 398 3 168 1714 3 169 1718 3 170 392 7 171 406 7 172 1687 7 173 59 7 174 405 7 175 399 7 176 1855 11 177 1716 11 178 1712 11 179 1918 7 180 1665 7 181 1910 7 182 1924 11 183 393 11 184 737 11 185 517 28 186 2035 28 187 1640 28 188 1642 0 189 510 0 190 2033 0 191 522 11 192 518 11 193 523 11 194 1760 50 195 699 50 196 2055 50 197 172 0 198 1999 0 199 2003 0 200 2044 51 201 365 51 202 2047 51 203 721 38 204 394 38 205 61 38 206 22 3 207 1637 3 208 2034 3 209 1972 38 210 1976 38 211 1974 38 212 1848 38 213 1858 38 214 1850 38 215 1973 52 216 1922 52 217 1926 52 218 1963 53 219 1967 53 220 1957 53 221 1903 54 222 748 54 223 1595 54 224 63 7 225 1726 7 226 729 7 227 740 55 228 1697 55 229 741 55 230 1930 56 231 412 56 232 66 56 233 1872 57 234 745 57 235 1870 57 236 297 38 237 633 38 238 640 38 239 401 7 240 1679 7 241 1683 7 242 1846 0 243 391 0 244 730 0 245 1849 57 246 1708 57 247 1698 57 248 1707 58 249 403 58 250 1693 58 251 397 3 252 1728 3 253 1722 3 254 1694 59 255 1654 59 256 1657 59 257 1709 0 258 1735 0 259 1733 0 260 1750 38 261 725 38 262 1725 38 263 1750 38 264 61 38 265 732 38 266 57 38 267 1688 38 268 1689 38 269 732 60 270 726 60 271 1750 60 272 57 38 273 738 38 274 394 38 275 1688 38 276 381 38 277 1710 38 278 717 38 279 1689 38 280 60 38 281 1713 38 282 388 38 283 728 38 284 728 31 285 727 31 286 1729 31 287 1730 61 288 1750 61 289 1725 61 290 731 62 291 1719 62 292 1715 62 293 388 38 294 733 38 295 727 38 296 1738 63 297 389 63 298 733 63 299 381 38 300 60 38 301 1710 38 302 389 38 303 728 38 304 1729 38 305 726 64 306 1732 64 307 725 64 308 728 65 309 1715 65 310 1713 65 311 1719 66 312 388 66 313 1717 66 314 763 67 315 1700 67 316 1702 67 317 410 38 318 1955 38 319 1952 38 320 383 0 321 1745 0 322 380 0 323 479 3 324 124 68 325 458 69 326 2452 70 327 713 70 328 2461 70 329 2493 71 330 254 71 331 1828 71 332 93 38 333 2495 38 334 2492 38 335 98 11 336 2489 11 337 2487 11 338 125 72 339 481 3 340 5 3 341 444 73 342 442 73 343 143 73 344 377 74 345 715 74 346 55 74 347 370 38 348 2462 38 349 715 38 350 2456 75 351 2482 75 352 376 75 353 118 0 354 2523 0 355 462 0 356 1746 3 357 720 3 358 1749 3 359 120 11 360 471 11 361 107 11 362 2469 0 363 708 0 364 2463 0 365 384 7 366 385 7 367 1757 7 368 107 11 369 477 76 370 106 77 371 1632 0 372 2508 0 373 2518 0 374 90 78 375 95 78 376 2402 78 377 2069 79 378 234 79 379 1646 79 380 138 80 381 1671 80 382 2374 80 383 33 81 384 2617 3 385 1604 3 386 232 0 387 2572 0 388 544 0 389 716 0 390 1755 0 391 383 0 392 686 82 393 1802 82 394 350 82 395 693 83 396 1780 83 397 359 83 398 357 84 399 700 84 400 360 84 401 687 85 402 1796 85 403 1807 85 404 356 86 405 682 86 406 351 86 407 690 87 408 1821 87 409 1813 87 410 1968 0 411 1949 0 412 1959 0 413 1793 88 414 1791 88 415 1801 88 416 1794 89 417 1768 89 418 691 89 419 1804 90 420 1806 90 421 1803 90 422 695 91 423 1797 91 424 1774 91 425 349 92 426 348 92 427 1788 92 428 2049 93 429 1772 93 430 364 93 431 363 28 432 1767 28 433 1772 28 434 53 28 435 364 28 436 51 28 437 1764 94 438 703 94 439 1782 94 440 1817 95 441 52 95 442 367 95 443 367 96 444 684 96 445 1817 96 446 1815 28 447 366 28 448 696 28 449 689 28 450 688 28 451 687 28 452 684 28 453 1823 28 454 1815 28 455 355 97 456 680 97 457 681 97 458 585 38 459 91 38 460 3 38 461 1771 98 462 1776 98 463 1822 98 464 1820 99 465 353 99 466 683 99 467 1787 100 468 1827 100 469 1789 100 470 1945 57 471 1847 57 472 1856 57 473 1675 101 474 757 101 475 751 101 476 415 102 477 759 47 478 756 103 479 72 104 480 426 104 481 1886 104 482 1798 105 483 1783 105 484 1792 105 485 1673 106 486 1954 106 487 1678 106 488 435 107 489 1607 107 490 1862 107 491 1796 28 492 1811 28 493 1807 28 494 179 7 495 190 7 496 532 7 497 2429 108 498 2444 108 499 2433 108 500 1610 109 501 2424 109 502 2428 109 503 2419 11 504 188 11 505 182 11 506 186 0 507 178 0 508 526 0 509 188 11 510 194 11 511 187 11 512 2442 38 513 184 38 514 25 38 515 530 3 516 183 3 517 193 3 518 2163 110 519 425 110 520 571 110 521 182 11 522 2423 11 523 2419 11 524 54 3 525 709 3 526 711 3 527 2478 111 528 2482 111 529 714 111 530 101 0 531 2517 0 532 105 0 533 2487 112 534 445 112 535 98 112 536 2465 113 537 375 113 538 2466 113 539 122 114 540 2514 115 541 104 116 542 714 117 543 2454 117 544 2478 117 545 2481 118 546 2400 118 547 441 118 548 2511 0 549 1629 0 550 113 0 551 459 119 552 114 120 553 120 121 554 710 11 555 705 11 556 368 11 557 548 122 558 2568 11 559 225 123 560 2574 124 561 540 11 562 219 125 563 227 126 564 214 3 565 34 127 566 231 128 567 221 129 568 230 130 569 229 131 570 557 11 571 2218 11 572 2214 0 573 220 0 574 558 0 575 32 132 576 2213 3 577 2590 133 578 2569 0 579 2618 0 580 2570 0 581 2623 134 582 551 134 583 2622 134 584 241 135 585 2178 135 586 2606 135 587 2614 0 588 2577 0 589 2578 0 590 2603 0 591 2580 0 592 2598 0 593 2461 136 594 371 136 595 2460 136 596 2453 137 597 2474 137 598 2471 137 599 371 138 600 2458 138 601 2460 138 602 126 0 603 475 0 604 454 0 605 1659 139 606 2520 139 607 1663 139 608 104 116 609 116 140 610 121 141 611 706 7 612 2472 7 613 2477 7 614 765 142 615 2317 142 616 499 142 617 1615 143 618 173 143 619 1612 143 620 2374 3 621 1668 3 622 136 3 623 2355 144 624 485 144 625 131 144 626 2362 3 627 1668 3 628 1666 3 629 423 145 630 1884 145 631 431 145 632 1928 146 633 1982 146 634 1839 146 635 1975 147 636 1927 147 637 1921 147 638 1989 148 639 752 148 640 416 148 641 1767 28 642 2037 28 643 1764 28 644 23 3 645 2019 3 646 1637 3 647 2008 0 648 2009 0 649 1995 0 650 524 11 651 518 11 652 519 11 653 2045 11 654 519 11 655 525 11 656 314 0 657 654 0 658 631 0 659 1867 149 660 290 149 661 622 149 662 2357 7 663 2358 7 664 132 7 665 2401 0 666 496 0 667 146 0 668 2315 150 669 150 150 670 2331 150 671 1836 7 672 438 7 673 580 7 674 176 151 675 197 151 676 174 151 677 2356 11 678 140 11 679 139 11 680 141 3 681 1666 3 682 2359 3 683 187 152 684 528 152 685 1615 152 686 451 153 687 439 154 688 437 155 689 638 156 690 302 157 691 303 158 692 2292 159 693 619 159 694 618 159 695 655 160 696 2275 160 697 659 160 698 607 161 699 603 161 700 2081 161 701 211 38 702 536 38 703 539 38 704 552 162 705 2207 163 706 2208 164 707 40 165 708 602 165 709 2083 165 710 218 166 711 202 167 712 554 168 713 2217 11 714 566 169 715 213 170 716 2206 171 717 635 171 718 2203 171 719 2587 28 720 538 28 721 541 28 722 2567 172 723 100 173 724 2551 174 725 2218 11 726 228 11 727 2217 11 728 537 28 729 207 28 730 2585 28 731 628 175 732 2219 176 733 2201 177 734 209 0 735 28 0 736 29 0 737 2197 28 738 46 28 739 634 28 740 644 178 741 2181 11 742 645 179 743 590 180 744 260 180 745 262 180 746 1831 181 747 256 181 748 2188 181 749 2027 11 750 667 11 751 668 11 752 28 0 753 2591 0 754 29 0 755 1651 3 756 311 3 757 658 3 758 621 182 759 292 182 760 623 182 761 766 183 762 2265 183 763 535 183 764 2300 0 765 295 0 766 306 0 767 317 184 768 2194 184 769 304 184 770 1897 11 771 282 11 772 1900 11 773 2153 185 774 581 185 775 1978 185 776 2144 186 777 613 187 778 251 188 779 299 0 780 660 0 781 659 0 782 299 189 783 659 189 784 2275 189 785 47 190 786 316 190 787 2203 190 788 47 0 789 2203 0 790 635 0 791 656 0 792 636 0 793 635 0 794 656 191 795 635 191 796 657 191 797 2196 192 798 2210 193 799 298 194 800 39 195 801 2447 195 802 600 195 803 174 3 804 193 3 805 176 3 806 2020 196 807 1639 196 808 1638 196 809 249 197 810 2169 197 811 250 197 812 2431 38 813 24 38 814 26 38 815 183 198 816 192 198 817 1610 198 818 629 199 819 2192 200 820 2151 201 821 2093 202 822 2110 203 823 625 0 824 240 204 825 269 204 826 2173 204 827 583 38 828 591 38 829 584 38 830 2090 205 831 2126 205 832 2108 205 833 2075 206 834 2071 206 835 2070 206 836 245 207 837 2222 207 838 2146 207 839 1837 208 840 263 208 841 592 208 842 2387 209 843 2381 209 844 2385 209 845 287 210 846 2104 210 847 2290 210 848 637 11 849 2299 11 850 2138 11 851 622 211 852 1897 211 853 1867 211 854 623 212 855 615 212 856 621 212 857 1888 58 858 1937 58 859 1902 58 860 2115 3 861 258 3 862 589 3 863 569 28 864 570 28 865 239 28 866 610 213 867 597 214 868 611 215 869 2120 216 870 279 216 871 614 216 872 576 217 873 2167 217 874 2169 217 875 276 218 876 272 218 877 273 218 878 1763 219 879 2056 219 880 2053 219 881 1980 220 882 612 220 883 2092 220 884 649 0 885 309 0 886 650 0 887 2109 221 888 2094 221 889 2091 221 890 592 11 891 1829 11 892 1837 11 893 611 215 894 2062 222 895 2065 0 896 38 223 897 41 223 898 277 223 899 268 224 900 2073 224 901 601 224 902 2133 38 903 1896 38 904 1899 38 905 1601 225 906 274 225 907 2088 225 908 2415 226 909 196 226 910 531 226 911 2343 227 912 2348 227 913 2354 227 914 2496 228 915 2501 228 916 2498 228 917 2228 229 918 2232 229 919 2230 229 920 609 230 921 1647 230 922 1644 230 923 2067 28 924 2235 28 925 2227 28 926 2078 231 927 2070 231 928 1648 231 929 2066 110 930 599 110 931 2068 110 932 270 232 933 2060 232 934 1645 232 935 2189 233 936 2144 186 937 251 188 938 2130 234 939 617 234 940 616 234 941 2081 3 942 272 3 943 2085 3 944 2110 203 945 2125 0 946 625 0 947 2106 235 948 588 235 949 2124 235 950 1900 236 951 281 236 952 1980 236 953 1866 7 954 253 7 955 265 7 956 1652 237 957 312 3 958 1651 3 959 2402 238 960 443 238 961 2404 238 962 247 28 963 2221 28 964 2150 28 965 2283 239 966 2278 239 967 2291 239 968 44 38 969 632 240 970 2183 38 971 2206 0 972 655 0 973 659 0 974 314 0 975 642 0 976 2250 0 977 2250 241 978 652 241 979 318 241 980 2179 0 981 1966 0 982 579 0 983 259 242 984 2097 242 985 2119 242 986 2285 243 987 289 243 988 2284 243 989 639 0 990 648 0 991 643 0 992 2180 0 993 2253 0 994 2182 0 995 258 244 996 2112 244 997 2106 244 998 582 245 999 437 245 1000 439 245 1001 2237 246 1002 1649 247 1003 637 248 1004 2079 11 1005 602 11 1006 2071 11 1007 2607 249 1008 2612 250 1009 2610 251 1010 242 11 1011 577 11 1012 2172 11 1013 262 252 1014 589 252 1015 590 252 1016 333 0 1017 342 0 1018 677 0 1019 2186 253 1020 2176 253 1021 2142 253 1022 2174 11 1023 243 11 1024 572 11 1025 2143 254 1026 2190 254 1027 2187 254 1028 286 255 1029 2282 255 1030 291 255 1031 2257 256 1032 2304 257 1033 2262 258 1034 2011 259 1035 2017 259 1036 1599 259 1037 288 3 1038 42 3 1039 615 3 1040 661 260 1041 320 261 1042 319 262 1043 248 263 1044 2175 263 1045 2599 263 1046 638 156 1047 2184 3 1048 2185 264 1049 2168 265 1050 2171 265 1051 2170 265 1052 2199 266 1053 2204 3 1054 646 267 1055 2519 268 1056 491 268 1057 2364 268 1058 2015 28 1059 2001 28 1060 520 28 1061 1834 269 1062 593 269 1063 1831 269 1064 246 270 1065 243 270 1066 2149 270 1067 213 170 1068 226 271 1069 565 272 1070 574 273 1071 2605 273 1072 2611 273 1073 2574 124 1074 556 274 1075 555 275 1076 2619 0 1077 2242 0 1078 2241 0 1079 31 276 1080 561 277 1081 231 128 1082 547 0 1083 1605 0 1084 29 0 1085 547 0 1086 29 0 1087 2591 0 1088 550 278 1089 2207 163 1090 215 279 1091 2579 280 1092 2166 280 1093 575 280 1094 212 38 1095 205 38 1096 2584 38 1097 575 3 1098 2167 3 1099 573 3 1100 2138 11 1101 315 281 1102 2139 282 1103 1613 283 1104 2391 284 1105 177 285 1106 666 286 1107 323 286 1108 50 286 1109 632 287 1110 340 288 1111 296 289 1112 2334 290 1113 2437 290 1114 145 290 1115 2325 291 1116 152 291 1117 2323 291 1118 1829 11 1119 2098 11 1120 1834 11 1121 2407 0 1122 2411 0 1123 2409 0 1124 2238 28 1125 238 28 1126 2072 28 1127 2439 292 1128 1609 292 1129 2436 292 1130 2434 293 1131 2440 293 1132 527 293 1133 2414 294 1134 447 294 1135 2412 294 1136 2445 295 1137 2446 296 1138 181 297 1139 2032 298 1140 2010 299 1141 2007 300 1142 2024 11 1143 2013 11 1144 513 11 1145 2389 301 1146 1614 301 1147 2393 301 1148 2391 0 1149 764 0 1150 177 0 1151 2074 302 1152 606 302 1153 2076 302 1154 42 303 1155 2281 303 1156 286 303 1157 658 3 1158 2306 304 1159 2240 305 1160 2123 38 1161 2295 38 1162 2296 38 1163 2080 28 1164 2086 28 1165 2084 28 1166 169 3 1167 2019 3 1168 2016 3 1169 137 306 1170 2376 306 1171 490 306 1172 170 307 1173 1600 307 1174 1598 307 1175 514 308 1176 2031 308 1177 2030 308 1178 1953 309 1179 1935 7 1180 1933 7 1181 605 3 1182 273 3 1183 608 3 1184 698 310 1185 2054 310 1186 362 310 1187 2040 311 1188 2038 311 1189 2052 311 1190 157 312 1191 505 313 1192 2530 314 1193 167 315 1194 166 315 1195 169 315 1196 2141 316 1197 2116 316 1198 2177 316 1199 2129 317 1200 2103 317 1201 2105 317 1202 2365 11 1203 2370 11 1204 130 11 1205 503 318 1206 500 318 1207 147 318 1208 2497 319 1209 2502 319 1210 2500 319 1211 2004 320 1212 2002 320 1213 2006 320 1214 147 11 1215 16 11 1216 503 11 1217 2336 7 1218 2333 7 1219 144 7 1220 2323 3 1221 154 3 1222 497 3 1223 2331 3 1224 504 3 1225 2315 3 1226 1634 321 1227 1661 322 1228 1662 323 1229 499 324 1230 2327 324 1231 2312 324 1232 2330 325 1233 2314 325 1234 2328 325 1235 83 326 1236 80 326 1237 434 326 1238 500 11 1239 151 11 1240 765 11 1241 2512 327 1242 452 327 1243 117 327 1244 2223 328 1245 2148 328 1246 2147 328 1247 1915 329 1248 1860 329 1249 432 329 1250 2360 330 1251 2370 330 1252 2366 330 1253 2448 3 1254 92 3 1255 96 3 1256 482 331 1257 2527 332 1258 108 333 1259 708 0 1260 374 0 1261 2483 0 1262 2512 0 1263 472 0 1264 468 0 1265 89 7 1266 2488 7 1267 2486 7 1268 127 334 1269 2553 334 1270 2552 334 1271 127 0 1272 2552 0 1273 2555 0 1274 100 173 1275 2550 335 1276 2551 174 1277 453 24 1278 2542 336 1279 2543 25 1280 2403 337 1281 451 153 1282 437 155 1283 578 338 1284 572 338 1285 2178 338 1286 1604 3 1287 2616 3 1288 2216 3 1289 2350 38 1290 2344 38 1291 2346 38 1292 92 339 1293 97 339 1294 2396 339 1295 2384 340 1296 2421 340 1297 2417 340 1298 2396 341 1299 449 341 1300 2397 341 1301 2521 342 1302 1636 342 1303 1664 342 1304 488 343 1305 2377 343 1306 489 343 1307 5 3 1308 480 3 1309 479 3 1310 2096 344 1311 2118 344 1312 2101 344 1313 2524 0 1314 455 0 1315 473 0 1316 2394 345 1317 2382 345 1318 2390 345 1319 73 346 1320 568 347 1321 1965 348 1322 2224 349 1323 2191 349 1324 2239 349 1325 1621 28 1326 75 28 1327 2164 28 1328 235 7 1329 1876 7 1330 1619 7 1331 1620 350 1332 2 350 1333 1622 350 1334 1817 28 1335 1815 28 1336 696 28 1337 1960 351 1338 1863 351 1339 1912 351 1340 436 352 1341 2405 352 1342 2408 352 1343 1864 353 1344 1919 353 1345 1916 353 1346 1627 3 1347 2410 3 1348 87 3 1349 2427 354 1350 2441 354 1351 2425 354 1352 2226 7 1353 271 7 1354 2225 7 1355 2089 355 1356 1603 355 1357 1602 355 1358 81 229 1359 237 229 1360 0 229 1361 2378 356 1362 2363 356 1363 2373 356 1364 429 28 1365 1670 28 1366 1905 28 1367 2484 38 1368 3 38 1369 91 38 1370 736 3 1371 1711 3 1372 1691 3 1373 641 28 1374 595 28 1375 313 28 1376 1911 11 1377 1625 11 1378 426 11 1379 79 0 1380 142 0 1381 1883 0 1382 734 0 1383 1723 0 1384 1720 0 1385 407 357 1386 1970 357 1387 1931 357 1388 1835 358 1389 1626 358 1390 1833 358 1391 255 359 1392 1828 359 1393 254 359 1394 580 360 1395 1838 360 1396 1836 360 1397 1909 361 1398 1623 361 1399 1624 361 1400 1969 11 1401 1886 11 1402 1885 11 1403 1810 362 1404 1814 362 1405 1809 362 1406 109 363 1407 2548 11 1408 2531 364 1409 1812 28 1410 1786 28 1411 1785 28 1412 1811 365 1413 1793 365 1414 1801 365 1415 457 366 1416 595 366 1417 596 366 1418 1779 367 1419 1775 367 1420 1777 367 1421 1786 368 1422 358 368 1423 689 368 1424 633 369 1425 266 369 1426 594 369 1427 1795 370 1428 1785 370 1429 1791 370 1430 87 371 1431 96 371 1432 1627 371 1433 1628 372 1434 1833 372 1435 1626 372 1436 2506 7 1437 707 7 1438 2507 7 1439 2507 7 1440 2476 7 1441 2468 7 1442 2475 0 1443 374 0 1444 2479 0 1445 2489 11 1446 99 11 1447 90 11 1448 1592 11 1449 1721 11 1450 1727 11 1451 285 373 1452 616 373 1453 617 373 1454 1923 0 1455 1692 0 1456 1690 0 1457 747 374 1458 1890 374 1459 1593 374 1460 1894 375 1461 1879 375 1462 1892 375 1463 1898 38 1464 1899 38 1465 1896 38 1466 1956 376 1467 1857 376 1468 1854 376 1469 265 7 1470 1868 7 1471 1866 7 1472 1874 7 1473 236 7 1474 424 7 1475 1891 0 1476 1685 0 1477 1681 0 1478 1880 3 1479 1684 3 1480 1686 3 1481 1871 11 1482 1682 11 1483 1680 11 1484 1906 377 1485 1658 377 1486 1887 377 1487 1865 3 1488 1907 3 1489 1875 3 1490 427 11 1491 433 11 1492 86 11 1493 85 378 1494 1625 378 1495 1914 378 1496 1862 3 1497 1907 3 1498 1861 3 1499 2048 379 1500 1825 379 1501 704 379 1502 18 380 1503 2046 380 1504 168 380 1505 417 381 1506 753 381 1507 1992 381 1508 2050 382 1509 2042 382 1510 2058 382 1511 1782 28 1512 702 28 1513 1781 28 1514 1641 383 1515 2028 383 1516 1643 383 1517 1934 3 1518 1674 3 1519 1676 3 1520 1996 384 1521 516 384 1522 1998 384 1523 76 28 1524 1920 28 1525 1908 28 1526 1917 385 1527 1875 385 1528 1877 385 1529 1958 110 1530 1606 110 1531 1608 110 1532 1660 386 1533 77 386 1534 486 386 1535 2324 7 1536 89 7 1537 2486 7 1538 2338 38 1539 2492 38 1540 2495 38 1541 463 28 1542 457 28 1543 464 28 1544 2558 387 1545 1631 3 1546 110 388 1547 2549 28 1548 159 28 1549 2547 28 1550 1939 55 1551 1594 55 1552 1596 55 1553 82 389 1554 1962 389 1555 1964 389 1556 1781 390 1557 2043 390 1558 1769 390 1559 2043 28 1560 51 28 1561 1769 28 1562 1672 28 1563 428 28 1564 1669 28 1565 102 391 1566 507 391 1567 17 391 1568 1667 7 1569 1 7 1570 492 7 1571 419 392 1572 756 103 1573 759 47 1574 2340 38 1575 25 38 1576 184 38 1577 2371 393 1578 2022 393 1579 2379 393 1580 2322 394 1581 2425 394 1582 2441 394 1583 2380 395 1584 163 395 1585 2369 395 1586 663 0 1587 328 0 1588 2258 0 1589 671 396 1590 2628 396 1591 322 396 1592 2422 397 1593 2416 397 1594 2418 397 1595 2353 319 1596 2342 319 1597 2345 319 1598 2351 398 1599 2316 398 1600 2318 398 1601 2505 399 1602 2451 399 1603 2503 399 1604 324 11 1605 326 11 1606 325 11 1607 793 400 1608 791 400 1609 2639 400 1610 2161 3 1611 343 3 1612 337 3 1613 2236 3 1614 675 3 1615 674 3 1616 334 401 1617 339 401 1618 335 401 1619 337 3 1620 2157 3 1621 2161 3 1622 2636 402 1623 2632 403 1624 181 404 1625 2247 405 1626 2259 405 1627 2260 405 1628 2646 406 1629 344 406 1630 346 406 1631 2155 407 1632 2297 407 1633 627 407 1634 2245 408 1635 2633 408 1636 332 408 1637 2248 409 1638 331 409 1639 2264 409 1640 2243 410 1641 330 410 1642 767 410 1643 665 7 1644 2644 7 1645 664 7 1646 766 411 1647 200 411 1648 2634 411 1649 2638 3 1650 2157 3 1651 337 3 1652 673 412 1653 2649 412 1654 2301 412 1655 2159 413 1656 345 413 1657 2162 413 1658 2247 414 1659 2244 414 1660 2246 414 1661 679 7 1662 2136 7 1663 676 7 1664 2135 415 1665 2648 415 1666 2645 415 1667 2156 416 1668 2648 416 1669 2160 416 1670 789 417 1671 2670 418 1672 794 418 1673 2626 11 1674 201 11 1675 2265 11 1676 2678 419 1677 2671 419 1678 2637 419 1679 2289 7 1680 2288 7 1681 2640 7 1682 343 3 1683 341 3 1684 337 3 1685 2632 403 1686 200 420 1687 181 404 1688 343 421 1689 675 421 1690 340 421 1691 2650 422 1692 626 422 1693 792 422 1694 2664 423 1695 775 423 1696 777 423 1697 795 424 1698 2161 424 1699 2302 424 1700 776 38 1701 773 38 1702 780 38 1703 795 425 1704 2650 425 1705 792 425 1706 2137 3 1707 2638 3 1708 626 3 1709 2231 426 1710 787 427 1711 2234 7 1712 2666 428 1713 27 428 1714 329 428 1715 2651 429 1716 781 429 1717 2657 429 1718 2667 430 1719 768 430 1720 769 430 1721 2656 431 1722 772 3 1723 533 432 1724 2271 433 1725 771 433 1726 534 433 1727 533 7 1728 2269 7 1729 198 434 1730 2689 435 1731 2266 435 1732 2267 435 1733 2272 436 1734 2687 436 1735 2652 436 1736 2653 437 1737 2660 437 1738 2685 437 1739 338 3 1740 341 3 1741 339 3 1742 782 428 1743 329 428 1744 774 428 1745 2659 438 1746 2690 438 1747 2663 438 1748 2669 431 1749 2661 3 1750 2655 432 1751 2691 428 1752 774 428 1753 788 428 1754 2663 439 1755 2673 439 1756 2679 439 1757 786 440 1758 783 440 1759 2665 440 1760 2677 441 1761 785 3 1762 2668 442 1763 778 443 1764 2681 443 1765 773 443 1766 2682 444 1767 788 445 1768 787 446 1769 2675 447 1770 2692 447 1771 2683 447 1772 2026 7 1773 2023 7 1774 2025 7 1775 666 448 1776 668 448 1777 669 448 1778 670 11 1779 325 11 1780 326 11 1781 181 404 1782 666 449 1783 669 450 1784 201 11 1785 2636 11 1786 669 11 1787 181 404 1788 669 450 1789 2636 402 1790 2688 28 1791 2694 28 1792 27 28 1793 2196 192 1794 305 451 1795 49 452 1796 49 452 1797 628 175 1798 2201 177 1799 317 0 1800 2202 0 1801 310 0 1802 308 0 1803 2202 0 1804 309 0 1805 649 453 1806 2277 453 1807 307 453 1808 2254 454 1809 1650 455 1810 2237 246 1811 303 158 1812 2219 176 1813 294 456 1814 2262 258 1815 2303 457 1816 2254 454 1817 2240 305 1818 2305 458 1819 2256 459 1820 2256 459 1821 2308 460 1822 2257 256 1823 648 0 1824 2277 0 1825 643 0 1826 300 461 1827 2192 200 1828 630 462 1829 2139 282 1830 2255 463 1831 321 464 1832 2274 465 1833 2276 465 1834 2275 465 1835 2274 466 1836 2275 466 1837 48 466 1838 2253 467 1839 652 467 1840 2182 467 1841 2273 468 1842 651 469 1843 1652 237 1844 2152 470 1845 629 199 1846 2151 201 1847 319 262 1848 2249 471 1849 2273 468 1850 2199 266 1851 301 472 1852 2152 470 1853 644 178 1854 2193 473 1855 300 461 1856 2300 474 1857 654 474 1858 653 474 1859 321 464 1860 2251 475 1861 661 260 1862 2558 387 1863 112 476 1864 467 23 1865 466 477 1866 2542 336 1867 7 478 1868 109 363 1869 2532 479 1870 466 477 1871 108 333 1872 2526 480 1873 8 481 1874 8 481 1875 119 482 1876 125 72 1877 476 0 1878 2561 0 1879 475 0 1880 2524 483 1881 472 483 1882 10 483 1883 126 484 1884 474 484 1885 11 484 1886 2554 485 1887 2528 486 1888 482 331 1889 2517 487 1890 2537 487 1891 105 487 1892 458 69 1893 2513 488 1894 478 489 1895 121 141 1896 115 490 1897 459 119 1898 117 491 1899 2537 491 1900 2515 491 1901 2566 26 1902 111 492 1903 2567 172 1904 2556 0 1905 2560 0 1906 2538 0 1907 2556 0 1908 2538 0 1909 2552 0 1910 2563 493 1911 2559 493 1912 2541 493 1913 2563 0 1914 2541 0 1915 2562 0 1916 2565 494 1917 2564 494 1918 2562 494 1919 2565 495 1920 2562 495 1921 2557 495 1922 2511 0 1923 2561 0 1924 483 0 1925 106 77 1926 2529 496 1927 2554 485 1928 478 489 1929 123 497 1930 122 114 1931 465 40 1932 2550 335 1933 6 498 1934 220 0 1935 216 0 1936 558 0 1937 555 275 1938 552 162 1939 2208 164 1940 2620 499 1941 35 499 1942 2242 499 1943 2614 500 1944 35 500 1945 2613 500 1946 2597 501 1947 218 166 1948 554 168 1949 230 130 1950 2642 502 1951 229 131 1952 32 132 1953 2586 503 1954 550 278 1955 2571 21 1956 223 504 1957 208 505 1958 565 272 1959 564 506 1960 546 17 1961 227 126 1962 549 507 1963 2597 501 1964 2619 508 1965 2583 508 1966 563 508 1967 208 505 1968 222 509 1969 31 276 1970 545 19 1971 2621 510 1972 2592 511 1973 232 512 1974 2581 512 1975 2630 512 1976 2592 511 1977 562 513 1978 33 81 1979 548 122 1980 560 514 1981 553 515 1982 2623 0 1983 2581 0 1984 559 0 1985 2593 516 1986 2595 516 1987 2591 516 1988 2593 0 1989 2591 0 1990 2582 0 1991 1617 0 1992 2575 0 1993 210 0 1994 1617 0 1995 210 0 1996 1618 0 1997 2596 0 1998 2594 0 1999 1618 0 2000 2596 517 2001 1618 517 2002 543 517 2003 553 515 2004 202 167 2005 217 518 2006 2618 0 2007 2583 0 2008 2570 0 2009 754 519 2010 756 103 2011 1990 520 2012 1984 521 2013 418 521 2014 1994 521 2015 1754 522 2016 1706 522 2017 1758 522 2018 1971 523 2019 1895 523 2020 1873 523 2021 1942 38 2022 1940 38 2023 1938 38 2024 2457 38 2025 712 38 2026 2459 38 2027 3432 7 2028 952 7 2029 810 7 2030 956 524 2031 809 525 2032 2738 525 2033 3428 3 2034 945 3 2035 946 3 2036 973 526 2037 3422 527 2038 1560 528 2039 1518 0 2040 2854 0 2041 1180 0 2042 1218 529 2043 2802 529 2044 865 529 2045 866 9 2046 2808 9 2047 867 9 2048 2856 530 2049 1557 530 2050 2862 530 2051 1514 7 2052 2842 7 2053 2847 7 2054 1280 7 2055 1291 7 2056 808 7 2057 1289 531 2058 3471 531 2059 1283 531 2060 1283 532 2061 926 532 2062 3468 532 2063 3626 533 2064 1270 533 2065 807 533 2066 939 41 2067 1294 41 2068 1238 41 2069 3636 3 2070 1265 15 2071 3639 16 2072 1005 7 2073 2721 7 2074 1339 7 2075 1029 534 2076 1342 17 2077 1341 19 2078 3718 20 2079 3319 3 2080 3674 535 2081 3643 7 2082 3655 7 2083 3658 7 2084 1249 24 2085 1263 23 2086 3646 25 2087 1252 11 2088 3669 26 2089 1266 27 2090 854 0 2091 1198 0 2092 2759 0 2093 1175 11 2094 1186 11 2095 1519 11 2096 816 0 2097 1307 0 2098 957 0 2099 961 28 2100 3100 28 2101 817 28 2102 3160 536 2103 3142 536 2104 3144 536 2105 870 537 2106 930 537 2107 929 537 2108 2827 3 2109 1191 3 2110 2837 3 2111 2833 538 2112 1515 538 2113 2835 538 2114 1183 11 2115 2799 11 2116 2834 11 2117 2839 7 2118 2847 7 2119 2840 7 2120 3711 539 2121 3707 539 2122 3712 539 2123 1394 540 2124 1040 540 2125 3704 540 2126 2859 0 2127 1520 0 2128 1182 0 2129 3132 541 2130 1317 541 2131 1318 541 2132 852 7 2133 2843 7 2134 2842 7 2135 2855 0 2136 2860 0 2137 2850 0 2138 2844 0 2139 1182 0 2140 2846 0 2141 955 34 2142 1304 34 2143 899 34 2144 942 7 2145 3413 7 2146 1292 7 2147 3303 542 2148 3703 542 2149 3268 542 2150 1012 543 2151 3725 543 2152 3728 543 2153 3642 7 2154 3665 7 2155 3660 7 2156 1062 38 2157 3638 38 2158 3637 38 2159 805 39 2160 1265 15 2161 1261 40 2162 898 38 2163 3648 38 2164 3649 38 2165 3643 7 2166 3642 7 2167 3641 7 2168 1237 14 2169 3435 14 2170 3503 14 2171 2945 544 2172 864 544 2173 3054 544 2174 2943 545 2175 1545 545 2176 1207 545 2177 2946 546 2178 3046 546 2179 2948 546 2180 1047 547 2181 1416 547 2182 1409 547 2183 1551 548 2184 1555 549 2185 1215 550 2186 1550 0 2187 1216 0 2188 1551 0 2189 3094 551 2190 3091 551 2191 3088 551 2192 3081 552 2193 1076 552 2194 1377 552 2195 2817 3 2196 1194 3 2197 2821 3 2198 1188 0 2199 1202 0 2200 860 0 2201 855 0 2202 1201 0 2203 2956 0 2204 2819 11 2205 2958 11 2206 2815 11 2207 2768 0 2208 3021 0 2209 3013 0 2210 1189 11 2211 3027 11 2212 1533 11 2213 3138 28 2214 1313 28 2215 2743 28 2216 1306 7 2217 2745 7 2218 3136 7 2219 1314 11 2220 1318 11 2221 1319 11 2222 1495 553 2223 2863 553 2224 3158 553 2225 3102 7 2226 968 7 2227 3106 7 2228 3147 554 2229 1161 554 2230 2919 554 2231 1190 38 2232 1517 38 2233 857 38 2234 818 555 2235 2740 555 2236 819 555 2237 3079 38 2238 3075 38 2239 3077 38 2240 2961 38 2241 2951 38 2242 2953 38 2243 3025 52 2244 3076 52 2245 3029 52 2246 3070 556 2247 3066 556 2248 3060 556 2249 3006 557 2250 1544 557 2251 1200 557 2252 2829 0 2253 859 0 2254 1525 0 2255 2800 558 2256 1536 558 2257 1537 558 2258 3033 559 2259 1208 559 2260 1540 559 2261 1541 560 2262 2975 560 2263 2973 560 2264 1429 38 2265 1093 38 2266 1436 38 2267 2782 0 2268 1197 0 2269 2786 0 2270 1187 7 2271 2949 7 2272 1526 7 2273 2811 560 2274 2952 560 2275 2801 560 2276 2810 561 2277 1199 561 2278 2954 561 2279 2831 3 2280 1193 3 2281 2825 3 2282 2797 557 2283 2757 557 2284 2962 557 2285 2838 7 2286 2812 7 2287 2836 7 2288 1521 38 2289 2853 38 2290 2828 38 2291 857 38 2292 2853 38 2293 1528 38 2294 2791 38 2295 853 38 2296 2792 38 2297 1522 562 2298 1528 562 2299 2853 562 2300 1534 38 2301 853 38 2302 1190 38 2303 2791 38 2304 1177 38 2305 1517 38 2306 2792 38 2307 1513 38 2308 856 38 2309 1184 563 2310 2816 563 2311 1524 563 2312 1523 564 2313 1524 564 2314 2832 564 2315 2833 565 2316 2853 565 2317 1527 565 2318 2822 566 2319 1527 566 2320 2818 566 2321 1529 38 2322 1184 38 2323 1523 38 2324 1185 567 2325 2841 567 2326 1529 567 2327 856 38 2328 1177 38 2329 2813 38 2330 1185 38 2331 1524 38 2332 2845 38 2333 2835 568 2334 1522 568 2335 1521 568 2336 2818 569 2337 1524 569 2338 2816 569 2339 2822 570 2340 1184 570 2341 1515 570 2342 2803 67 2343 1559 67 2344 2805 67 2345 3058 38 2346 1206 38 2347 3055 38 2348 2848 7 2349 1179 7 2350 1176 7 2351 920 68 2352 1275 3 2353 1254 571 2354 3555 572 2355 1509 572 2356 3573 572 2357 1050 573 2358 3596 573 2359 2931 573 2360 3598 38 2361 889 38 2362 3595 38 2363 3592 574 2364 894 574 2365 3590 574 2366 1277 3 2367 921 72 2368 801 3 2369 1238 575 2370 1240 575 2371 939 575 2372 1511 74 2373 1173 74 2374 851 74 2375 3565 38 2376 1166 38 2377 1511 38 2378 3559 576 2379 3585 576 2380 3567 576 2381 914 7 2382 3626 7 2383 3625 7 2384 1516 3 2385 2849 3 2386 2852 3 2387 1267 11 2388 916 11 2389 903 11 2390 3572 7 2391 1504 7 2392 1165 7 2393 1181 0 2394 1180 0 2395 2860 0 2396 1273 76 2397 903 11 2398 902 77 2399 3611 7 2400 2735 7 2401 3621 7 2402 886 577 2403 891 577 2404 895 577 2405 1030 578 2406 3172 578 2407 2749 578 2408 2774 579 2409 934 579 2410 3477 579 2411 3720 3 2412 829 81 2413 2707 3 2414 1028 7 2415 3675 7 2416 832 7 2417 2858 7 2418 1512 7 2419 1179 7 2420 2905 90 2421 1482 90 2422 1146 90 2423 1489 580 2424 2883 580 2425 1157 580 2426 1153 581 2427 1496 581 2428 1490 581 2429 1483 582 2430 2899 582 2431 1484 582 2432 1478 583 2433 1152 583 2434 1147 583 2435 2924 584 2436 1486 584 2437 2916 584 2438 3052 7 2439 3071 7 2440 3062 7 2441 2894 585 2442 2896 585 2443 2904 585 2444 2897 586 2445 2871 586 2446 1488 586 2447 2909 82 2448 2907 82 2449 2906 82 2450 2900 83 2451 1491 83 2452 2877 83 2453 1144 587 2454 1145 587 2455 2891 587 2456 2875 588 2457 3152 588 2458 1160 588 2459 2870 28 2460 1159 28 2461 2875 28 2462 1160 28 2463 849 28 2464 847 28 2465 2867 28 2466 1499 28 2467 3140 28 2468 2920 95 2469 1163 95 2470 848 95 2471 1163 96 2472 2920 96 2473 1480 96 2474 2918 28 2475 1492 28 2476 1162 28 2477 1485 28 2478 1484 28 2479 1154 28 2480 1480 28 2481 2918 28 2482 2926 28 2483 1476 99 2484 1151 99 2485 1477 99 2486 887 38 2487 1381 38 2488 799 38 2489 2879 589 2490 2874 589 2491 2925 589 2492 1149 97 2493 2923 97 2494 1479 97 2495 2930 590 2496 2890 590 2497 2892 590 2498 2950 591 2499 3048 591 2500 2959 591 2501 2778 592 2502 1553 592 2503 2780 592 2504 1555 549 2505 1211 593 2506 1552 594 2507 868 595 2508 1222 595 2509 3014 595 2510 2901 596 2511 2886 596 2512 2868 596 2513 2776 597 2514 3057 597 2515 1554 597 2516 2710 598 2517 1231 598 2518 2965 598 2519 2914 599 2520 2899 599 2521 2910 599 2522 975 600 2523 986 600 2524 976 600 2525 3547 601 2526 3532 601 2527 3536 601 2528 2713 602 2529 3527 602 2530 988 602 2531 984 603 2532 3522 603 2533 978 603 2534 974 7 2535 982 7 2536 1322 7 2537 984 11 2538 990 11 2539 991 11 2540 980 38 2541 3545 38 2542 821 38 2543 979 3 2544 1326 3 2545 989 3 2546 1221 604 2547 3266 604 2548 1367 604 2549 978 11 2550 3526 11 2551 985 11 2552 1505 3 2553 850 3 2554 1507 3 2555 3581 605 2556 3585 605 2557 1172 605 2558 897 606 2559 3620 606 2560 3619 606 2561 3590 607 2562 1241 607 2563 1246 607 2564 3568 608 2565 1171 608 2566 1174 608 2567 3617 115 2568 918 114 2569 900 116 2570 1510 609 2571 3557 609 2572 3576 609 2573 3503 610 2574 3584 610 2575 1237 610 2576 3614 7 2577 2732 7 2578 3613 7 2579 910 120 2580 1255 611 2581 916 121 2582 1501 11 2583 1506 11 2584 1164 11 2585 3671 11 2586 1344 122 2587 1021 123 2588 1336 11 2589 3677 612 2590 1015 125 2591 1010 3 2592 1023 126 2593 830 127 2594 1017 613 2595 1027 128 2596 1026 130 2597 1353 11 2598 1025 614 2599 3321 11 2600 3317 7 2601 1016 7 2602 3744 7 2603 3316 3 2604 828 132 2605 3693 133 2606 3672 7 2607 3721 7 2608 1020 7 2609 1347 615 2610 3726 615 2611 3725 615 2612 1037 616 2613 3281 616 2614 1374 616 2615 3717 7 2616 3680 7 2617 3727 7 2618 3683 7 2619 3706 7 2620 3701 7 2621 1167 617 2622 3564 617 2623 3563 617 2624 3577 618 2625 3556 618 2626 3574 618 2627 1167 619 2628 3561 619 2629 3570 619 2630 922 620 2631 1271 620 2632 1272 620 2633 2762 621 2634 3623 621 2635 934 621 2636 912 622 2637 900 116 2638 917 141 2639 3575 0 2640 1502 0 2641 3580 0 2642 1561 623 2643 3420 623 2644 947 623 2645 2718 11 2646 969 11 2647 1324 11 2648 2771 3 2649 3477 3 2650 932 3 2651 1281 624 2652 3458 624 2653 927 624 2654 3465 625 2655 2771 625 2656 932 625 2657 2987 626 2658 1219 626 2659 1227 626 2660 3031 627 2661 3085 627 2662 1546 627 2663 3030 628 2664 3078 628 2665 3024 628 2666 1548 629 2667 3092 629 2668 1212 629 2669 2870 28 2670 3140 28 2671 3154 28 2672 819 630 2673 3122 630 2674 3119 630 2675 3112 7 2676 3111 7 2677 3098 7 2678 1320 631 2679 1314 631 2680 1319 631 2681 3148 632 2682 1315 632 2683 1320 632 2684 1110 633 2685 1450 633 2686 1449 633 2687 2970 634 2688 1086 634 2689 3397 634 2690 3461 0 2691 3460 0 2692 928 0 2693 1292 7 2694 3504 7 2695 942 7 2696 946 635 2697 3418 635 2698 3434 635 2699 2939 636 2700 1234 636 2701 3498 636 2702 972 637 2703 993 637 2704 971 637 2705 3459 638 2706 936 638 2707 3463 638 2708 937 639 2709 2769 639 2710 3465 639 2711 983 11 2712 1324 11 2713 990 11 2714 1235 7 2715 1247 640 2716 1233 7 2717 1098 157 2718 1434 156 2719 1099 158 2720 1415 641 2721 3395 641 2722 1414 641 2723 1451 7 2724 3378 7 2725 844 7 2726 1399 3 2727 1403 3 2728 3184 3 2729 1332 38 2730 1007 38 2731 1335 38 2732 3310 163 2733 1348 162 2734 3311 164 2735 1398 642 2736 836 642 2737 3186 642 2738 998 167 2739 1014 166 2740 1350 168 2741 1362 169 2742 3320 11 2743 1009 170 2744 3309 7 2745 1431 7 2746 1453 7 2747 1334 28 2748 3690 28 2749 1337 28 2750 896 643 2751 3670 172 2752 3654 174 2753 1024 11 2754 3321 11 2755 3320 11 2756 1003 28 2757 1333 28 2758 3688 28 2759 3322 176 2760 1424 644 2761 3304 177 2762 824 7 2763 1005 7 2764 825 7 2765 842 28 2766 3300 28 2767 1430 28 2768 3284 11 2769 1440 645 2770 1441 179 2771 1386 646 2772 1056 646 2773 1060 646 2774 2934 647 2775 1052 647 2776 1389 647 2777 1463 11 2778 3130 11 2779 1464 11 2780 824 7 2781 3694 7 2782 3685 7 2783 1107 3 2784 2754 3 2785 1454 3 2786 1417 648 2787 1088 648 2788 1089 648 2789 1562 649 2790 3368 649 2791 3729 649 2792 3403 7 2793 1091 7 2794 1458 7 2795 1113 7 2796 3297 7 2797 3410 7 2798 3000 11 2799 1078 11 2800 1080 11 2801 1377 650 2802 3256 650 2803 3081 650 2804 1409 651 2805 3247 652 2806 1047 7 2807 1095 7 2808 1455 7 2809 1456 7 2810 1095 653 2811 3378 653 2812 1455 653 2813 843 654 2814 3306 654 2815 1112 654 2816 843 7 2817 1431 7 2818 3306 7 2819 1452 7 2820 1431 7 2821 1432 7 2822 1452 655 2823 1453 655 2824 1431 655 2825 3313 193 2826 3299 192 2827 1094 194 2828 3550 656 2829 835 656 2830 1396 656 2831 989 657 2832 970 657 2833 972 657 2834 2742 658 2835 3123 658 2836 2741 658 2837 1045 659 2838 3272 659 2839 1372 659 2840 820 38 2841 3534 38 2842 822 38 2843 979 3 2844 988 3 2845 987 3 2846 3295 660 2847 1425 199 2848 3254 201 2849 3196 661 2850 1421 7 2851 3213 662 2852 1065 663 2853 1036 663 2854 3276 663 2855 1387 38 2856 1379 38 2857 1380 38 2858 3229 7 2859 3193 7 2860 3211 7 2861 3178 664 2862 3174 664 2863 3182 664 2864 3325 665 2865 1041 665 2866 3249 665 2867 2940 666 2868 1059 666 2869 3217 666 2870 3490 667 2871 3484 667 2872 3486 667 2873 3207 210 2874 1083 210 2875 3393 210 2876 3402 11 2877 1433 11 2878 3241 11 2879 3000 668 2880 1418 668 2881 2970 668 2882 1411 669 2883 1419 669 2884 1417 669 2885 2991 670 2886 3040 670 2887 1204 670 2888 1054 3 2889 3218 3 2890 1385 3 2891 1366 28 2892 1365 28 2893 1035 28 2894 1406 671 2895 1407 672 2896 1393 7 2897 1075 673 2898 3223 673 2899 1410 673 2900 1372 674 2901 3270 674 2902 1369 674 2903 1072 675 2904 1068 675 2905 3188 675 2906 3159 676 2907 2866 676 2908 3156 676 2909 3083 677 2910 1408 677 2911 1077 677 2912 1445 7 2913 1105 7 2914 1104 7 2915 3197 678 2916 3212 678 2917 3194 678 2918 2932 679 2919 1388 679 2920 2940 679 2921 3165 7 2922 1407 672 2923 3168 7 2924 834 680 2925 837 680 2926 836 680 2927 3176 681 2928 1064 681 2929 1397 681 2930 2999 38 2931 3236 38 2932 3002 38 2933 2704 682 2934 1070 682 2935 1400 682 2936 992 683 2937 3518 683 2938 1327 683 2939 3446 684 2940 3451 684 2941 3444 684 2942 3599 685 2943 3604 685 2944 3602 685 2945 3335 686 2946 3331 686 2947 3333 686 2948 2750 687 2949 1405 687 2950 2747 687 2951 3338 28 2952 3170 28 2953 3330 28 2954 3181 688 2955 3173 688 2956 3178 688 2957 1395 689 2958 3169 689 2959 3171 689 2960 1066 690 2961 3163 690 2962 1403 690 2963 3292 691 2964 1047 7 2965 3247 652 2966 1413 692 2967 3233 692 2968 1412 692 2969 1068 3 2970 3184 3 2971 3188 3 2972 3228 693 2973 3213 662 2974 1421 7 2975 3209 694 2976 1384 694 2977 3215 694 2978 3003 695 2979 1077 695 2980 1078 695 2981 2969 696 2982 1049 696 2983 3210 696 2984 1108 3 2985 2755 237 2986 2754 3 2987 3505 697 2988 1239 697 2989 891 697 2990 3324 28 2991 1043 28 2992 3253 28 2993 3381 698 2994 3386 698 2995 3394 698 2996 1428 699 2997 840 38 2998 3286 38 2999 1451 7 3000 3309 7 3001 1455 7 3002 1438 7 3003 1110 7 3004 3353 7 3005 1448 700 3006 3353 700 3007 1114 700 3008 3069 7 3009 3282 7 3010 1375 7 3011 3200 701 3012 1055 701 3013 3222 701 3014 1085 702 3015 3388 702 3016 3387 702 3017 1435 703 3018 1444 703 3019 1443 703 3020 3283 7 3021 3356 7 3022 3355 7 3023 1054 704 3024 3215 704 3025 3220 704 3026 1233 705 3027 1378 705 3028 1235 705 3029 2752 247 3030 3340 706 3031 1433 248 3032 3182 11 3033 1398 11 3034 3186 11 3035 3710 707 3036 3713 707 3037 3715 708 3038 1038 11 3039 1373 11 3040 1042 11 3041 1385 709 3042 1058 709 3043 1386 709 3044 1138 7 3045 1129 7 3046 1473 7 3047 3279 7 3048 3289 7 3049 3245 7 3050 3277 11 3051 1039 11 3052 3252 11 3053 3293 710 3054 3246 710 3055 3290 710 3056 1082 711 3057 3385 711 3058 3384 711 3059 3407 257 3060 3360 712 3061 3365 258 3062 3114 713 3063 3120 713 3064 3117 713 3065 838 3 3066 1084 3 3067 1411 3 3068 1116 261 3069 1457 260 3070 1115 262 3071 1044 714 3072 3278 714 3073 3315 714 3074 3287 3 3075 1434 156 3076 3288 264 3077 3274 715 3078 3271 715 3079 3273 715 3080 3307 3 3081 3302 266 3082 1442 267 3083 3622 716 3084 1287 716 3085 3612 716 3086 3118 28 3087 3104 28 3088 3108 28 3089 2937 717 3090 1389 717 3091 3201 717 3092 1039 718 3093 1042 718 3094 3252 718 3095 1022 719 3096 1009 170 3097 1361 720 3098 1370 721 3099 3708 721 3100 3682 721 3101 1352 274 3102 3677 612 3103 1351 275 3104 3722 722 3105 3345 722 3106 3723 722 3107 1357 277 3108 827 723 3109 1027 128 3110 1343 7 3111 825 7 3112 2708 7 3113 1343 7 3114 3694 7 3115 825 7 3116 3310 163 3117 1346 278 3118 1011 279 3119 3269 724 3120 3682 724 3121 1371 724 3122 1001 38 3123 1008 38 3124 3687 38 3125 3270 3 3126 1371 3 3127 1369 3 3128 1111 725 3129 3241 11 3130 3242 282 3131 2716 726 3132 973 727 3133 3494 728 3134 1462 729 3135 1119 729 3136 1466 729 3137 1428 730 3138 1136 731 3139 1137 732 3140 3540 733 3141 3437 733 3142 941 733 3143 3428 3 3144 948 3 3145 949 3 3146 2932 11 3147 3201 11 3148 3203 11 3149 3514 7 3150 3510 7 3151 3512 7 3152 1034 28 3153 3341 28 3154 3175 28 3155 2712 734 3156 3542 734 3157 3539 734 3158 3543 735 3159 3537 735 3160 1323 735 3161 3517 736 3162 1243 736 3163 3553 736 3164 3549 737 3165 3548 738 3166 977 739 3167 3135 740 3168 3110 741 3169 3113 742 3170 3127 743 3171 3116 743 3172 1317 743 3173 2717 744 3174 3492 744 3175 3496 744 3176 1560 7 3177 3494 7 3178 973 7 3179 1402 745 3180 3177 745 3181 3179 745 3182 838 746 3183 3384 746 3184 3382 746 3185 3409 304 3186 1454 3 3187 3343 305 3188 3398 38 3189 3226 38 3190 3399 38 3191 3189 28 3192 3183 28 3193 3187 28 3194 3122 3 3195 965 3 3196 3119 3 3197 3479 306 3198 933 306 3199 1286 306 3200 966 747 3201 2703 747 3202 3115 747 3203 3134 748 3204 1310 748 3205 3133 748 3206 3038 0 3207 3056 749 3208 3036 0 3209 1401 750 3210 1069 750 3211 1072 750 3212 3157 751 3213 1494 751 3214 1158 751 3215 3141 752 3216 3143 752 3217 3155 752 3218 953 753 3219 3633 754 3220 1301 755 3221 962 3 3222 963 3 3223 965 3 3224 3219 756 3225 3244 756 3226 3280 756 3227 3232 757 3228 3206 757 3229 3230 757 3230 3468 11 3231 3473 11 3232 3469 11 3233 1296 758 3234 1299 758 3235 943 758 3236 3605 759 3237 3600 759 3238 3603 759 3239 3105 760 3240 3107 760 3241 3109 760 3242 943 11 3243 812 11 3244 811 11 3245 3436 0 3246 3439 0 3247 940 0 3248 3426 761 3249 950 761 3250 948 761 3251 3434 762 3252 1300 762 3253 3412 762 3254 2737 763 3255 2765 764 3256 2764 765 3257 1295 766 3258 3430 766 3259 3420 766 3260 3417 767 3261 3433 767 3262 3431 767 3263 876 326 3264 879 326 3265 1230 326 3266 1296 11 3267 947 11 3268 1298 11 3269 1248 7 3270 3615 7 3271 913 7 3272 3326 768 3273 3251 768 3274 3332 768 3275 3018 769 3276 2963 769 3277 3016 769 3278 3473 770 3279 3463 770 3280 3469 770 3281 888 3 3282 3551 3 3283 892 3 3284 3630 332 3285 1278 331 3286 904 333 3287 1170 7 3288 1504 7 3289 3586 7 3290 3615 771 3291 1268 771 3292 806 771 3293 885 772 3294 3591 772 3295 3594 772 3296 923 773 3297 3655 773 3298 3656 773 3299 923 7 3300 3658 7 3301 3655 7 3302 3653 335 3303 896 643 3304 3654 174 3305 3645 336 3306 1249 24 3307 3646 25 3308 3506 774 3309 1233 7 3310 1247 640 3311 1374 775 3312 1368 775 3313 3277 775 3314 3719 3 3315 2707 3 3316 3319 3 3317 3447 38 3318 3453 38 3319 3449 38 3320 888 776 3321 893 776 3322 1244 776 3323 3524 340 3324 3487 340 3325 3520 340 3326 3499 777 3327 1245 777 3328 893 777 3329 2739 778 3330 3624 778 3331 2767 778 3332 1284 779 3333 3480 779 3334 3470 779 3335 1276 3 3336 801 3 3337 1275 3 3338 3221 780 3339 3199 780 3340 3204 780 3341 3627 7 3342 1251 7 3343 3628 7 3344 3485 7 3345 3497 7 3346 3493 7 3347 869 781 3348 3068 782 3349 1364 783 3350 3294 784 3351 3327 784 3352 3342 784 3353 871 28 3354 2724 28 3355 3267 28 3356 2979 0 3357 1031 0 3358 2722 0 3359 798 785 3360 2723 785 3361 2725 785 3362 2920 28 3363 2918 28 3364 1480 28 3365 2966 786 3366 3063 786 3367 3015 786 3368 3508 787 3369 1232 787 3370 3511 787 3371 3022 788 3372 2967 788 3373 3019 788 3374 2730 789 3375 3513 789 3376 3502 789 3377 3544 790 3378 3530 790 3379 3528 790 3380 1067 791 3381 3329 791 3382 3328 791 3383 3192 792 3384 2706 792 3385 3190 792 3386 1033 686 3387 877 686 3388 796 686 3389 3466 793 3390 3481 793 3391 3476 793 3392 2773 28 3393 1225 28 3394 3008 28 3395 799 38 3396 3587 38 3397 887 38 3398 2814 3 3399 1532 3 3400 2794 3 3401 1391 28 3402 1437 28 3403 1109 28 3404 3014 11 3405 2728 11 3406 3017 11 3407 938 7 3408 875 7 3409 2986 7 3410 2826 7 3411 1530 7 3412 2823 7 3413 1203 794 3414 3073 794 3415 1209 794 3416 2729 795 3417 2938 795 3418 2936 795 3419 2931 796 3420 1051 796 3421 1050 796 3422 1376 797 3423 2941 797 3424 1382 797 3425 2726 798 3426 3012 798 3427 2727 798 3428 3072 799 3429 2989 799 3430 868 799 3431 2917 800 3432 2913 800 3433 2912 800 3434 3651 11 3435 905 363 3436 3634 364 3437 2889 801 3438 2915 801 3439 2888 801 3440 2914 28 3441 2896 28 3442 2902 28 3443 1391 366 3444 1253 366 3445 1392 366 3446 2878 802 3447 2882 802 3448 2880 802 3449 2889 28 3450 1154 28 3451 1481 28 3452 1062 369 3453 1429 369 3454 1390 369 3455 2888 370 3456 2898 370 3457 2894 370 3458 892 803 3459 883 803 3460 2730 803 3461 2936 234 3462 2731 234 3463 2729 234 3464 1503 0 3465 3609 0 3466 3610 0 3467 3579 0 3468 3610 0 3469 3571 0 3470 3578 7 3471 1170 7 3472 3586 7 3473 3592 11 3474 895 11 3475 800 11 3476 2824 11 3477 2695 11 3478 2830 11 3479 1412 692 3480 1081 692 3481 1413 692 3482 2795 7 3483 3026 7 3484 2793 7 3485 2993 804 3486 1543 804 3487 2696 804 3488 2982 805 3489 2997 805 3490 2995 805 3491 3002 38 3492 3001 38 3493 2999 38 3494 2960 806 3495 3059 806 3496 2957 806 3497 1061 807 3498 2971 807 3499 1074 807 3500 1032 808 3501 2977 808 3502 1220 808 3503 2788 7 3504 2994 7 3505 2784 7 3506 2787 3 3507 2983 3 3508 2789 3 3509 2785 11 3510 2974 11 3511 2783 11 3512 2761 809 3513 3009 809 3514 2990 809 3515 2968 810 3516 3010 810 3517 2964 810 3518 1223 811 3519 1229 811 3520 881 811 3521 2728 11 3522 881 11 3523 3017 11 3524 3010 3 3525 2965 3 3526 2964 3 3527 3151 812 3528 2928 812 3529 2927 812 3530 814 813 3531 3149 813 3532 963 813 3533 1213 814 3534 1549 814 3535 3090 814 3536 3153 815 3537 3145 815 3538 2929 815 3539 2885 816 3540 1498 816 3541 1499 816 3542 3131 817 3543 2744 817 3544 2746 817 3545 2777 3 3546 3037 3 3547 2779 3 3548 1312 818 3549 3099 818 3550 3101 818 3551 3023 28 3552 872 28 3553 3011 28 3554 3020 819 3555 2978 819 3556 2968 819 3557 2709 689 3558 3061 689 3559 2711 689 3560 873 820 3561 2763 820 3562 1282 820 3563 885 0 3564 3427 0 3565 3589 0 3566 3595 38 3567 3441 38 3568 3598 38 3569 1253 28 3570 1259 28 3571 1260 28 3572 2734 3 3573 3661 387 3574 906 388 3575 955 28 3576 3652 28 3577 3650 28 3578 2697 558 3579 3042 558 3580 2699 558 3581 878 821 3582 3065 821 3583 1231 821 3584 2884 28 3585 3146 28 3586 1498 28 3587 847 822 3588 3146 822 3589 2872 822 3590 1224 28 3591 2775 28 3592 2772 28 3593 1303 391 3594 898 391 3595 813 391 3596 797 0 3597 2770 0 3598 1288 0 3599 1215 550 3600 1552 594 3601 3093 823 3602 821 824 3603 3443 824 3604 980 824 3605 3125 28 3606 3474 28 3607 3482 28 3608 3528 825 3609 3425 825 3610 3544 825 3611 959 826 3612 3483 826 3613 3472 826 3614 1124 7 3615 1459 7 3616 3361 7 3617 3731 827 3618 1467 827 3619 1118 827 3620 3525 828 3621 3519 828 3622 3523 828 3623 3445 759 3624 3456 759 3625 3448 759 3626 3419 757 3627 3454 757 3628 3421 757 3629 3554 399 3630 3608 399 3631 3606 399 3632 1120 11 3633 1122 11 3634 1123 11 3635 1589 829 3636 1587 829 3637 1586 829 3638 3264 3 3639 1133 3 3640 1139 3 3641 3339 3 3642 1471 3 3643 3167 3 3644 1135 401 3645 1130 401 3646 1131 401 3647 1133 3 3648 3264 3 3649 3260 3 3650 3739 830 3651 977 831 3652 3735 832 3653 3362 11 3654 3350 11 3655 3363 11 3656 1140 833 3657 3749 833 3658 1142 833 3659 3400 834 3660 3258 834 3661 1423 834 3662 3736 835 3663 3348 835 3664 1128 835 3665 1127 836 3666 3351 836 3667 3367 836 3668 3346 837 3669 1126 837 3670 3364 837 3671 3747 0 3672 1461 0 3673 1460 0 3674 996 838 3675 1562 838 3676 3737 838 3677 3741 839 3678 3260 839 3679 3401 839 3680 3752 840 3681 1469 840 3682 3404 840 3683 1141 841 3684 3262 841 3685 3265 841 3686 3350 842 3687 3347 842 3688 3363 842 3689 3239 0 3690 1475 0 3691 1472 0 3692 3238 843 3693 3751 843 3694 3692 843 3695 3259 844 3696 3751 844 3697 3748 844 3698 1585 845 3699 1590 846 3700 3777 846 3701 3729 11 3702 997 11 3703 3732 11 3704 3774 847 3705 3781 847 3706 3740 847 3707 3392 848 3708 3391 848 3709 3390 848 3710 1137 3 3711 1139 3 3712 1133 3 3713 3735 832 3714 996 849 3715 3737 11 3716 1471 421 3717 1139 421 3718 1136 421 3719 1422 850 3720 3753 850 3721 1588 850 3722 3767 851 3723 1571 851 3724 1575 851 3725 1591 3 3726 3264 3 3727 1139 3 3728 1569 38 3729 1572 38 3730 1576 38 3731 3753 3 3732 1591 3 3733 1588 3 3734 3741 852 3735 3240 852 3736 1422 852 3737 1583 853 3738 3334 0 3739 3337 0 3740 823 428 3741 3769 428 3742 1125 428 3743 1577 854 3744 3754 854 3745 3760 854 3746 3770 855 3747 1564 855 3748 1566 855 3749 3759 856 3750 1329 857 3751 1568 3 3752 1567 433 3753 3374 433 3754 1330 433 3755 995 858 3756 994 859 3757 3372 3 3758 3792 860 3759 3369 860 3760 3757 860 3761 3790 861 3762 3375 861 3763 3755 861 3764 3763 862 3765 3756 862 3766 3788 862 3767 1134 3 3768 1137 3 3769 1133 3 3770 1125 428 3771 1578 428 3772 1570 428 3773 3793 863 3774 3762 863 3775 3766 863 3776 3772 856 3777 3758 857 3778 3764 3 3779 1570 864 3780 3794 864 3781 1584 864 3782 3776 865 3783 3766 865 3784 3782 865 3785 1582 866 3786 1579 866 3787 1580 866 3788 3780 867 3789 3771 868 3790 1581 3 3791 3784 443 3792 1574 443 3793 1569 443 3794 1584 869 3795 3785 870 3796 1583 871 3797 3795 872 3798 3778 872 3799 3786 872 3800 3126 0 3801 3129 0 3802 3128 0 3803 1462 11 3804 1464 11 3805 3130 11 3806 1466 11 3807 1121 11 3808 977 831 3809 977 831 3810 1462 873 3811 1466 11 3812 997 874 3813 3739 874 3814 3732 874 3815 977 831 3816 3739 830 3817 1465 875 3818 3797 28 3819 3791 28 3820 823 28 3821 1101 451 3822 3299 192 3823 845 452 3824 1424 644 3825 845 452 3826 3304 177 3827 3305 7 3828 1113 7 3829 1106 7 3830 1104 7 3831 3305 7 3832 1106 7 3833 3380 876 3834 1445 876 3835 1103 876 3836 2753 877 3837 3357 454 3838 3340 706 3839 3322 176 3840 1099 158 3841 1090 456 3842 3406 457 3843 3365 258 3844 3357 454 3845 3408 878 3846 3343 305 3847 3359 459 3848 3411 879 3849 3359 459 3850 3360 712 3851 1444 880 3852 3380 880 3853 1103 880 3854 3295 660 3855 1096 461 3856 1426 462 3857 3358 463 3858 3242 282 3859 1117 881 3860 3377 882 3861 3378 882 3862 3379 882 3863 3377 883 3864 844 883 3865 3378 883 3866 3356 884 3867 1448 884 3868 1114 884 3869 1447 469 3870 3376 468 3871 2755 237 3872 1425 199 3873 3255 885 3874 3254 201 3875 3352 471 3876 1115 262 3877 3376 468 3878 1097 886 3879 3302 266 3880 3255 885 3881 3296 473 3882 1440 645 3883 1096 461 3884 1450 7 3885 3403 7 3886 1449 7 3887 3354 475 3888 1117 881 3889 1457 260 3890 908 887 3891 3661 387 3892 1263 23 3893 3645 336 3894 1262 477 3895 803 478 3896 3635 888 3897 905 363 3898 1262 477 3899 3629 480 3900 904 333 3901 804 481 3902 915 482 3903 804 481 3904 921 72 3905 1272 7 3906 3664 7 3907 1279 7 3908 1268 7 3909 3627 7 3910 806 7 3911 1270 7 3912 922 7 3913 807 7 3914 3631 889 3915 3657 485 3916 1278 331 3917 3620 890 3918 3640 890 3919 3618 890 3920 3616 891 3921 1254 571 3922 1274 489 3923 911 892 3924 917 141 3925 1255 611 3926 3640 7 3927 913 7 3928 3618 7 3929 907 893 3930 3669 26 3931 3670 172 3932 3659 7 3933 3641 7 3934 3663 7 3935 3659 7 3936 3655 7 3937 3641 7 3938 3666 894 3939 3644 894 3940 3662 894 3941 3666 7 3942 3665 7 3943 3644 7 3944 3668 895 3945 3665 895 3946 3667 895 3947 3668 896 3948 3660 896 3949 3665 896 3950 3664 7 3951 3614 7 3952 1279 7 3953 3632 496 3954 902 77 3955 3657 485 3956 919 497 3957 1274 489 3958 918 114 3959 3653 335 3960 1261 40 3961 802 498 3962 1016 897 3963 1012 897 3964 3728 897 3965 1348 162 3966 1351 275 3967 3311 164 3968 3723 898 3969 831 898 3970 3716 898 3971 831 7 3972 3717 7 3973 3716 7 3974 1014 166 3975 3700 501 3976 1350 168 3977 3745 502 3978 1026 130 3979 1025 614 3980 3689 503 3981 828 132 3982 1346 278 3983 1019 504 3984 3674 535 3985 1004 899 3986 1360 506 3987 1361 720 3988 1342 17 3989 1345 507 3990 1023 126 3991 3700 501 3992 3686 900 3993 3722 900 3994 1359 900 3995 1018 509 3996 1004 899 3997 827 723 3998 3724 510 3999 1341 19 4000 3695 511 4001 3684 901 4002 1028 901 4003 3733 901 4004 1358 513 4005 3695 511 4006 829 81 4007 1356 514 4008 1344 122 4009 1349 515 4010 3726 7 4011 3684 7 4012 3733 7 4013 3696 902 4014 3694 902 4015 3698 902 4016 3696 7 4017 3685 7 4018 3694 7 4019 2720 7 4020 1006 7 4021 3678 7 4022 2720 7 4023 2721 7 4024 1006 7 4025 3699 7 4026 2721 7 4027 3697 7 4028 3699 903 4029 1339 903 4030 2721 903 4031 998 167 4032 1349 515 4033 1013 518 4034 3721 904 4035 3686 904 4036 1359 904 4037 1552 594 4038 1550 905 4039 3093 823 4040 1214 906 4041 3087 906 4042 3097 906 4043 2809 907 4044 2857 907 4045 2861 907 4046 2998 523 4047 3074 523 4048 2976 523 4049 3043 38 4050 3045 38 4051 3041 38 4052 1508 38 4053 3560 38 4054 3562 38 4055 2329 0 4056 14 0 4057 156 0 4058 13 908 4059 2009 909 4060 160 910 4061 149 3 4062 153 3 4063 2325 3 4064 2319 911 4065 2313 911 4066 177 912 4067 1751 7 4068 724 7 4069 722 7 4070 1699 913 4071 1703 913 4072 422 913 4073 1705 914 4074 1701 914 4075 70 914 4076 1753 915 4077 1759 915 4078 761 915 4079 1739 0 4080 56 0 4081 718 0 4082 495 0 4083 142 0 4084 484 0 4085 493 916 4086 487 916 4087 2368 916 4088 487 917 4089 2365 917 4090 130 917 4091 2523 918 4092 11 918 4093 474 918 4094 498 919 4095 148 919 4096 143 919 4097 469 15 4098 460 3 4099 2533 3 4100 209 0 4101 543 0 4102 1618 0 4103 546 17 4104 564 506 4105 233 18 4106 2216 3 4107 2616 3 4108 2615 20 4109 2540 0 4110 2555 0 4111 2552 0 4112 467 23 4113 112 476 4114 453 24 4115 2566 26 4116 2544 11 4117 456 11 4118 58 7 4119 1656 7 4120 402 7 4121 390 11 4122 382 11 4123 379 11 4124 511 7 4125 512 7 4126 20 7 4127 1997 28 4128 2021 28 4129 165 28 4130 2057 920 4131 2041 920 4132 2039 920 4133 134 921 4134 1623 921 4135 74 921 4136 395 3 4137 1655 3 4138 1724 3 4139 719 922 4140 731 922 4141 1730 922 4142 1696 11 4143 739 11 4144 387 11 4145 1744 0 4146 718 0 4147 1736 0 4148 2604 923 4149 2602 923 4150 2608 923 4151 244 924 4152 234 924 4153 598 924 4154 724 7 4155 1751 7 4156 1756 7 4157 521 11 4158 2024 11 4159 2029 11 4160 1740 0 4161 716 0 4162 56 0 4163 1757 7 4164 385 7 4165 1752 7 4166 386 7 4167 1756 7 4168 1741 7 4169 508 366 4170 509 366 4171 159 366 4172 2310 0 4173 501 0 4174 146 0 4175 2600 925 4176 2447 925 4177 2200 925 4178 2622 926 4179 551 926 4180 216 926 4181 2539 0 4182 2557 0 4183 2562 0 4184 2535 38 4185 594 38 4186 266 38 4187 469 15 4188 2536 16 4189 9 39 4190 2545 38 4191 158 38 4192 102 38 4193 2539 0 4194 2541 0 4195 2540 0 4196 2332 927 4197 2337 927 4198 441 927 4199 1842 544 4200 1951 544 4201 68 544 4202 1840 928 4203 411 928 4204 749 928 4205 1943 929 4206 742 929 4207 1843 929 4208 620 930 4209 624 930 4210 251 930 4211 755 46 4212 419 392 4213 759 47 4214 754 7 4215 755 7 4216 420 7 4217 1991 931 4218 1985 931 4219 1988 931 4220 280 932 4221 1979 932 4222 1978 932 4223 398 3 4224 400 3 4225 1714 3 4226 392 7 4227 64 7 4228 406 7 4229 59 7 4230 1853 7 4231 405 7 4232 1855 11 4233 735 11 4234 1716 11 4235 1918 7 4236 1 7 4237 1665 7 4238 1924 11 4239 65 11 4240 393 11 4241 517 28 4242 515 28 4243 2035 28 4244 1642 0 4245 19 0 4246 510 0 4247 522 11 4248 2029 11 4249 518 11 4250 1760 933 4251 697 933 4252 699 933 4253 172 0 4254 171 0 4255 1999 0 4256 2044 934 4257 1816 934 4258 365 934 4259 721 935 4260 57 935 4261 394 935 4262 22 936 4263 23 936 4264 1637 936 4265 1972 38 4266 1981 38 4267 1976 38 4268 1848 38 4269 1653 38 4270 1858 38 4271 1973 937 4272 743 937 4273 1922 937 4274 1963 0 4275 1966 0 4276 1967 0 4277 1903 557 4278 404 557 4279 748 557 4280 63 7 4281 62 7 4282 1726 7 4283 740 938 4284 67 938 4285 1697 938 4286 1930 939 4287 744 939 4288 412 939 4289 1872 940 4290 414 940 4291 745 940 4292 297 38 4293 37 38 4294 633 38 4295 401 7 4296 1869 7 4297 1679 7 4298 1846 0 4299 1844 0 4300 391 0 4301 1849 940 4302 746 940 4303 1708 940 4304 1707 941 4305 1851 941 4306 403 941 4307 397 3 4308 1597 3 4309 1728 3 4310 1694 557 4311 1859 557 4312 1654 557 4313 1709 0 4314 1695 0 4315 1735 0 4316 1750 942 4317 726 942 4318 725 942 4319 1750 38 4320 721 38 4321 61 38 4322 57 943 4323 721 943 4324 1688 943 4325 732 38 4326 738 38 4327 726 38 4328 57 38 4329 726 38 4330 738 38 4331 1688 38 4332 721 38 4333 381 38 4334 717 38 4335 57 38 4336 1689 38 4337 1713 944 4338 1717 944 4339 388 944 4340 728 945 4341 388 945 4342 727 945 4343 1730 946 4344 731 946 4345 1750 946 4346 731 947 4347 719 947 4348 1719 947 4349 388 38 4350 1738 38 4351 733 38 4352 1738 948 4353 1742 948 4354 389 948 4355 381 949 4356 717 949 4357 60 949 4358 389 38 4359 1742 38 4360 728 38 4361 726 950 4362 719 950 4363 1732 950 4364 728 951 4365 731 951 4366 1715 951 4367 1719 952 4368 719 952 4369 388 952 4370 763 953 4371 760 953 4372 1700 953 4373 410 38 4374 409 38 4375 1955 38 4376 383 0 4377 1755 0 4378 1745 0 4379 479 3 4380 480 3 4381 124 68 4382 2452 954 4383 2470 954 4384 713 954 4385 2493 955 4386 446 955 4387 254 955 4388 93 38 4389 2480 38 4390 2495 38 4391 98 956 4392 4 956 4393 2489 956 4394 125 72 4395 119 482 4396 481 3 4397 444 957 4398 2490 957 4399 442 957 4400 377 958 4401 370 958 4402 715 958 4403 370 38 4404 712 38 4405 2462 38 4406 2456 959 4407 2464 959 4408 2482 959 4409 118 0 4410 2522 0 4411 2523 0 4412 1746 3 4413 1748 3 4414 720 3 4415 120 11 4416 114 11 4417 471 11 4418 2469 0 4419 369 0 4420 708 0 4421 384 7 4422 722 7 4423 385 7 4424 107 11 4425 471 11 4426 477 76 4427 1632 0 4428 135 0 4429 2508 0 4430 90 960 4431 99 960 4432 95 960 4433 2069 961 4434 598 961 4435 234 961 4436 138 3 4437 1659 3 4438 1671 3 4439 33 81 4440 562 513 4441 2617 3 4442 232 0 4443 36 0 4444 2572 0 4445 716 0 4446 1740 0 4447 1755 0 4448 686 962 4449 1790 962 4450 1802 962 4451 693 963 4452 361 963 4453 1780 963 4454 357 964 4455 694 964 4456 700 964 4457 687 582 4458 688 582 4459 1796 582 4460 356 86 4461 352 86 4462 682 86 4463 690 965 4464 1770 965 4465 1821 965 4466 1968 966 4467 1961 966 4468 1949 966 4469 1793 967 4470 1795 967 4471 1791 967 4472 1794 968 4473 692 968 4474 1768 968 4475 1804 90 4476 1808 90 4477 1806 90 4478 695 969 4479 1766 969 4480 1797 969 4481 349 92 4482 354 92 4483 348 92 4484 2049 970 4485 363 970 4486 1772 970 4487 363 971 4488 2051 971 4489 1767 971 4490 53 972 4491 2049 972 4492 364 972 4493 1764 28 4494 2037 28 4495 703 28 4496 689 28 4497 358 28 4498 688 28 4499 355 973 4500 1784 973 4501 680 973 4502 585 38 4503 257 38 4504 91 38 4505 1771 974 4506 1778 974 4507 1776 974 4508 1820 99 4509 1805 99 4510 353 99 4511 1787 100 4512 1819 100 4513 1827 100 4514 1945 940 4515 1944 940 4516 1847 940 4517 1675 975 4518 1677 975 4519 757 975 4520 415 102 4521 1953 309 4522 759 47 4523 72 976 4524 1911 976 4525 426 976 4526 1798 977 4527 1765 977 4528 1783 977 4529 1673 597 4530 758 597 4531 1954 597 4532 435 3 4533 82 3 4534 1607 3 4535 1796 28 4536 1799 28 4537 1811 28 4538 179 978 4539 180 978 4540 190 978 4541 2429 979 4542 1616 979 4543 2444 979 4544 1610 602 4545 192 602 4546 2424 602 4547 2419 980 4548 195 980 4549 188 980 4550 186 0 4551 185 0 4552 178 0 4553 188 11 4554 195 11 4555 194 11 4556 2442 38 4557 2438 38 4558 184 38 4559 530 3 4560 191 3 4561 183 3 4562 2163 981 4563 1606 981 4564 425 981 4565 182 11 4566 189 11 4567 2423 11 4568 54 3 4569 372 3 4570 709 3 4571 2478 982 4572 376 982 4573 2482 982 4574 101 983 4575 2516 983 4576 2517 983 4577 2487 607 4578 450 607 4579 445 607 4580 2465 608 4581 378 608 4582 375 608 4583 122 114 4584 123 497 4585 2514 115 4586 714 984 4587 2473 984 4588 2454 984 4589 2481 985 4590 88 985 4591 2400 985 4592 2511 0 4593 2510 0 4594 1629 0 4595 459 119 4596 115 490 4597 114 120 4598 710 11 4599 373 11 4600 705 11 4601 548 122 4602 30 11 4603 2568 11 4604 2574 124 4605 2573 11 4606 540 11 4607 227 126 4608 2576 3 4609 214 3 4610 231 128 4611 561 277 4612 221 129 4613 229 131 4614 2642 502 4615 557 11 4616 2214 0 4617 2641 0 4618 220 0 4619 32 132 4620 2215 3 4621 2213 3 4622 2569 0 4623 224 0 4624 2618 0 4625 2623 0 4626 559 0 4627 551 0 4628 241 986 4629 578 986 4630 2178 986 4631 2614 0 4632 2624 0 4633 2577 0 4634 2603 987 4635 567 987 4636 2580 987 4637 2461 988 4638 713 988 4639 371 988 4640 2453 989 4641 2455 989 4642 2474 989 4643 371 990 4644 2467 990 4645 2458 990 4646 126 991 4647 476 991 4648 475 991 4649 1659 992 4650 138 992 4651 2520 992 4652 104 116 4653 2514 115 4654 116 140 4655 706 7 4656 2506 7 4657 2472 7 4658 765 993 4659 151 993 4660 2317 993 4661 1615 11 4662 528 11 4663 173 11 4664 2374 3 4665 1671 3 4666 1668 3 4667 2355 144 4668 129 144 4669 485 144 4670 2362 994 4671 136 994 4672 1668 994 4673 423 995 4674 78 995 4675 1884 995 4676 1928 627 4677 750 627 4678 1982 627 4679 1975 996 4680 1977 996 4681 1927 996 4682 1989 997 4683 1983 997 4684 752 997 4685 1767 28 4686 2051 28 4687 2037 28 4688 23 998 4689 2016 998 4690 2019 998 4691 2008 0 4692 160 0 4693 2009 0 4694 524 999 4695 523 999 4696 518 999 4697 2045 1000 4698 524 1000 4699 519 1000 4700 314 1001 4701 653 1001 4702 654 1001 4703 1867 634 4704 2294 634 4705 290 634 4706 2357 7 4707 128 7 4708 2358 7 4709 2401 0 4710 94 0 4711 496 0 4712 2315 1002 4713 149 1002 4714 150 1002 4715 1836 1003 4716 2395 1003 4717 438 1003 4718 176 1004 4719 175 1004 4720 197 1004 4721 2356 1005 4722 2360 1005 4723 140 1005 4724 141 1006 4725 2362 1006 4726 1666 1006 4727 187 11 4728 194 11 4729 528 11 4730 451 153 4731 440 0 4732 439 154 4733 638 156 4734 2185 264 4735 302 157 4736 2292 1007 4737 2286 1007 4738 619 1007 4739 655 0 4740 48 0 4741 2275 0 4742 607 1008 4743 270 1008 4744 603 1008 4745 211 38 4746 203 38 4747 536 38 4748 552 162 4749 215 279 4750 2207 163 4751 40 211 4752 38 211 4753 602 211 4754 218 166 4755 217 518 4756 202 167 4757 2217 11 4758 228 11 4759 566 169 4760 2206 0 4761 657 0 4762 635 0 4763 2587 28 4764 542 28 4765 538 28 4766 2567 172 4767 111 492 4768 100 173 4769 2218 11 4770 557 11 4771 228 11 4772 537 28 4773 206 28 4774 207 28 4775 628 175 4776 294 456 4777 2219 176 4778 209 0 4779 210 0 4780 28 0 4781 2197 28 4782 296 1009 4783 46 28 4784 644 178 4785 2209 11 4786 2181 11 4787 590 1010 4788 264 1010 4789 260 1010 4790 1831 647 4791 593 647 4792 256 647 4793 2027 11 4794 162 11 4795 667 11 4796 28 0 4797 2582 0 4798 2591 0 4799 1651 3 4800 312 3 4801 311 3 4802 621 1011 4803 293 1011 4804 292 1011 4805 766 1012 4806 2626 1012 4807 2265 1012 4808 2300 0 4809 662 0 4810 295 0 4811 317 0 4812 2307 0 4813 2194 0 4814 1897 11 4815 284 11 4816 282 11 4817 2153 1013 4818 2132 1013 4819 581 1013 4820 2144 186 4821 2154 1014 4822 613 187 4823 2196 192 4824 2195 1015 4825 2210 193 4826 39 1016 4827 2200 1016 4828 2447 1016 4829 174 1017 4830 530 1017 4831 193 1017 4832 2020 308 4833 2018 308 4834 1639 308 4835 249 1018 4836 576 1018 4837 2169 1018 4838 2431 38 4839 2430 38 4840 24 38 4841 183 3 4842 191 3 4843 192 3 4844 629 199 4845 630 462 4846 2192 200 4847 240 1019 4848 271 1019 4849 269 1019 4850 583 38 4851 261 38 4852 591 38 4853 2090 0 4854 2102 0 4855 2126 0 4856 2075 1020 4857 2079 1020 4858 2071 1020 4859 245 1021 4860 2220 1021 4861 2222 1021 4862 1837 666 4863 2114 666 4864 263 666 4865 2387 1022 4866 2383 1022 4867 2381 1022 4868 287 1023 4869 2128 1023 4870 2104 1023 4871 637 11 4872 1649 11 4873 2299 11 4874 622 1024 4875 284 1024 4876 1897 1024 4877 623 1025 4878 288 1025 4879 615 1025 4880 1888 44 4881 408 44 4882 1937 44 4883 2115 3 4884 2117 3 4885 258 3 4886 569 28 4887 238 28 4888 570 28 4889 2120 1026 4890 2122 1026 4891 279 1026 4892 576 1027 4893 573 1027 4894 2167 1027 4895 276 1028 4896 2085 1028 4897 272 1028 4898 1763 1029 4899 1761 1029 4900 2056 1029 4901 1980 677 4902 281 677 4903 612 677 4904 649 0 4905 308 0 4906 309 0 4907 2109 221 4908 2111 221 4909 2094 221 4910 592 1030 4911 2100 1030 4912 1829 1030 4913 611 215 4914 597 214 4915 2062 222 4916 38 1031 4917 40 1031 4918 41 1031 4919 268 0 4920 2059 0 4921 2073 0 4922 2133 38 4923 2131 38 4924 1896 38 4925 1601 1032 4926 604 1032 4927 274 1032 4928 2415 1033 4929 529 1033 4930 196 1033 4931 2343 1034 4932 2341 1034 4933 2348 1034 4934 2496 1035 4935 2499 1035 4936 2501 1035 4937 2228 689 4938 336 689 4939 2232 689 4940 609 1036 4941 2077 1036 4942 1647 1036 4943 2067 28 4944 2063 28 4945 2235 28 4946 2078 1037 4947 2075 1037 4948 2070 1037 4949 2066 110 4950 2061 110 4951 599 110 4952 270 1038 4953 607 1038 4954 2060 1038 4955 2130 1039 4956 587 1039 4957 617 1039 4958 2081 3 4959 603 3 4960 272 3 4961 2110 203 4962 2121 0 4963 2125 0 4964 2106 1040 4965 2112 1040 4966 588 1040 4967 1900 1041 4968 282 1041 4969 281 1041 4970 1866 1042 4971 2107 1042 4972 253 1042 4973 1652 237 4974 651 469 4975 312 3 4976 2402 697 4977 95 697 4978 443 697 4979 247 1043 4980 2211 1043 4981 2221 1043 4982 2283 1044 4983 2280 1044 4984 2278 1044 4985 44 38 4986 45 38 4987 632 240 4988 2206 0 4989 2203 0 4990 655 0 4991 314 0 4992 631 0 4993 642 0 4994 2250 0 4995 642 0 4996 652 0 4997 2179 0 4998 1967 0 4999 1966 0 5000 259 1045 5001 2095 1045 5002 2097 1045 5003 2285 1046 5004 43 1046 5005 289 1046 5006 639 1047 5007 647 1047 5008 648 1047 5009 2180 0 5010 2252 0 5011 2253 0 5012 258 1048 5013 2117 1048 5014 2112 1048 5015 582 1049 5016 252 1049 5017 437 1049 5018 2237 246 5019 1650 455 5020 1649 247 5021 2079 11 5022 2083 11 5023 602 11 5024 242 11 5025 246 11 5026 577 11 5027 262 1050 5028 2115 1050 5029 589 1050 5030 333 0 5031 347 0 5032 342 0 5033 2186 0 5034 2140 0 5035 2176 0 5036 2174 11 5037 2149 11 5038 243 11 5039 2143 1051 5040 2145 1051 5041 2190 1051 5042 286 711 5043 2281 711 5044 2282 711 5045 2257 256 5046 2308 460 5047 2304 257 5048 2011 1052 5049 2014 1052 5050 2017 1052 5051 288 3 5052 2279 3 5053 42 3 5054 661 260 5055 2251 475 5056 320 261 5057 248 1053 5058 2212 1053 5059 2175 1053 5060 638 156 5061 2205 3 5062 2184 3 5063 2168 144 5064 2191 144 5065 2171 144 5066 2199 266 5067 2198 3 5068 2204 3 5069 2519 1054 5070 2509 1054 5071 491 1054 5072 2015 28 5073 2005 28 5074 2001 28 5075 1834 1055 5076 2098 1055 5077 593 1055 5078 246 1056 5079 242 1056 5080 243 1056 5081 213 170 5082 566 169 5083 226 271 5084 574 721 5085 2579 721 5086 2605 721 5087 2574 124 5088 219 125 5089 556 274 5090 2619 1057 5091 2620 1057 5092 2242 1057 5093 31 276 5094 222 509 5095 561 277 5096 550 278 5097 2586 503 5098 2207 163 5099 2579 1058 5100 574 1058 5101 2166 1058 5102 212 38 5103 204 38 5104 205 38 5105 575 3 5106 2166 3 5107 2167 3 5108 2138 11 5109 2299 11 5110 315 281 5111 666 1059 5112 670 1059 5113 323 1059 5114 632 287 5115 341 1060 5116 340 288 5117 2334 1061 5118 2339 1061 5119 2437 1061 5120 2325 3 5121 153 3 5122 152 3 5123 1829 11 5124 2100 11 5125 2098 11 5126 2407 0 5127 2413 0 5128 2411 0 5129 2238 28 5130 570 28 5131 238 28 5132 2439 1062 5133 1611 1062 5134 1609 1062 5135 2434 1063 5136 2432 1063 5137 2440 1063 5138 2414 1064 5139 2450 1064 5140 447 1064 5141 2445 295 5142 2435 7 5143 2446 296 5144 2024 1065 5145 521 1065 5146 2013 1065 5147 2389 1066 5148 2392 1066 5149 1614 1066 5150 2391 1067 5151 2426 1067 5152 764 1067 5153 2074 1068 5154 275 1068 5155 606 1068 5156 42 1069 5157 2279 1069 5158 2281 1069 5159 658 3 5160 311 3 5161 2306 304 5162 2123 38 5163 2293 38 5164 2295 38 5165 2080 28 5166 2082 28 5167 2086 28 5168 169 3 5169 166 3 5170 2019 3 5171 137 28 5172 2375 28 5173 2376 28 5174 170 1070 5175 2012 1070 5176 1600 1070 5177 514 196 5178 164 196 5179 2031 196 5180 1953 309 5181 415 102 5182 1935 7 5183 605 1071 5184 276 1071 5185 273 1071 5186 698 1072 5187 1762 1072 5188 2054 1072 5189 2040 1073 5190 1818 1073 5191 2038 1073 5192 167 3 5193 18 3 5194 166 3 5195 2141 1074 5196 2099 1074 5197 2116 1074 5198 2129 398 5199 2127 398 5200 2103 398 5201 2365 11 5202 2366 11 5203 2370 11 5204 503 1075 5205 502 1075 5206 500 1075 5207 2497 1076 5208 2504 1076 5209 2502 1076 5210 2004 1077 5211 2000 1077 5212 2002 1077 5213 147 11 5214 15 11 5215 16 11 5216 2336 7 5217 2335 7 5218 2333 7 5219 2323 1078 5220 152 1078 5221 154 1078 5222 2331 1079 5223 2309 1079 5224 504 1079 5225 499 1080 5226 2317 1080 5227 2327 1080 5228 2330 1081 5229 2311 1081 5230 2314 1081 5231 83 326 5232 84 326 5233 80 326 5234 500 11 5235 502 11 5236 151 11 5237 2512 0 5238 468 0 5239 452 0 5240 2223 1082 5241 2229 1082 5242 2148 1082 5243 1915 1083 5244 1913 1083 5245 1860 1083 5246 2360 1084 5247 2356 1084 5248 2370 1084 5249 2448 3 5250 448 3 5251 92 3 5252 482 331 5253 2528 486 5254 2527 332 5255 708 0 5256 369 0 5257 374 0 5258 2512 1085 5259 10 1085 5260 472 1085 5261 89 1086 5262 2491 1086 5263 2488 1086 5264 100 173 5265 6 498 5266 2550 335 5267 453 24 5268 7 478 5269 2542 336 5270 578 1087 5271 2174 1087 5272 572 1087 5273 1604 3 5274 2617 3 5275 2616 3 5276 2350 38 5277 2352 38 5278 2344 38 5279 92 776 5280 448 776 5281 97 776 5282 2384 340 5283 2388 340 5284 2421 340 5285 2396 777 5286 97 777 5287 449 777 5288 2521 1088 5289 1633 1088 5290 1636 1088 5291 488 1089 5292 2367 1089 5293 2377 1089 5294 5 3 5295 481 3 5296 480 3 5297 2096 1090 5298 2113 1090 5299 2118 1090 5300 2524 0 5301 2525 0 5302 455 0 5303 2394 0 5304 2386 0 5305 2382 0 5306 2224 1091 5307 2171 1091 5308 2191 1091 5309 1621 28 5310 1920 28 5311 75 28 5312 235 7 5313 236 7 5314 1876 7 5315 1620 1092 5316 237 1092 5317 2 1092 5318 1817 28 5319 684 28 5320 1815 28 5321 1960 1093 5322 1950 1093 5323 1863 1093 5324 436 1094 5325 2398 1094 5326 2405 1094 5327 1864 1095 5328 430 1095 5329 1919 1095 5330 1627 1096 5331 2399 1096 5332 2410 1096 5333 2427 1097 5334 2443 1097 5335 2441 1097 5336 2226 1098 5337 269 1098 5338 271 1098 5339 2089 1099 5340 2087 1099 5341 1603 1099 5342 81 1100 5343 2 1100 5344 237 1100 5345 2378 1101 5346 2361 1101 5347 2363 1101 5348 429 28 5349 428 28 5350 1670 28 5351 2484 38 5352 2494 38 5353 3 38 5354 736 3 5355 1841 3 5356 1711 3 5357 641 28 5358 596 28 5359 595 28 5360 1911 11 5361 1914 11 5362 1625 11 5363 79 0 5364 484 0 5365 142 0 5366 734 0 5367 1904 0 5368 1723 0 5369 407 794 5370 413 794 5371 1970 794 5372 1835 1102 5373 1832 1102 5374 1626 1102 5375 255 1103 5376 1830 1103 5377 1828 1103 5378 580 1104 5379 586 1104 5380 1838 1104 5381 1909 1105 5382 74 1105 5383 1623 1105 5384 1969 1106 5385 72 1106 5386 1886 1106 5387 1810 362 5388 1800 362 5389 1814 362 5390 109 363 5391 461 11 5392 2548 11 5393 1812 28 5394 685 28 5395 1786 28 5396 1811 28 5397 1799 28 5398 1793 28 5399 457 1107 5400 267 1107 5401 595 1107 5402 1779 586 5403 1773 586 5404 1775 586 5405 1786 28 5406 685 28 5407 358 28 5408 633 1108 5409 37 1108 5410 266 1108 5411 1795 1109 5412 1812 1109 5413 1785 1109 5414 87 1110 5415 2448 1110 5416 96 1110 5417 1628 1111 5418 2485 1111 5419 1833 1111 5420 2506 7 5421 706 7 5422 707 7 5423 2507 7 5424 707 7 5425 2476 7 5426 2475 0 5427 2483 0 5428 374 0 5429 2489 11 5430 4 11 5431 99 11 5432 1592 11 5433 1889 11 5434 1721 11 5435 285 1112 5436 283 1112 5437 616 1112 5438 1923 0 5439 1929 0 5440 1692 0 5441 747 1113 5442 1941 1113 5443 1890 1113 5444 1894 1114 5445 1881 1114 5446 1879 1114 5447 1898 38 5448 1901 38 5449 1899 38 5450 1956 376 5451 1946 376 5452 1857 376 5453 265 1115 5454 278 1115 5455 1868 1115 5456 1874 7 5457 1876 7 5458 236 7 5459 1891 0 5460 1878 0 5461 1685 0 5462 1880 3 5463 1932 3 5464 1684 3 5465 1871 11 5466 1893 11 5467 1682 11 5468 1906 1116 5469 77 1116 5470 1658 1116 5471 1865 1117 5472 1861 1117 5473 1907 1117 5474 427 1118 5475 85 1118 5476 433 1118 5477 85 1119 5478 427 1119 5479 1625 1119 5480 1862 3 5481 1607 3 5482 1907 3 5483 2048 1120 5484 1824 1120 5485 1825 1120 5486 18 1121 5487 167 1121 5488 2046 1121 5489 417 1122 5490 1987 1122 5491 753 1122 5492 2050 1123 5493 1826 1123 5494 2042 1123 5495 1782 816 5496 703 816 5497 702 816 5498 1641 384 5499 2036 384 5500 2028 384 5501 1934 3 5502 1936 3 5503 1674 3 5504 1996 383 5505 163 383 5506 516 383 5507 76 28 5508 75 28 5509 1920 28 5510 1917 1124 5511 1865 1124 5512 1875 1124 5513 1958 1125 5514 425 1125 5515 1606 1125 5516 1660 1126 5517 1658 1126 5518 77 1126 5519 2324 7 5520 2406 7 5521 89 7 5522 2338 38 5523 2326 38 5524 2492 38 5525 463 28 5526 267 28 5527 457 28 5528 2558 387 5529 1630 3 5530 1631 3 5531 2549 28 5532 103 28 5533 159 28 5534 1939 1127 5535 1947 1127 5536 1594 1127 5537 82 1128 5538 435 1128 5539 1962 1128 5540 1781 28 5541 702 28 5542 2043 28 5543 2043 28 5544 53 28 5545 51 28 5546 1672 28 5547 1670 28 5548 428 28 5549 102 1129 5550 158 1129 5551 507 1129 5552 1667 7 5553 1665 7 5554 1 7 5555 419 392 5556 1990 520 5557 756 103 5558 2340 1130 5559 2321 1130 5560 25 1130 5561 2371 28 5562 2372 28 5563 2022 28 5564 2322 1131 5565 2320 1131 5566 2425 1131 5567 2380 1132 5568 516 1132 5569 163 1132 5570 663 0 5571 2631 0 5572 328 0 5573 671 1133 5574 2635 1133 5575 2628 1133 5576 2422 1134 5577 2420 1134 5578 2416 1134 5579 2353 1135 5580 2349 1135 5581 2342 1135 5582 2351 1136 5583 2347 1136 5584 2316 1136 5585 2505 38 5586 2449 38 5587 2451 38 5588 324 11 5589 327 11 5590 326 11 5591 793 829 5592 790 829 5593 791 829 5594 2236 3 5595 2064 3 5596 675 3 5597 334 401 5598 338 401 5599 339 401 5600 2247 11 5601 2263 11 5602 2259 11 5603 2646 1137 5604 678 1137 5605 344 1137 5606 2155 407 5607 2158 407 5608 2297 407 5609 2245 1138 5610 2643 1138 5611 2633 1138 5612 2248 1139 5613 672 1139 5614 331 1139 5615 2243 1140 5616 2261 1140 5617 330 1140 5618 665 7 5619 2627 7 5620 2644 7 5621 766 11 5622 535 11 5623 200 11 5624 2638 1141 5625 2298 1141 5626 2157 1141 5627 673 1142 5628 2588 1142 5629 2649 1142 5630 2159 413 5631 2647 413 5632 345 413 5633 2247 1143 5634 2260 1143 5635 2244 1143 5636 679 7 5637 2134 7 5638 2136 7 5639 2135 1144 5640 2589 1144 5641 2648 1144 5642 2156 1145 5643 2645 1145 5644 2648 1145 5645 789 1146 5646 2674 7 5647 2670 7 5648 794 1147 5649 2676 1148 5650 789 1149 5651 2626 11 5652 2629 11 5653 201 11 5654 2678 1150 5655 2672 1150 5656 2671 1150 5657 2289 1151 5658 2287 1151 5659 2288 1151 5660 343 3 5661 340 3 5662 341 3 5663 2632 403 5664 2634 11 5665 200 420 5666 343 421 5667 674 421 5668 675 421 5669 2650 1152 5670 2137 1152 5671 626 1152 5672 2664 1153 5673 779 1153 5674 775 1153 5675 795 3 5676 343 3 5677 2161 3 5678 776 38 5679 778 38 5680 773 38 5681 795 3 5682 2302 3 5683 2650 3 5684 2137 1154 5685 2298 1154 5686 2638 1154 5687 2231 426 5688 2233 1155 5689 787 427 5690 2666 428 5691 2688 428 5692 27 428 5693 2651 1156 5694 2686 1156 5695 781 1156 5696 2667 1157 5697 770 1157 5698 768 1157 5699 2656 1158 5700 2655 1159 5701 2661 1159 5702 2656 1160 5703 2661 1161 5704 772 1161 5705 2271 1162 5706 506 1162 5707 771 1162 5708 533 7 5709 772 7 5710 2269 7 5711 198 1163 5712 199 1164 5713 533 1165 5714 2689 1166 5715 2654 1166 5716 2266 1166 5717 2272 1167 5718 2270 1167 5719 2687 1167 5720 2653 1168 5721 2658 1168 5722 2660 1168 5723 338 3 5724 337 3 5725 341 3 5726 782 1169 5727 2666 1169 5728 329 1169 5729 2659 1170 5730 2662 1170 5731 2690 1170 5732 2669 1158 5733 2668 1171 5734 785 1171 5735 2669 1172 5736 785 1173 5737 2661 1173 5738 2691 428 5739 782 428 5740 774 428 5741 2663 1174 5742 2690 1174 5743 2673 1174 5744 786 1175 5745 784 1175 5746 783 1175 5747 2677 1176 5748 2676 1177 5749 794 1177 5750 2677 1178 5751 794 1179 5752 785 1179 5753 778 433 5754 2680 433 5755 2681 433 5756 2682 444 5757 2691 1180 5758 788 445 5759 2675 1181 5760 2684 1181 5761 2692 1181 5762 2026 7 5763 2693 7 5764 2023 7 5765 666 11 5766 2027 11 5767 668 11 5768 670 11 5769 181 404 5770 325 11 5771 181 404 5772 670 11 5773 666 449 5774 201 1182 5775 2629 1182 5776 2636 1182 5777 2688 28 5778 2268 28 5779 2694 28 5780 2196 192 5781 298 194 5782 305 451 5783 49 452 5784 305 451 5785 628 175 5786 317 0 5787 304 0 5788 2202 0 5789 308 0 5790 310 0 5791 2202 0 5792 649 0 5793 650 0 5794 2277 0 5795 2254 454 5796 2303 457 5797 1650 455 5798 303 158 5799 302 157 5800 2219 176 5801 2262 258 5802 2304 257 5803 2303 457 5804 2240 305 5805 2306 304 5806 2305 458 5807 2256 459 5808 2305 458 5809 2308 460 5810 648 1183 5811 307 1183 5812 2277 1183 5813 300 461 5814 2193 473 5815 2192 200 5816 2139 282 5817 315 281 5818 2255 463 5819 2253 1184 5820 318 1184 5821 652 1184 5822 2273 468 5823 2249 471 5824 651 469 5825 2152 470 5826 301 472 5827 629 199 5828 319 262 5829 320 261 5830 2249 471 5831 2199 266 5832 646 267 5833 301 472 5834 644 178 5835 645 179 5836 2193 473 5837 2300 0 5838 306 0 5839 654 0 5840 321 464 5841 2255 463 5842 2251 475 5843 2558 387 5844 110 388 5845 112 476 5846 466 477 5847 2532 479 5848 2542 336 5849 109 363 5850 2531 364 5851 2532 479 5852 108 333 5853 2527 332 5854 2526 480 5855 8 481 5856 2526 480 5857 119 482 5858 476 0 5859 483 0 5860 2561 0 5861 2524 0 5862 473 0 5863 472 0 5864 126 0 5865 454 0 5866 474 0 5867 2554 485 5868 2529 496 5869 2528 486 5870 2517 1185 5871 2515 1185 5872 2537 1185 5873 458 69 5874 124 68 5875 2513 488 5876 121 141 5877 116 140 5878 115 490 5879 117 0 5880 452 0 5881 2537 0 5882 2566 26 5883 470 27 5884 111 492 5885 2511 0 5886 113 0 5887 2561 0 5888 106 77 5889 477 76 5890 2529 496 5891 478 489 5892 2513 488 5893 123 497 5894 465 40 5895 9 39 5896 2550 335 5897 220 1186 5898 2625 1186 5899 216 1186 5900 555 275 5901 556 274 5902 552 162 5903 2620 1187 5904 2613 1187 5905 35 1187 5906 2614 0 5907 2578 0 5908 35 0 5909 2597 501 5910 549 507 5911 218 166 5912 230 130 5913 221 129 5914 2642 502 5915 32 132 5916 2590 133 5917 2586 503 5918 2571 21 5919 2615 20 5920 223 504 5921 565 272 5922 226 271 5923 564 506 5924 227 126 5925 34 127 5926 549 507 5927 2619 1188 5928 2241 1188 5929 2583 1188 5930 208 505 5931 223 504 5932 222 509 5933 545 19 5934 233 18 5935 2621 510 5936 232 0 5937 544 0 5938 2581 0 5939 2592 511 5940 2621 510 5941 562 513 5942 548 122 5943 225 123 5944 560 514 5945 2623 0 5946 2630 0 5947 2581 0 5948 553 515 5949 560 514 5950 202 167 5951 2618 1189 5952 563 1189 5953 2583 1189 5954 754 519 5955 421 7 5956 756 103 5957 1984 1190 5958 1986 1190 5959 418 1190 5960 1754 1191 5961 1704 1191 5962 1706 1191 5963 1971 1192 5964 1882 1192 5965 1895 1192 5966 1942 38 5967 1948 38 5968 1940 38 5969 2457 38 5970 2462 38 5971 712 38 5972 3432 7 5973 951 7 5974 952 7 5975 956 1193 5976 3112 1194 5977 809 1195 5978 3428 3 5979 949 3 5980 945 3 5981 973 1196 5982 3416 1197 5983 3422 1197 5984 1518 0 5985 1520 0 5986 2854 0 5987 1218 1198 5988 2806 1198 5989 2802 1198 5990 866 914 5991 2804 914 5992 2808 914 5993 2856 1191 5994 1558 1191 5995 1557 1191 5996 1514 7 5997 852 7 5998 2842 7 5999 1280 7 6000 938 7 6001 1291 7 6002 1289 11 6003 1290 11 6004 3471 11 6005 1283 1199 6006 3471 1199 6007 926 1199 6008 3626 1200 6009 1258 1200 6010 1270 1200 6011 939 1201 6012 944 1201 6013 1294 1201 6014 3636 3 6015 1256 3 6016 1265 15 6017 1005 7 6018 1006 7 6019 2721 7 6020 1029 534 6021 1360 506 6022 1342 17 6023 3718 20 6024 3719 3 6025 3319 3 6026 3643 1202 6027 3641 1202 6028 3655 1202 6029 1249 24 6030 908 887 6031 1263 23 6032 1252 11 6033 3647 11 6034 3669 26 6035 854 0 6036 1192 0 6037 1198 0 6038 1175 11 6039 1178 11 6040 1186 11 6041 816 0 6042 1308 0 6043 1307 0 6044 961 28 6045 3124 28 6046 3100 28 6047 3160 1203 6048 1497 1203 6049 3142 1203 6050 870 1126 6051 2726 1126 6052 930 1126 6053 2827 3 6054 2758 3 6055 1191 3 6056 2833 38 6057 1527 38 6058 1515 38 6059 1183 11 6060 1535 11 6061 2799 11 6062 2839 7 6063 1514 7 6064 2847 7 6065 3711 1204 6066 3705 1204 6067 3707 1204 6068 1394 7 6069 1030 7 6070 1040 7 6071 2859 0 6072 2854 0 6073 1520 0 6074 3132 1205 6075 3127 1205 6076 1317 1205 6077 852 7 6078 1512 7 6079 2843 7 6080 2855 0 6081 1181 0 6082 2860 0 6083 2844 0 6084 2859 0 6085 1182 0 6086 955 366 6087 1305 366 6088 1304 366 6089 942 7 6090 1297 7 6091 3413 7 6092 3303 1206 6093 3550 1206 6094 3703 1206 6095 1012 1207 6096 1347 1207 6097 3725 1207 6098 3642 1208 6099 3644 1208 6100 3665 1208 6101 1062 38 6102 1390 38 6103 3638 38 6104 805 39 6105 3639 16 6106 1265 15 6107 898 38 6108 954 38 6109 3648 38 6110 3643 7 6111 3644 7 6112 3642 7 6113 1237 1209 6114 3440 1209 6115 3435 1209 6116 2945 42 6117 2955 42 6118 864 42 6119 2943 1210 6120 3028 1210 6121 1545 1210 6122 2946 1211 6123 1538 1211 6124 3046 1211 6125 1047 1212 6126 1420 1212 6127 1416 1212 6128 1551 548 6129 1216 0 6130 1555 549 6131 1550 0 6132 1217 0 6133 1216 0 6134 3094 1213 6135 3096 1213 6136 3091 1213 6137 3081 71 6138 3082 71 6139 1076 71 6140 2817 3 6141 1196 3 6142 1194 3 6143 1188 0 6144 2790 0 6145 1202 0 6146 855 0 6147 1195 0 6148 1201 0 6149 2819 11 6150 1531 11 6151 2958 11 6152 2768 0 6153 797 0 6154 3021 0 6155 1189 11 6156 861 11 6157 3027 11 6158 3138 28 6159 1311 28 6160 1313 28 6161 1306 7 6162 815 7 6163 2745 7 6164 1314 11 6165 3132 11 6166 1318 11 6167 1495 1214 6168 1493 1214 6169 2863 1214 6170 3102 7 6171 967 7 6172 968 7 6173 3147 1215 6174 3150 1215 6175 1161 1215 6176 1190 1216 6177 853 1216 6178 1517 1216 6179 818 3 6180 3137 3 6181 2740 3 6182 3079 38 6183 3084 38 6184 3075 38 6185 2961 38 6186 2756 38 6187 2951 38 6188 3025 1217 6189 1539 1217 6190 3076 1217 6191 3070 7 6192 3069 7 6193 3066 7 6194 3006 54 6195 2698 54 6196 1544 54 6197 2829 0 6198 858 0 6199 859 0 6200 2800 1218 6201 863 1218 6202 1536 1218 6203 3033 58 6204 862 58 6205 1208 58 6206 1541 1219 6207 1210 1219 6208 2975 1219 6209 1429 38 6210 833 38 6211 1093 38 6212 2782 0 6213 2972 0 6214 1197 0 6215 1187 7 6216 2947 7 6217 2949 7 6218 2811 1219 6219 1542 1219 6220 2952 1219 6221 2810 56 6222 2796 56 6223 1199 56 6224 2831 3 6225 2700 3 6226 1193 3 6227 2797 59 6228 2760 59 6229 2757 59 6230 2838 7 6231 2798 7 6232 2812 7 6233 1521 1220 6234 1522 1220 6235 2853 1220 6236 857 38 6237 1517 38 6238 2853 38 6239 2791 1221 6240 1517 1221 6241 853 1221 6242 1522 38 6243 1534 38 6244 1528 38 6245 1534 38 6246 1522 38 6247 853 38 6248 2791 38 6249 2813 38 6250 1177 38 6251 2792 38 6252 853 38 6253 1513 38 6254 1184 1222 6255 2820 1222 6256 2816 1222 6257 1523 38 6258 1184 38 6259 1524 38 6260 2833 1223 6261 2828 1223 6262 2853 1223 6263 2822 38 6264 1515 38 6265 1527 38 6266 1529 38 6267 2841 38 6268 1184 38 6269 1185 38 6270 2845 38 6271 2841 38 6272 856 1224 6273 1513 1224 6274 1177 1224 6275 1185 38 6276 2832 38 6277 1524 38 6278 2835 1225 6279 1515 1225 6280 1522 1225 6281 2818 952 6282 1527 952 6283 1524 952 6284 2822 1226 6285 2820 1226 6286 1184 1226 6287 2803 953 6288 1556 953 6289 1559 953 6290 3058 38 6291 1205 38 6292 1206 38 6293 2848 7 6294 2858 7 6295 1179 7 6296 920 68 6297 1276 3 6298 1275 3 6299 3555 1227 6300 3564 1227 6301 1509 1227 6302 1050 1228 6303 1242 1228 6304 3596 1228 6305 3598 38 6306 3583 38 6307 889 38 6308 3592 1229 6309 800 1229 6310 894 1229 6311 1277 3 6312 915 482 6313 921 72 6314 1238 985 6315 3593 985 6316 1240 985 6317 1511 958 6318 1166 958 6319 1173 958 6320 3565 38 6321 1508 38 6322 1166 38 6323 3559 1230 6324 1172 1230 6325 3585 1230 6326 914 7 6327 1258 7 6328 3626 7 6329 1516 3 6330 2851 3 6331 2849 3 6332 1267 11 6333 910 11 6334 916 11 6335 3572 7 6336 3566 7 6337 1504 7 6338 1181 0 6339 1518 0 6340 1180 0 6341 1273 76 6342 1267 11 6343 903 11 6344 3611 7 6345 931 7 6346 2735 7 6347 886 1231 6348 3505 1231 6349 891 1231 6350 1030 1232 6351 1394 1232 6352 3172 1232 6353 2774 1233 6354 2762 1233 6355 934 1233 6356 3720 3 6357 1358 513 6358 829 81 6359 1028 7 6360 1340 7 6361 3675 7 6362 2858 7 6363 2843 7 6364 1512 7 6365 2905 1234 6366 2893 1234 6367 1482 1234 6368 1489 91 6369 1155 91 6370 2883 91 6371 1153 1235 6372 1156 1235 6373 1496 1235 6374 1483 85 6375 2910 85 6376 2899 85 6377 1478 583 6378 1148 583 6379 1152 583 6380 2924 1236 6381 2873 1236 6382 1486 1236 6383 3052 7 6384 3064 7 6385 3071 7 6386 2894 967 6387 2898 967 6388 2896 967 6389 2897 367 6390 1487 367 6391 2871 367 6392 2909 82 6393 2911 82 6394 2907 82 6395 2900 1237 6396 2869 1237 6397 1491 1237 6398 1144 587 6399 1150 587 6400 1145 587 6401 2875 970 6402 1159 970 6403 3152 970 6404 2870 28 6405 3154 28 6406 1159 28 6407 1160 28 6408 3152 28 6409 849 28 6410 2867 94 6411 2885 94 6412 1499 94 6413 1485 28 6414 1483 28 6415 1484 28 6416 1476 1238 6417 2887 1238 6418 1151 1238 6419 887 38 6420 1053 38 6421 1381 38 6422 2879 1239 6423 2881 1239 6424 2874 1239 6425 1149 97 6426 2908 97 6427 2923 97 6428 2930 590 6429 2922 590 6430 2890 590 6431 2950 1219 6432 3047 1219 6433 3048 1219 6434 2778 101 6435 1547 101 6436 1553 101 6437 1555 549 6438 3056 749 6439 1211 593 6440 868 1240 6441 2989 1240 6442 1222 1240 6443 2901 1241 6444 2895 1241 6445 2886 1241 6446 2776 1242 6447 2781 1242 6448 3057 1242 6449 2710 1243 6450 878 1243 6451 1231 1243 6452 2914 28 6453 2902 28 6454 2899 28 6455 975 0 6456 1328 0 6457 986 0 6458 3547 1244 6459 2719 1244 6460 3532 1244 6461 2713 109 6462 3531 109 6463 3527 109 6464 984 11 6465 991 11 6466 3522 11 6467 974 7 6468 981 7 6469 982 7 6470 984 11 6471 983 11 6472 990 11 6473 980 38 6474 3541 38 6475 3545 38 6476 979 3 6477 987 3 6478 1326 3 6479 1221 1245 6480 2709 1245 6481 3266 1245 6482 978 11 6483 3522 11 6484 3526 11 6485 1505 3 6486 1168 3 6487 850 3 6488 3581 1246 6489 1510 1246 6490 3585 1246 6491 897 7 6492 901 7 6493 3620 7 6494 3590 112 6495 894 112 6496 1241 112 6497 3568 113 6498 3569 113 6499 1171 113 6500 3617 115 6501 919 497 6502 918 114 6503 1510 1247 6504 3581 1247 6505 3557 1247 6506 3503 957 6507 884 957 6508 3584 957 6509 3614 7 6510 909 7 6511 2732 7 6512 910 120 6513 911 892 6514 1255 611 6515 1501 11 6516 1169 11 6517 1506 11 6518 3671 11 6519 826 11 6520 1344 122 6521 1336 11 6522 3676 11 6523 3677 612 6524 1010 3 6525 3679 3 6526 1023 126 6527 1017 613 6528 1357 277 6529 1027 128 6530 1353 11 6531 3745 502 6532 1025 614 6533 3317 7 6534 1354 7 6535 1016 7 6536 3316 3 6537 3318 3 6538 828 132 6539 3672 7 6540 3673 7 6541 3721 7 6542 1347 1248 6543 1355 1248 6544 3726 1248 6545 1037 1249 6546 3709 1249 6547 3281 1249 6548 3717 7 6549 3681 7 6550 3680 7 6551 3683 7 6552 1363 7 6553 3706 7 6554 1167 1250 6555 1509 1250 6556 3564 1250 6557 3577 1251 6558 3558 1251 6559 3556 1251 6560 1167 1250 6561 3563 1250 6562 3561 1250 6563 922 7 6564 1250 7 6565 1271 7 6566 2762 1252 6567 2766 1252 6568 3623 1252 6569 912 622 6570 3617 115 6571 900 116 6572 3575 0 6573 3609 0 6574 1502 0 6575 1561 1253 6576 1295 1253 6577 3420 1253 6578 2718 1254 6579 2715 1254 6580 969 1254 6581 2771 3 6582 2774 3 6583 3477 3 6584 1281 624 6585 925 624 6586 3458 624 6587 3465 3 6588 2769 3 6589 2771 3 6590 2987 1255 6591 874 1255 6592 1219 1255 6593 3031 146 6594 2942 146 6595 3085 146 6596 3030 928 6597 3080 928 6598 3078 928 6599 1548 1256 6600 3086 1256 6601 3092 1256 6602 2870 28 6603 2867 28 6604 3140 28 6605 819 3 6606 2740 3 6607 3122 3 6608 3112 7 6609 956 7 6610 3111 7 6611 1320 11 6612 1315 11 6613 1314 11 6614 3148 11 6615 1321 11 6616 1315 11 6617 1110 7 6618 1427 7 6619 1450 7 6620 2970 1257 6621 1418 1257 6622 1086 1257 6623 3461 0 6624 924 0 6625 3460 0 6626 1292 1258 6627 890 1258 6628 3504 1258 6629 946 3 6630 945 3 6631 3418 3 6632 2939 0 6633 1376 0 6634 1234 0 6635 972 151 6636 970 151 6637 993 151 6638 3459 11 6639 935 11 6640 936 11 6641 937 3 6642 3462 3 6643 2769 3 6644 983 1259 6645 2718 1259 6646 1324 1259 6647 1235 7 6648 1236 7 6649 1247 640 6650 1098 157 6651 3288 264 6652 1434 156 6653 1415 1260 6654 3389 1260 6655 3395 1260 6656 1451 1261 6657 1455 1261 6658 3378 1261 6659 1399 1262 6660 1066 1262 6661 1403 1262 6662 1332 38 6663 999 38 6664 1007 38 6665 3310 163 6666 1011 279 6667 1348 162 6668 1398 1263 6669 834 1263 6670 836 1263 6671 998 167 6672 1013 518 6673 1014 166 6674 1362 169 6675 1024 11 6676 3320 11 6677 3309 1264 6678 3306 1264 6679 1431 1264 6680 1334 28 6681 1338 28 6682 3690 28 6683 896 643 6684 907 893 6685 3670 172 6686 1024 11 6687 1353 11 6688 3321 11 6689 1003 28 6690 1002 28 6691 1333 28 6692 3322 176 6693 1090 456 6694 1424 644 6695 824 7 6696 1006 7 6697 1005 7 6698 842 28 6699 1092 1265 6700 3300 28 6701 3284 11 6702 3312 11 6703 1440 645 6704 1386 1266 6705 1058 1266 6706 1056 1266 6707 2934 1267 6708 3291 1267 6709 1052 1267 6710 1463 11 6711 958 11 6712 3130 11 6713 824 7 6714 825 7 6715 3694 7 6716 1107 3 6717 1108 3 6718 2754 3 6719 1417 1268 6720 1419 1268 6721 1088 1268 6722 1562 1269 6723 1331 1269 6724 3368 1269 6725 3403 7 6726 1102 7 6727 1091 7 6728 1113 1270 6729 1100 1270 6730 3297 1270 6731 3000 11 6732 3003 11 6733 1078 11 6734 1377 1271 6735 3235 1271 6736 3256 1271 6737 1409 651 6738 3257 1272 6739 3247 652 6740 3313 193 6741 3298 1015 6742 3299 192 6743 3550 144 6744 3303 144 6745 835 144 6746 989 3 6747 1326 3 6748 970 3 6749 2742 748 6750 3121 748 6751 3123 748 6752 1045 197 6753 1046 197 6754 3272 197 6755 820 38 6756 3533 38 6757 3534 38 6758 979 1273 6759 2713 1273 6760 988 1273 6761 3295 660 6762 1426 462 6763 1425 199 6764 1065 0 6765 1067 0 6766 1036 0 6767 1387 38 6768 1057 38 6769 1379 38 6770 3229 1274 6771 3205 1274 6772 3193 1274 6773 3178 206 6774 3173 206 6775 3174 206 6776 3325 1275 6777 3323 1275 6778 1041 1275 6779 2940 208 6780 1388 208 6781 1059 208 6782 3490 1276 6783 3488 1276 6784 3484 1276 6785 3207 1023 6786 3231 1023 6787 1083 1023 6788 3402 11 6789 2752 11 6790 1433 11 6791 3000 1277 6792 1080 1277 6793 1418 1277 6794 1411 1278 6795 1084 1278 6796 1419 1278 6797 2991 56 6798 3005 56 6799 3040 56 6800 1054 3 6801 3220 3 6802 3218 3 6803 1366 28 6804 1034 28 6805 1365 28 6806 1075 1279 6807 3225 1279 6808 3223 1279 6809 1372 217 6810 3272 217 6811 3270 217 6812 1072 1280 6813 1069 1280 6814 1068 1280 6815 3159 1281 6816 2864 1281 6817 2866 1281 6818 3083 1282 6819 3195 1282 6820 1408 1282 6821 1445 7 6822 1446 7 6823 1105 7 6824 3197 678 6825 3214 678 6826 3212 678 6827 2932 1283 6828 3203 1283 6829 1388 1283 6830 3165 7 6831 1393 7 6832 1407 672 6833 834 223 6834 1073 223 6835 837 223 6836 3176 7 6837 3162 7 6838 1064 7 6839 2999 38 6840 3234 38 6841 3236 38 6842 2704 1284 6843 3191 1284 6844 1070 1284 6845 992 1285 6846 1325 1285 6847 3518 1285 6848 3446 1286 6849 3457 1286 6850 3451 1286 6851 3599 1287 6852 3601 1287 6853 3604 1287 6854 3335 110 6855 1132 110 6856 3331 110 6857 2750 1288 6858 3180 1288 6859 1405 1288 6860 3338 28 6861 3166 28 6862 3170 28 6863 3181 231 6864 2751 231 6865 3173 231 6866 1395 689 6867 3164 689 6868 3169 689 6869 1066 1289 6870 2748 1289 6871 3163 1289 6872 1413 1290 6873 1383 1290 6874 3233 1290 6875 1068 3 6876 1399 3 6877 3184 3 6878 3228 693 6879 3224 1291 6880 3213 662 6881 3209 235 6882 3227 235 6883 1384 235 6884 3003 1292 6885 3083 1292 6886 1077 1292 6887 2969 0 6888 1061 0 6889 1049 0 6890 1108 3 6891 1447 469 6892 2755 237 6893 3505 1293 6894 3507 1293 6895 1239 1293 6896 3324 1043 6897 3314 1043 6898 1043 1043 6899 3381 1294 6900 3383 1294 6901 3386 1294 6902 1428 699 6903 841 38 6904 840 38 6905 1451 7 6906 3306 7 6907 3309 7 6908 1438 1295 6909 1427 1295 6910 1110 1295 6911 1448 7 6912 1438 7 6913 3353 7 6914 3069 7 6915 3070 7 6916 3282 7 6917 3200 1287 6918 3198 1287 6919 1055 1287 6920 1085 1296 6921 839 1296 6922 3388 1296 6923 1435 7 6924 1439 7 6925 1444 7 6926 3283 7 6927 3285 7 6928 3356 7 6929 1054 1297 6930 3209 1297 6931 3215 1297 6932 1233 1298 6933 1048 1298 6934 1378 1298 6935 2752 247 6936 2753 877 6937 3340 706 6938 3182 11 6939 3174 11 6940 1398 11 6941 1038 11 6942 3275 11 6943 1373 11 6944 1385 1299 6945 3218 1299 6946 1058 1299 6947 1138 7 6948 1143 7 6949 1129 7 6950 3279 1300 6951 3243 1300 6952 3289 1300 6953 3277 11 6954 1368 11 6955 1039 11 6956 3293 1301 6957 3248 1301 6958 3246 1301 6959 1082 255 6960 1087 255 6961 3385 255 6962 3407 257 6963 3411 879 6964 3360 712 6965 3114 1302 6966 2702 1302 6967 3120 1302 6968 838 3 6969 3382 3 6970 1084 3 6971 1116 261 6972 3354 475 6973 1457 260 6974 1044 1303 6975 3702 1303 6976 3278 1303 6977 3287 3 6978 3308 3 6979 1434 156 6980 3274 35 6981 3294 35 6982 3271 35 6983 3307 3 6984 3301 3 6985 3302 266 6986 3622 1304 6987 3467 1304 6988 1287 1304 6989 3118 28 6990 1316 28 6991 3104 28 6992 2937 1305 6993 2934 1305 6994 1389 1305 6995 1039 1306 6996 1038 1306 6997 1042 1306 6998 1022 719 6999 1362 169 7000 1009 170 7001 1370 1307 7002 3714 1307 7003 3708 1307 7004 1352 274 7005 1015 125 7006 3677 612 7007 3722 7 7008 3344 7 7009 3345 7 7010 1357 277 7011 1018 509 7012 827 723 7013 3310 163 7014 3689 503 7015 1346 278 7016 3269 1308 7017 1370 1308 7018 3682 1308 7019 1001 38 7020 1000 38 7021 1008 38 7022 3270 3 7023 3269 3 7024 1371 3 7025 1111 725 7026 3402 11 7027 3241 11 7028 1462 1309 7029 846 1309 7030 1119 1309 7031 1428 730 7032 1092 1310 7033 1136 731 7034 3540 1311 7035 3442 1311 7036 3437 1311 7037 3428 1312 7038 3426 1312 7039 948 1312 7040 2932 11 7041 2937 11 7042 3201 11 7043 3514 1313 7044 3516 1313 7045 3510 1313 7046 1034 28 7047 1366 28 7048 3341 28 7049 2712 1314 7050 2714 1314 7051 3542 1314 7052 3543 1315 7053 3535 1315 7054 3537 1315 7055 3517 1316 7056 3515 1316 7057 1243 1316 7058 3549 737 7059 3538 0 7060 3548 738 7061 3127 11 7062 1309 11 7063 3116 11 7064 2717 1317 7065 3495 1317 7066 3492 1317 7067 1560 1318 7068 3529 1318 7069 3494 1318 7070 1402 1319 7071 1071 1319 7072 3177 1319 7073 838 1320 7074 1082 1320 7075 3384 1320 7076 3409 304 7077 1107 3 7078 1454 3 7079 3398 38 7080 3396 38 7081 3226 38 7082 3189 28 7083 3185 28 7084 3183 28 7085 3122 3 7086 962 3 7087 965 3 7088 3479 28 7089 3478 28 7090 933 28 7091 966 1321 7092 2701 1321 7093 2703 1321 7094 3134 658 7095 960 658 7096 1310 658 7097 3038 0 7098 1211 593 7099 3056 749 7100 1401 3 7101 1404 3 7102 1069 3 7103 3157 1322 7104 2865 1322 7105 1494 1322 7106 3141 1323 7107 2921 1323 7108 3143 1323 7109 962 1324 7110 814 1324 7111 963 1324 7112 3219 1325 7113 3202 1325 7114 3244 1325 7115 3232 1326 7116 3208 1326 7117 3206 1326 7118 3468 11 7119 926 11 7120 3473 11 7121 1296 1327 7122 1298 1327 7123 1299 1327 7124 3605 1328 7125 3607 1328 7126 3600 1328 7127 3105 1329 7128 3103 1329 7129 3107 1329 7130 943 11 7131 1299 11 7132 812 11 7133 3436 0 7134 3438 0 7135 3439 0 7136 3426 3 7137 1293 3 7138 950 3 7139 3434 3 7140 3418 3 7141 1300 3 7142 1295 1330 7143 3415 1330 7144 3430 1330 7145 3417 1331 7146 3414 1331 7147 3433 1331 7148 876 326 7149 880 326 7150 879 326 7151 1296 11 7152 1561 11 7153 947 11 7154 1248 1332 7155 1264 1332 7156 3615 1332 7157 3326 1333 7158 3250 1333 7159 3251 1333 7160 3018 1334 7161 1228 1334 7162 2963 1334 7163 3473 1335 7164 3459 1335 7165 3463 1335 7166 888 3 7167 1244 3 7168 3551 3 7169 3630 332 7170 3631 889 7171 1278 331 7172 1170 7 7173 1165 7 7174 1504 7 7175 3615 7 7176 1264 7 7177 1268 7 7178 885 0 7179 3589 0 7180 3591 0 7181 3653 335 7182 802 498 7183 896 643 7184 3645 336 7185 803 478 7186 1249 24 7187 1374 338 7188 3281 338 7189 1368 338 7190 3719 3 7191 3720 3 7192 2707 3 7193 3447 38 7194 3455 38 7195 3453 38 7196 888 1336 7197 3499 1336 7198 893 1336 7199 3524 340 7200 3491 340 7201 3487 340 7202 3499 341 7203 3500 341 7204 1245 341 7205 2739 1337 7206 2736 1337 7207 3624 1337 7208 1284 1338 7209 1285 1338 7210 3480 1338 7211 1276 3 7212 1277 3 7213 801 3 7214 3221 1339 7215 3216 1339 7216 3199 1339 7217 3627 7 7218 1269 7 7219 1251 7 7220 3485 7 7221 3489 7 7222 3497 7 7223 3294 1340 7224 3274 1340 7225 3327 1340 7226 871 28 7227 3023 28 7228 2724 28 7229 2979 0 7230 1032 0 7231 1031 0 7232 798 1341 7233 1033 1341 7234 2723 1341 7235 2920 28 7236 1492 28 7237 2918 28 7238 2966 1342 7239 3053 1342 7240 3063 1342 7241 3508 1343 7242 3501 1343 7243 1232 1343 7244 3022 1344 7245 1226 1344 7246 2967 1344 7247 2730 3 7248 883 3 7249 3513 3 7250 3544 1345 7251 3546 1345 7252 3530 1345 7253 1067 1346 7254 1065 1346 7255 3329 1346 7256 3192 1347 7257 2705 1347 7258 2706 1347 7259 1033 1125 7260 798 1125 7261 877 1125 7262 3466 1348 7263 3464 1348 7264 3481 1348 7265 2773 28 7266 1224 28 7267 1225 28 7268 799 38 7269 3597 38 7270 3587 38 7271 2814 3 7272 2944 3 7273 1532 3 7274 1391 28 7275 1392 28 7276 1437 28 7277 3014 11 7278 1222 11 7279 2728 11 7280 938 7 7281 1280 7 7282 875 7 7283 2826 7 7284 3007 7 7285 1530 7 7286 1203 357 7287 3034 357 7288 3073 357 7289 2729 1103 7290 2935 1103 7291 2938 1103 7292 2931 1102 7293 2933 1102 7294 1051 1102 7295 1376 1349 7296 2939 1349 7297 2941 1349 7298 2726 1350 7299 870 1350 7300 3012 1350 7301 3072 11 7302 2988 11 7303 2989 11 7304 2917 800 7305 2903 800 7306 2913 800 7307 3651 11 7308 1257 11 7309 905 363 7310 2889 28 7311 1481 28 7312 2915 28 7313 2914 365 7314 2904 365 7315 2896 365 7316 1391 1107 7317 1063 1107 7318 1253 1107 7319 2878 968 7320 2876 968 7321 2882 968 7322 2889 368 7323 1485 368 7324 1154 368 7325 1062 1108 7326 833 1108 7327 1429 1108 7328 2888 28 7329 2915 28 7330 2898 28 7331 892 1351 7332 3551 1351 7333 883 1351 7334 2936 1352 7335 3588 1352 7336 2731 1352 7337 1503 0 7338 1502 0 7339 3609 0 7340 3579 0 7341 1503 0 7342 3610 0 7343 3578 7 7344 3582 7 7345 1170 7 7346 3592 11 7347 886 11 7348 895 11 7349 2824 11 7350 2992 11 7351 2695 11 7352 1412 185 7353 1079 185 7354 1081 185 7355 2795 7 7356 3032 7 7357 3026 7 7358 2993 1353 7359 3044 1353 7360 1543 1353 7361 2982 1354 7362 2984 1354 7363 2997 1354 7364 3002 38 7365 3004 38 7366 3001 38 7367 2960 1355 7368 3049 1355 7369 3059 1355 7370 1061 0 7371 2969 0 7372 2971 0 7373 1032 0 7374 2979 0 7375 2977 0 7376 2788 7 7377 2981 7 7378 2994 7 7379 2787 3 7380 3035 3 7381 2983 3 7382 2785 11 7383 2996 11 7384 2974 11 7385 2761 1356 7386 873 1356 7387 3009 1356 7388 2968 3 7389 2978 3 7390 3010 3 7391 1223 11 7392 882 11 7393 1229 11 7394 2728 1357 7395 1223 1357 7396 881 1357 7397 3010 3 7398 2710 3 7399 2965 3 7400 3151 1358 7401 1500 1358 7402 2928 1358 7403 814 1359 7404 964 1359 7405 3149 1359 7406 1213 1360 7407 3095 1360 7408 1549 1360 7409 3153 1361 7410 3161 1361 7411 3145 1361 7412 2885 28 7413 2884 28 7414 1498 28 7415 3131 818 7416 3139 818 7417 2744 818 7418 2777 3 7419 3039 3 7420 3037 3 7421 1312 817 7422 959 817 7423 3099 817 7424 3023 28 7425 871 28 7426 872 28 7427 3020 385 7428 2980 385 7429 2978 385 7430 2709 1100 7431 1221 1100 7432 3061 1100 7433 873 921 7434 2761 921 7435 2763 921 7436 885 0 7437 3509 0 7438 3427 0 7439 3595 38 7440 3429 38 7441 3441 38 7442 1253 28 7443 1063 28 7444 1259 28 7445 2734 3 7446 2733 3 7447 3661 387 7448 955 28 7449 899 28 7450 3652 28 7451 2697 1362 7452 3050 1362 7453 3042 1362 7454 878 1363 7455 3067 1363 7456 3065 1363 7457 2884 390 7458 2872 390 7459 3146 390 7460 847 28 7461 849 28 7462 3146 28 7463 1224 28 7464 2773 28 7465 2775 28 7466 1303 1129 7467 954 1129 7468 898 1129 7469 797 0 7470 2768 0 7471 2770 0 7472 1215 550 7473 1555 549 7474 1552 594 7475 821 38 7476 3424 38 7477 3443 38 7478 3125 28 7479 3475 28 7480 3474 28 7481 3528 1364 7482 3423 1364 7483 3425 1364 7484 959 1365 7485 1312 1365 7486 3483 1365 7487 1124 7 7488 3734 7 7489 1459 7 7490 3731 1366 7491 3738 1366 7492 1467 1366 7493 3525 1367 7494 3521 1367 7495 3519 1367 7496 3445 1368 7497 3452 1368 7498 3456 1368 7499 3419 1369 7500 3450 1369 7501 3454 1369 7502 3554 38 7503 3552 38 7504 3608 38 7505 1120 11 7506 1121 11 7507 1122 11 7508 1589 1370 7509 3742 1370 7510 1587 1370 7511 3339 3 7512 1470 3 7513 1471 3 7514 1135 1371 7515 1134 1371 7516 1130 1371 7517 3362 1372 7518 3366 1372 7519 3350 1372 7520 1140 1373 7521 1474 1373 7522 3749 1373 7523 3400 834 7524 3261 834 7525 3258 834 7526 3736 1374 7527 3746 1374 7528 3348 1374 7529 1127 1375 7530 1468 1375 7531 3351 1375 7532 3346 1376 7533 1563 1376 7534 1126 1376 7535 3747 0 7536 3730 0 7537 1461 0 7538 996 1377 7539 1331 1377 7540 1562 1377 7541 3741 3 7542 1133 3 7543 3260 3 7544 3752 840 7545 3691 840 7546 1469 840 7547 1141 841 7548 3750 841 7549 3262 841 7550 3350 1378 7551 3349 1378 7552 3347 1378 7553 3239 0 7554 3237 0 7555 1475 0 7556 3238 1379 7557 3748 1379 7558 3751 1379 7559 3259 1380 7560 3263 1380 7561 3751 1380 7562 1585 1381 7563 3779 1382 7564 1590 1383 7565 1590 1384 7566 3773 1384 7567 3777 1384 7568 3729 11 7569 3368 11 7570 997 11 7571 3774 1385 7572 3775 1385 7573 3781 1385 7574 3392 0 7575 3743 0 7576 3391 0 7577 1137 3 7578 1136 3 7579 1139 3 7580 3735 832 7581 977 831 7582 996 849 7583 1471 421 7584 1470 421 7585 1139 421 7586 1422 1386 7587 3240 1386 7588 3753 1386 7589 3767 1387 7590 1573 1387 7591 1571 1387 7592 1591 1388 7593 3405 1388 7594 3264 1388 7595 1569 38 7596 1574 38 7597 1572 38 7598 3753 1389 7599 3405 1389 7600 1591 1389 7601 3741 3 7602 3401 3 7603 3240 3 7604 1583 853 7605 3336 0 7606 3334 0 7607 823 428 7608 3791 428 7609 3769 428 7610 1577 1390 7611 3789 1390 7612 3754 1390 7613 3770 1391 7614 1565 1391 7615 1564 1391 7616 1568 0 7617 3764 0 7618 3758 0 7619 1568 1392 7620 3758 1392 7621 3759 1393 7622 1567 1394 7623 1302 1394 7624 3374 1394 7625 3372 1395 7626 1568 1395 7627 995 1396 7628 1568 1397 7629 1329 1397 7630 995 1398 7631 3792 1399 7632 3370 1399 7633 3369 1399 7634 3790 1400 7635 3373 1400 7636 3375 1400 7637 3763 1168 7638 3761 1168 7639 3756 1168 7640 1134 3 7641 1135 3 7642 1137 3 7643 1125 1169 7644 3769 1169 7645 1578 1169 7646 3793 1401 7647 3765 1401 7648 3762 1401 7649 3764 0 7650 1581 0 7651 3771 0 7652 3764 1402 7653 3771 1402 7654 3772 1393 7655 1570 428 7656 1578 428 7657 3794 428 7658 3776 1400 7659 3793 1400 7660 3766 1400 7661 1582 1403 7662 3768 1403 7663 1579 1403 7664 1581 1404 7665 1590 1404 7666 3779 1404 7667 1581 1405 7668 3779 1405 7669 3780 1393 7670 3784 433 7671 3783 433 7672 1574 433 7673 1584 869 7674 3794 1406 7675 3785 870 7676 3795 1407 7677 3787 1407 7678 3778 1407 7679 3126 0 7680 3796 0 7681 3129 0 7682 1462 1408 7683 1465 1408 7684 1464 1408 7685 1466 11 7686 1122 11 7687 1121 11 7688 977 831 7689 1465 875 7690 1462 873 7691 997 11 7692 1465 11 7693 3739 11 7694 3797 28 7695 3371 28 7696 3791 28 7697 1101 451 7698 1094 194 7699 3299 192 7700 1424 644 7701 1101 451 7702 845 452 7703 3305 7 7704 1100 7 7705 1113 7 7706 1104 7 7707 1105 7 7708 3305 7 7709 3380 1409 7710 1446 1409 7711 1445 1409 7712 2753 877 7713 3406 457 7714 3357 454 7715 3322 176 7716 1098 157 7717 1099 158 7718 3406 457 7719 3407 257 7720 3365 258 7721 3408 878 7722 3409 304 7723 3343 305 7724 3411 879 7725 3408 878 7726 3359 459 7727 1444 7 7728 1439 7 7729 3380 7 7730 3295 660 7731 3296 473 7732 1096 461 7733 3358 463 7734 1111 725 7735 3242 282 7736 3356 1410 7737 3285 1410 7738 1448 1410 7739 1447 469 7740 3352 471 7741 3376 468 7742 1425 199 7743 1097 886 7744 3255 885 7745 3352 471 7746 1116 261 7747 1115 262 7748 1097 886 7749 1442 267 7750 3302 266 7751 3296 473 7752 1441 179 7753 1440 645 7754 1450 1411 7755 1102 1411 7756 3403 1411 7757 3354 475 7758 3358 463 7759 1117 881 7760 908 887 7761 906 388 7762 3661 387 7763 3645 336 7764 3635 888 7765 1262 477 7766 3635 888 7767 3634 364 7768 905 363 7769 3629 480 7770 3630 332 7771 904 333 7772 915 482 7773 3629 480 7774 804 481 7775 1272 7 7776 1271 7 7777 3664 7 7778 1268 1412 7779 1269 1412 7780 3627 1412 7781 1270 7 7782 1250 7 7783 922 7 7784 3631 889 7785 3632 496 7786 3657 485 7787 3620 1413 7788 901 1413 7789 3640 1413 7790 3616 891 7791 920 68 7792 1254 571 7793 911 892 7794 912 622 7795 917 141 7796 3640 1414 7797 1248 1414 7798 913 1414 7799 907 893 7800 1266 27 7801 3669 26 7802 3664 1415 7803 909 1415 7804 3614 1415 7805 3632 496 7806 1273 76 7807 902 77 7808 919 497 7809 3616 891 7810 1274 489 7811 3653 335 7812 805 39 7813 1261 40 7814 1016 7 7815 1354 7 7816 1012 7 7817 1348 162 7818 1352 274 7819 1351 275 7820 3723 1416 7821 3345 1416 7822 831 1416 7823 831 1417 7824 3681 1417 7825 3717 1417 7826 1014 166 7827 1345 507 7828 3700 501 7829 3745 502 7830 1017 613 7831 1026 130 7832 3689 503 7833 3693 133 7834 828 132 7835 1019 504 7836 3718 20 7837 3674 535 7838 1360 506 7839 1022 719 7840 1361 720 7841 1345 507 7842 830 127 7843 1023 126 7844 3686 1418 7845 3344 1418 7846 3722 1418 7847 1018 509 7848 1019 504 7849 1004 899 7850 3724 510 7851 1029 534 7852 1341 19 7853 3684 1419 7854 1340 1419 7855 1028 1419 7856 1358 513 7857 3724 510 7858 3695 511 7859 1356 514 7860 1021 123 7861 1344 122 7862 3726 7 7863 1355 7 7864 3684 7 7865 998 167 7866 1356 514 7867 1349 515 7868 3721 7 7869 3673 7 7870 3686 7 7871 1552 594 7872 1217 1420 7873 1550 905 7874 1214 1421 7875 3089 1421 7876 3087 1421 7877 2809 1422 7878 2807 1422 7879 2857 1422 7880 2998 1192 7881 2985 1192 7882 3074 1192 7883 3043 38 7884 3051 38 7885 3045 38 7886 1508 38 7887 3565 38 7888 3560 38 7889</p>
        </triangles>
      </mesh>
    </geometry>
  </library_geometries>
  <library_visual_scenes>
    <visual_scene id="Scene" name="Scene">
      <node id="gear_front_hi_002" name="gear_front_hi_002" type="NODE">
        <matrix sid="transform">1 0 0 -0.03273059 0 1 0 29.59029 0 0 1 -6.22307 0 0 0 1</matrix>
        <instance_geometry url="#gear_front_hi_002-mesh" name="gear_front_hi_002">
          <bind_material>
            <technique_common>
              <instance_material symbol="fuselage-material" target="#fuselage-material">
                <bind_vertex_input semantic="gear_front_hi_002-mesh-map-0" input_semantic="TEXCOORD" input_set="0"/>
              </instance_material>
            </technique_common>
          </bind_material>
        </instance_geometry>
      </node>
      <node id="gear_back_hi_000" name="gear_back_hi_000" type="NODE">
        <matrix sid="transform">1 0 0 0 0 1 0 0 0 0 1 -1.329998 0 0 0 1</matrix>
        <instance_geometry url="#gear_back_hi_000-mesh" name="gear_back_hi_000">
          <bind_material>
            <technique_common>
              <instance_material symbol="fuselage-material" target="#fuselage-material">
                <bind_vertex_input semantic="gear_back_hi_000-mesh-map-0" input_semantic="TEXCOORD" input_set="0"/>
              </instance_material>
            </technique_common>
          </bind_material>
        </instance_geometry>
      </node>
      <node id="fuselage_med" name="fuselage_med" type="NODE">
        <matrix sid="transform">0.9999999 0 0 0 0 -2.8213e-7 -1 0 0 1 -2.8213e-7 0 0 0 0 1</matrix>
        <instance_geometry url="#fuselage_med-mesh" name="fuselage_med">
          <bind_material>
            <technique_common>
              <instance_material symbol="fuselage-material" target="#fuselage-material">
                <bind_vertex_input semantic="fuselage_med-mesh-map-0" input_semantic="TEXCOORD" input_set="0"/>
              </instance_material>
            </technique_common>
          </bind_material>
        </instance_geometry>
      </node>
      <node id="Engines_med" name="Engines_med" type="NODE">
        <matrix sid="transform">0.9999999 0 0 -0.0257204 0 -2.8213e-7 -1 -24.18573 0 1 -2.8213e-7 -1.33754 0 0 0 1</matrix>
        <instance_geometry url="#Engines_med-mesh" name="Engines_med">
          <bind_material>
            <technique_common>
              <instance_material symbol="fuselage-material" target="#fuselage-material">
                <bind_vertex_input semantic="Engines_med-mesh-map-0" input_semantic="TEXCOORD" input_set="0"/>
              </instance_material>
            </technique_common>
          </bind_material>
        </instance_geometry>
      </node>
      <node id="cargo_med" name="cargo_med" type="NODE">
        <matrix sid="transform">0.9999999 0 0 0 0 -2.8213e-7 -1 0 0 1 -2.8213e-7 0 0 0 0 1</matrix>
        <instance_geometry url="#cargo_med-mesh" name="cargo_med">
          <bind_material>
            <technique_common>
              <instance_material symbol="fuselage-material" target="#fuselage-material">
                <bind_vertex_input semantic="cargo_med-mesh-map-0" input_semantic="TEXCOORD" input_set="0"/>
              </instance_material>
            </technique_common>
          </bind_material>
        </instance_geometry>
      </node>
    </visual_scene>
  </library_visual_scenes>
  <scene>
    <instance_visual_scene url="#Scene"/>
  </scene>
</COLLADA>